user_id,login_frequency,session_duration,search_count,recommendation_requests,movies_clicked,favorites_added,ratings_given,satisfaction_score,days_since_last_login,avg_rating_given,genre_Action,genre_Comedy,genre_Documentary,genre_Drama,genre_Horror,genre_Romance,genre_Sci-Fi,genre_Thriller,churn
U0001,16,34.2,25,11,7,2,3,3,23,3.4,0,0,0,0,0,0,1,0,0
U0002,17,27.3,17,10,5,1,2,2,25,2.8,1,0,0,0,0,0,0,0,1
U0003,19,34.0,21,11,7,1,4,3,21,3.5,0,0,1,0,0,0,0,0,0
U0004,12,15.5,11,4,1,0,0,2,39,2.7,0,1,0,0,0,0,0,0,1
U0005,23,49.0,35,17,13,5,8,5,8,3.9,0,0,0,0,0,1,0,0,0
U0006,10,14.5,8,5,2,0,0,2,41,2.3,0,0,0,0,1,0,0,0,1
U0007,22,46.5,29,16,11,4,5,4,11,3.6,1,0,0,0,0,0,0,0,0
U0008,11,15.2,13,6,2,0,0,2,34,2.6,1,0,0,0,0,0,0,0,0
U0009,15,25.5,18,9,4,1,2,3,32,2.9,0,0,0,0,1,0,0,0,1
U0010,18,43.3,28,15,10,3,5,4,16,3.9,0,0,0,0,0,1,0,0,0
U0011,25,42.8,29,19,13,5,6,5,4,4.8,1,0,0,0,0,0,0,0,0
U0012,7,10.3,9,4,1,0,1,2,43,2.2,0,0,0,0,0,1,0,0,1
U0013,17,33.7,24,12,7,2,3,4,19,3.3,0,0,0,0,0,1,0,0,0
U0014,18,35.6,23,10,6,2,2,3,26,3.0,0,0,0,1,0,0,0,0,1
U0015,8,20.2,8,7,3,1,1,2,42,2.2,0,0,1,0,0,0,0,0,1
U0016,19,31.1,22,14,9,3,4,3,23,3.6,0,0,0,0,0,0,0,1,0
U0017,9,13.7,10,4,2,0,1,2,44,1.9,0,0,0,1,0,0,0,0,1
U0018,17,28.9,20,12,6,2,2,2,28,2.8,1,0,0,0,0,0,0,0,0
U0019,12,22.7,17,8,3,1,1,2,33,2.8,0,0,1,0,0,0,0,0,1
U0020,15,24.7,18,9,4,2,1,3,29,2.9,1,0,0,0,0,0,0,0,1
U0021,11,20.2,16,9,4,1,1,2,33,3.0,0,1,0,0,0,0,0,0,1
U0022,22,35.1,26,15,9,4,4,4,19,3.5,0,0,0,0,0,0,1,0,0
U0023,9,9.7,10,4,3,1,1,2,37,2.2,1,0,0,0,0,0,0,0,1
U0024,19,25.6,21,11,7,2,3,3,30,3.6,0,0,0,0,0,0,0,1,0
U0025,10,16.9,16,8,4,1,1,2,35,2.9,1,0,0,0,0,0,0,0,1
U0026,14,27.1,13,7,4,1,2,2,34,2.5,1,0,0,0,0,0,0,0,1
U0027,17,35.0,23,13,9,3,4,4,24,3.0,0,0,0,0,0,0,1,0,1
U0028,14,21.2,16,7,3,0,0,3,32,2.4,0,0,0,0,0,0,0,1,1
U0029,11,22.3,14,8,3,0,2,2,31,2.7,0,0,0,0,0,0,1,0,1
U0030,13,27.7,23,9,5,2,2,3,25,3.4,0,0,0,0,0,0,1,0,0
U0031,8,13.8,8,5,1,1,0,2,35,2.0,0,0,0,1,0,0,0,0,1
U0032,13,17.0,14,8,3,2,1,3,30,2.9,0,0,0,1,0,0,0,0,1
U0033,17,32.9,23,12,8,2,3,3,29,3.2,0,1,0,0,0,0,0,0,1
U0034,6,8.9,7,4,2,0,0,2,48,1.8,1,0,0,0,0,0,0,0,1
U0035,5,7.2,8,3,2,0,2,1,47,2.0,0,0,0,0,1,0,0,0,1
U0036,11,18.9,16,9,5,1,1,2,31,2.9,0,0,0,0,0,0,1,0,1
U0037,16,31.9,25,13,7,2,2,3,22,3.5,1,0,0,0,0,0,0,0,1
U0038,26,50.9,32,18,13,4,7,4,10,4.2,0,1,0,0,0,0,0,0,0
U0039,10,24.1,12,8,5,1,2,3,33,3.1,0,0,0,0,1,0,0,0,1
U0040,4,13.6,3,3,1,0,1,2,45,2.3,0,0,1,0,0,0,0,0,1
U0041,2,4.5,4,3,0,0,0,2,48,1.9,0,0,0,0,0,1,0,0,1
U0042,13,21.6,14,8,4,1,1,2,35,2.6,0,0,0,0,0,0,0,1,1
U0043,28,43.6,33,18,13,5,6,5,7,4.6,0,0,0,0,1,0,0,0,0
U0044,5,5.4,8,3,1,0,1,1,40,1.9,0,0,0,0,0,0,1,0,1
U0045,11,21.4,17,10,5,1,1,2,36,2.8,0,0,0,0,0,0,1,0,0
U0046,17,34.0,22,12,5,1,1,3,27,3.3,0,0,0,0,0,1,0,0,0
U0047,10,20.9,10,8,4,0,1,2,35,2.7,0,0,0,1,0,0,0,0,1
U0048,22,38.1,27,13,9,2,4,4,16,4.1,0,0,0,0,0,1,0,0,0
U0049,19,31.9,25,16,10,3,4,4,21,3.9,0,1,0,0,0,0,0,0,0
U0050,5,11.8,9,3,3,0,0,2,49,2.2,0,1,0,0,0,0,0,0,1
U0051,19,33.5,22,11,6,1,3,3,22,3.4,0,0,0,0,0,1,0,0,0
U0052,18,30.8,25,12,7,2,3,4,26,3.1,0,0,0,0,0,0,0,1,0
U0053,14,25.7,21,8,4,1,1,3,32,2.8,0,0,0,1,0,0,0,0,1
U0054,7,12.5,11,8,3,1,1,3,37,2.2,0,0,0,0,0,0,0,1,1
U0055,24,44.7,27,16,11,4,5,4,11,4.2,0,0,1,0,0,0,0,0,0
U0056,7,12.3,5,5,2,0,0,2,49,2.0,0,0,0,0,1,0,0,0,1
U0057,8,14.0,11,4,3,1,1,2,38,2.9,0,0,0,0,0,0,0,1,1
U0058,18,31.9,25,14,9,3,3,4,19,3.3,0,0,0,0,0,0,0,1,0
U0059,17,37.8,27,12,7,3,4,4,21,3.5,0,0,0,0,0,0,1,0,0
U0060,26,44.4,30,16,10,3,4,4,15,3.8,0,0,0,0,0,1,0,0,0
U0061,7,19.1,12,5,4,0,1,2,38,2.1,0,0,0,0,1,0,0,0,1
U0062,22,44.7,30,15,10,3,4,4,15,3.7,1,0,0,0,0,0,0,0,0
U0063,15,27.0,16,12,8,1,4,2,32,2.9,0,0,0,0,0,0,1,0,1
U0064,14,29.2,21,9,5,1,1,2,24,3.3,0,1,0,0,0,0,0,0,1
U0065,16,28.4,17,8,4,1,2,2,26,2.8,0,0,0,0,0,0,1,0,1
U0066,22,38.6,26,15,11,4,5,4,11,3.9,1,0,0,0,0,0,0,0,0
U0067,5,7.5,7,5,2,1,0,2,40,1.9,0,0,0,0,0,1,0,0,1
U0068,4,4.4,4,3,1,0,0,1,42,2.3,0,0,0,0,0,0,1,0,1
U0069,23,41.8,31,15,10,4,6,5,15,4.1,0,0,0,0,1,0,0,0,0
U0070,18,34.2,23,12,8,3,4,3,19,3.2,0,0,1,0,0,0,0,0,0
U0071,26,39.9,30,17,12,4,5,4,9,3.9,0,0,1,0,0,0,0,0,0
U0072,21,39.6,27,13,8,2,3,4,19,3.6,1,0,0,0,0,0,0,0,0
U0073,10,19.9,16,7,5,1,1,3,37,3.0,0,0,0,1,0,0,0,0,1
U0074,22,40.0,27,12,8,3,3,4,16,3.8,0,0,0,0,0,0,0,1,0
U0075,18,32.3,26,13,8,3,3,3,13,3.9,0,0,0,0,0,1,0,0,0
U0076,12,18.3,12,5,3,1,2,2,36,3.0,1,0,0,0,0,0,0,0,1
U0077,13,30.6,19,12,7,2,4,3,32,3.5,0,0,0,0,1,0,0,0,1
U0078,8,14.4,11,6,2,0,1,2,40,2.3,0,0,0,1,0,0,0,0,1
U0079,21,38.1,33,17,12,5,5,4,12,3.9,0,0,0,0,0,0,1,0,0
U0080,27,54.2,33,19,15,6,9,5,2,4.6,0,0,1,0,0,0,0,0,0
U0081,30,51.8,33,18,14,5,6,5,5,4.1,0,0,0,0,1,0,0,0,0
U0082,8,12.9,7,4,2,0,1,2,44,2.2,0,0,0,1,0,0,0,0,1
U0083,19,34.2,23,12,7,2,3,3,27,3.2,0,0,0,0,0,0,0,1,0
U0084,27,49.7,34,17,13,5,7,5,4,4.3,0,0,0,0,0,1,0,0,0
U0085,7,25.1,15,8,4,1,1,3,33,2.7,0,0,0,0,0,1,0,0,1
U0086,20,39.4,23,16,10,3,5,4,23,3.5,0,0,0,0,0,0,1,0,0
U0087,8,12.5,8,3,2,1,1,2,40,2.5,1,0,0,0,0,0,0,0,1
U0088,19,37.4,25,13,8,2,3,4,23,3.5,0,1,0,0,0,0,0,0,0
U0089,13,29.5,17,8,5,1,2,2,32,2.7,0,1,0,0,0,0,0,0,1
U0090,13,28.8,19,10,6,1,3,3,29,2.8,0,1,0,0,0,0,0,0,0
U0091,19,36.2,24,13,8,3,4,4,26,3.4,1,0,0,0,0,0,0,0,0
U0092,15,25.0,20,12,7,1,2,4,27,3.4,0,0,0,0,0,1,0,0,1
U0093,22,40.6,26,16,12,4,5,3,19,3.9,0,0,0,1,0,0,0,0,0
U0094,17,33.3,19,10,6,2,2,3,22,2.9,0,0,0,0,0,1,0,0,0
U0095,2,6.4,7,3,0,0,0,2,54,2.0,0,0,1,0,0,0,0,0,1
U0096,18,32.7,22,12,8,2,4,3,22,3.9,0,1,0,0,0,0,0,0,1
U0097,19,38.0,25,15,8,2,4,3,19,3.8,0,0,0,1,0,0,0,0,0
U0098,20,39.5,26,14,8,3,3,3,10,3.7,1,0,0,0,0,0,0,0,0
U0099,20,40.8,25,14,9,4,4,4,16,3.5,0,1,0,0,0,0,0,0,0
U0100,20,31.6,28,12,7,2,3,4,21,3.3,0,0,0,0,0,0,0,1,0
U0101,9,16.9,15,8,4,1,1,3,31,2.7,0,1,0,0,0,0,0,0,1
U0102,15,24.1,16,9,7,1,3,3,27,2.6,0,0,0,0,0,0,0,1,0
U0103,13,27.3,12,9,5,1,1,3,43,2.6,0,1,0,0,0,0,0,0,1
U0104,20,39.0,26,13,8,3,3,3,15,3.6,0,0,1,0,0,0,0,0,0
U0105,16,32.7,21,12,6,2,3,3,25,3.6,0,0,0,1,0,0,0,0,1
U0106,21,43.2,29,15,10,3,4,4,11,3.4,1,0,0,0,0,0,0,0,0
U0107,13,19.2,15,9,4,0,1,2,29,2.7,0,0,0,1,0,0,0,0,1
U0108,17,23.6,19,10,6,2,3,3,27,3.4,0,0,0,1,0,0,0,0,1
U0109,15,22.6,17,11,6,2,2,2,32,2.8,0,0,0,1,0,0,0,0,1
U0110,24,51.1,35,18,14,4,7,5,4,4.6,0,0,0,1,0,0,0,0,0
U0111,27,48.1,36,18,14,5,7,5,5,4.5,0,0,0,0,1,0,0,0,0
U0112,4,2.8,6,3,2,1,1,1,51,1.7,0,0,0,0,0,0,0,1,1
U0113,8,12.8,9,4,1,0,0,2,39,2.4,0,1,0,0,0,0,0,0,1
U0114,8,9.7,10,6,2,1,1,2,44,2.1,0,0,0,0,0,1,0,0,1
U0115,2,2.7,3,2,0,0,0,1,45,1.7,0,0,0,1,0,0,0,0,1
U0116,21,38.6,27,16,12,4,6,4,11,4.0,1,0,0,0,0,0,0,0,0
U0117,22,40.5,24,14,10,3,4,4,14,4.0,0,0,1,0,0,0,0,0,0
U0118,22,36.6,31,14,9,2,4,4,15,3.8,1,0,0,0,0,0,0,0,0
U0119,18,34.9,22,12,6,3,2,3,22,3.1,0,0,0,0,0,0,1,0,0
U0120,19,29.4,22,12,7,2,2,3,22,2.9,0,0,0,0,1,0,0,0,0
U0121,26,48.5,33,17,12,5,6,4,9,4.4,0,0,0,1,0,0,0,0,0
U0122,15,25.3,18,10,5,2,2,3,33,2.4,1,0,0,0,0,0,0,0,1
U0123,5,14.0,4,6,3,1,1,2,40,2.3,0,0,0,1,0,0,0,0,1
U0124,23,37.9,25,14,9,3,3,3,22,3.4,0,0,0,0,0,0,0,1,0
U0125,16,31.9,24,12,6,2,2,3,23,3.2,0,0,1,0,0,0,0,0,1
U0126,4,11.7,6,3,1,0,1,2,46,2.0,1,0,0,0,0,0,0,0,1
U0127,11,21.8,17,7,2,1,1,2,31,2.7,0,0,0,0,0,0,1,0,1
U0128,17,34.0,23,12,8,2,3,3,21,3.4,0,0,0,0,0,1,0,0,0
U0129,25,47.7,34,18,14,5,8,4,10,4.6,0,0,0,0,0,0,1,0,0
U0130,13,25.4,16,9,5,2,1,3,33,2.9,0,0,0,0,0,0,1,0,1
U0131,10,15.1,12,8,4,2,1,2,37,2.8,0,0,0,0,1,0,0,0,1
U0132,23,40.4,29,17,11,3,5,4,8,3.8,0,0,0,0,0,0,0,1,0
U0133,11,16.9,12,9,4,1,2,3,35,2.4,0,0,0,0,1,0,0,0,1
U0134,3,3.0,1,2,2,0,0,1,50,1.9,0,1,0,0,0,0,0,0,1
U0135,18,34.9,26,12,8,3,4,4,18,3.6,0,0,0,0,0,0,0,1,0
U0136,16,30.2,22,14,9,2,3,4,23,3.4,1,0,0,0,0,0,0,0,0
U0137,17,28.7,25,11,7,2,3,3,24,3.3,0,0,0,0,0,1,0,0,0
U0138,21,40.3,28,16,12,4,6,4,15,4.1,0,0,0,0,0,1,0,0,0
U0139,19,34.6,21,13,10,3,4,3,20,3.6,0,0,0,0,0,0,0,1,0
U0140,17,30.4,23,10,5,1,3,3,26,3.1,0,0,0,1,0,0,0,0,1
U0141,13,31.7,17,7,3,1,2,2,27,2.8,0,0,0,1,0,0,0,0,1
U0142,9,17.8,11,8,3,1,2,2,43,2.5,0,1,0,0,0,0,0,0,1
U0143,4,6.5,6,2,0,1,0,2,48,1.8,0,0,0,1,0,0,0,0,1
U0144,20,32.9,25,11,7,2,3,4,22,3.4,0,1,0,0,0,0,0,0,0
U0145,19,30.4,18,11,7,2,2,4,28,3.6,0,0,0,0,0,0,0,1,0
U0146,11,17.8,11,6,3,1,0,3,38,2.7,0,0,0,0,0,1,0,0,0
U0147,2,8.1,8,3,0,0,0,1,47,1.8,0,0,0,0,0,0,1,0,1
U0148,12,29.7,16,10,7,2,3,3,30,3.2,0,0,0,0,0,0,0,1,1
U0149,20,32.4,26,13,7,2,2,4,12,3.9,0,0,1,0,0,0,0,0,0
U0150,18,34.5,25,13,7,1,3,4,11,3.7,0,1,0,0,0,0,0,0,0
U0151,9,16.7,8,7,4,1,0,2,43,2.0,0,0,0,0,0,0,1,0,1
U0152,12,18.6,15,6,3,1,1,3,33,2.8,1,0,0,0,0,0,0,0,1
U0153,7,10.4,10,6,2,1,1,2,37,2.1,0,0,0,0,0,0,1,0,1
U0154,7,7.1,5,2,1,0,0,2,47,2.0,0,0,0,0,0,0,1,0,1
U0155,29,52.3,31,17,13,5,7,4,5,4.6,0,0,0,0,0,1,0,0,0
U0156,8,17.0,14,8,5,1,2,2,31,2.5,0,0,0,0,0,0,1,0,1
U0157,21,41.0,28,13,8,3,4,4,16,3.9,1,0,0,0,0,0,0,0,0
U0158,13,21.2,16,10,5,1,2,2,38,2.3,1,0,0,0,0,0,0,0,1
U0159,21,33.5,25,11,8,3,3,4,20,3.6,0,0,0,0,0,0,1,0,0
U0160,21,36.4,25,11,6,1,2,4,18,4.0,0,0,0,0,0,1,0,0,0
U0161,16,28.1,20,11,6,1,2,3,25,3.8,1,0,0,0,0,0,0,0,0
U0162,19,33.7,25,12,7,2,3,3,20,3.8,1,0,0,0,0,0,0,0,0
U0163,20,32.5,24,12,6,1,3,3,20,3.5,0,0,0,0,0,1,0,0,0
U0164,21,38.0,24,15,10,3,5,4,15,3.9,0,0,1,0,0,0,0,0,0
U0165,8,14.6,8,3,1,0,0,2,46,2.0,0,0,0,0,0,0,0,1,1
U0166,7,18.9,11,6,4,1,1,2,41,2.4,1,0,0,0,0,0,0,0,1
U0167,29,56.4,38,20,16,6,8,5,5,4.7,0,1,0,0,0,0,0,0,0
U0168,4,5.8,6,0,0,0,0,1,53,1.5,0,0,0,0,0,1,0,0,1
U0169,9,20.5,9,7,4,0,1,2,40,2.6,0,0,0,0,0,0,0,1,1
U0170,19,39.4,24,13,7,2,3,4,24,3.5,1,0,0,0,0,0,0,0,0
U0171,19,34.1,21,14,8,2,2,4,23,3.3,0,1,0,0,0,0,0,0,0
U0172,22,38.7,29,15,10,3,5,4,14,3.4,0,0,0,0,0,1,0,0,0
U0173,18,40.2,24,12,7,3,3,3,18,3.7,0,1,0,0,0,0,0,0,0
U0174,23,40.1,31,17,12,5,5,4,12,4.2,0,0,0,1,0,0,0,0,0
U0175,7,13.5,8,6,2,0,0,2,43,2.4,0,0,0,0,1,0,0,0,1
U0176,0,0.0,3,3,0,0,0,1,45,1.6,0,0,1,0,0,0,0,0,1
U0177,25,44.8,28,16,12,4,5,4,15,4.1,0,0,0,0,0,1,0,0,0
U0178,9,14.7,16,8,4,2,1,2,34,2.6,0,1,0,0,0,0,0,0,1
U0179,11,17.5,11,4,4,1,1,2,39,2.5,0,1,0,0,0,0,0,0,1
U0180,24,50.0,32,16,10,3,5,4,13,4.0,0,1,0,0,0,0,0,0,0
U0181,9,22.4,12,7,5,2,2,2,34,2.6,1,0,0,0,0,0,0,0,1
U0182,8,14.4,10,5,3,1,1,2,36,2.6,1,0,0,0,0,0,0,0,1
U0183,17,25.0,24,11,6,2,2,3,28,3.7,0,1,0,0,0,0,0,0,0
U0184,20,35.6,26,12,7,3,3,3,12,3.8,0,0,0,0,0,0,1,0,0
U0185,15,30.2,19,9,4,1,1,4,29,2.9,0,0,0,0,0,0,1,0,0
U0186,22,46.5,32,15,11,4,5,4,16,3.9,0,0,0,1,0,0,0,0,0
U0187,8,14.6,7,4,0,0,0,2,46,2.1,0,1,0,0,0,0,0,0,1
U0188,21,41.6,28,15,9,3,4,4,16,4.0,0,0,0,0,0,0,1,0,0
U0189,25,51.9,31,17,11,4,5,4,7,4.1,1,0,0,0,0,0,0,0,0
U0190,18,29.7,21,13,9,2,3,4,27,3.3,1,0,0,0,0,0,0,0,1
U0191,20,31.0,24,14,9,3,4,3,20,3.7,0,0,0,1,0,0,0,0,0
U0192,8,9.3,8,6,2,1,0,2,42,2.5,0,0,0,0,0,0,0,1,1
U0193,29,54.0,36,19,14,5,8,5,2,4.5,0,0,0,0,0,0,1,0,0
U0194,10,17.9,13,7,3,1,2,2,33,3.0,0,0,0,0,0,0,1,0,1
U0195,14,27.2,20,8,5,1,3,2,34,3.5,0,0,0,1,0,0,0,0,0
U0196,26,44.0,35,17,11,4,5,5,9,3.9,0,0,0,0,0,0,1,0,0
U0197,8,19.0,12,6,3,1,1,2,38,2.4,0,1,0,0,0,0,0,0,1
U0198,17,27.9,22,9,5,1,1,3,24,2.9,0,0,0,0,0,0,0,1,0
U0199,6,13.5,8,7,3,1,1,2,39,2.7,0,0,0,0,0,0,1,0,1
U0200,21,36.3,30,15,9,3,4,4,20,3.4,0,0,0,0,0,1,0,0,0
U0201,25,39.1,30,15,11,4,4,4,13,3.9,1,0,0,0,0,0,0,0,0
U0202,6,12.8,9,5,1,0,1,2,51,2.9,1,0,0,0,0,0,0,0,1
U0203,1,8.4,6,2,1,0,0,2,47,2.1,1,0,0,0,0,0,0,0,1
U0204,1,0.0,3,1,2,0,0,2,52,1.5,0,0,0,0,0,0,0,1,1
U0205,6,23.4,12,6,4,0,2,2,41,2.5,0,0,0,0,0,0,0,1,1
U0206,15,27.1,15,9,6,1,3,3,30,2.6,1,0,0,0,0,0,0,0,0
U0207,24,46.4,35,18,14,5,7,4,6,4.3,0,0,0,0,0,0,1,0,0
U0208,22,29.3,20,9,6,1,1,3,25,3.4,0,0,0,0,0,1,0,0,0
U0209,18,34.7,23,10,4,1,2,3,29,3.0,1,0,0,0,0,0,0,0,0
U0210,22,38.0,29,20,12,4,5,4,11,3.9,0,0,0,1,0,0,0,0,0
U0211,20,33.3,23,10,5,2,2,3,20,3.9,0,0,0,0,1,0,0,0,0
U0212,12,23.6,16,7,3,1,1,2,35,3.1,0,0,0,0,0,0,1,0,1
U0213,8,19.5,11,7,4,1,1,2,35,2.9,0,1,0,0,0,0,0,0,1
U0214,21,38.5,31,14,8,2,4,4,13,3.8,0,0,0,0,0,1,0,0,0
U0215,22,40.9,27,13,7,2,2,4,20,3.6,0,0,0,0,1,0,0,0,0
U0216,4,9.8,6,5,2,0,1,2,47,2.2,0,1,0,0,0,0,0,0,1
U0217,17,25.4,23,11,6,2,2,4,24,3.1,0,0,0,0,0,0,1,0,0
U0218,12,23.5,12,6,4,0,1,2,33,2.8,1,0,0,0,0,0,0,0,1
U0219,24,42.1,26,17,12,4,6,4,12,4.3,1,0,0,0,0,0,0,0,0
U0220,7,12.6,7,4,2,0,0,2,45,2.8,0,0,0,0,0,0,0,1,1
U0221,23,40.9,30,13,9,3,5,4,11,3.5,0,0,0,0,0,0,0,1,0
U0222,28,46.9,34,18,13,5,6,5,3,4.6,0,0,0,0,0,1,0,0,0
U0223,12,23.0,15,6,3,0,1,2,36,2.6,0,0,0,0,0,1,0,0,1
U0224,14,22.0,19,11,6,1,2,3,28,3.4,0,1,0,0,0,0,0,0,0
U0225,18,29.2,22,13,7,2,2,3,22,3.4,0,0,0,0,0,0,0,1,0
U0226,13,33.4,20,11,7,1,2,3,23,3.3,0,0,0,0,0,1,0,0,0
U0227,7,8.5,5,2,0,0,0,2,49,2.2,0,1,0,0,0,0,0,0,1
U0228,11,17.4,12,6,4,1,1,2,37,2.9,0,0,0,1,0,0,0,0,1
U0229,21,41.3,26,12,8,2,3,4,15,3.8,1,0,0,0,0,0,0,0,0
U0230,15,27.2,18,11,6,1,2,3,28,3.0,1,0,0,0,0,0,0,0,1
U0231,26,41.2,31,16,10,4,5,4,7,4.0,0,0,0,0,0,0,1,0,0
U0232,19,43.0,27,14,8,2,3,4,15,3.7,0,0,0,0,0,0,0,1,0
U0233,12,27.2,15,8,3,1,1,3,31,3.0,1,0,0,0,0,0,0,0,1
U0234,10,19.0,11,5,1,0,0,3,35,3.0,1,0,0,0,0,0,0,0,1
U0235,6,10.6,8,3,0,0,0,1,44,1.7,1,0,0,0,0,0,0,0,1
U0236,9,11.6,8,3,1,0,1,2,46,2.5,0,0,0,0,0,1,0,0,1
U0237,14,28.6,18,10,6,2,2,4,29,3.2,1,0,0,0,0,0,0,0,1
U0238,13,25.6,17,10,5,0,2,3,30,2.6,0,0,0,1,0,0,0,0,1
U0239,12,25.4,21,9,2,1,0,3,35,2.5,0,1,0,0,0,0,0,0,1
U0240,20,42.7,24,13,8,2,3,3,6,3.7,0,0,0,0,0,0,0,1,0
U0241,17,33.0,19,11,7,1,3,3,27,3.2,0,0,0,0,0,0,0,1,0
U0242,21,36.2,24,16,9,4,3,4,17,3.8,0,0,1,0,0,0,0,0,0
U0243,15,31.5,20,9,5,1,1,3,28,3.6,0,0,0,0,0,1,0,0,0
U0244,14,29.1,14,12,6,2,3,2,32,2.6,0,0,1,0,0,0,0,0,1
U0245,15,28.1,19,10,7,2,2,3,24,2.8,0,0,0,0,0,0,0,1,0
U0246,11,21.9,14,7,3,0,1,2,38,2.3,0,0,0,0,0,0,1,0,1
U0247,25,45.3,31,19,14,5,7,4,10,4.5,0,0,0,0,1,0,0,0,0
U0248,12,16.8,15,7,3,1,1,2,33,2.9,1,0,0,0,0,0,0,0,1
U0249,22,38.4,23,12,5,1,1,4,24,3.4,0,0,0,0,1,0,0,0,0
U0250,12,14.6,16,6,3,1,1,2,37,2.5,0,1,0,0,0,0,0,0,1
U0251,24,50.6,33,16,10,4,5,4,7,4.1,0,0,0,0,0,0,1,0,0
U0252,8,11.2,8,3,0,0,0,2,38,2.1,0,0,0,0,0,1,0,0,1
U0253,7,19.3,6,4,3,1,2,2,35,2.6,1,0,0,0,0,0,0,0,1
U0254,19,37.3,28,11,10,4,4,4,16,4.1,0,0,1,0,0,0,0,0,0
U0255,17,32.8,23,11,6,2,3,3,26,3.0,0,0,0,0,1,0,0,0,0
U0256,12,21.5,17,6,2,0,1,3,31,2.6,0,0,0,0,0,0,1,0,1
U0257,20,33.5,20,14,9,2,3,3,21,3.5,1,0,0,0,0,0,0,0,0
U0258,13,25.7,18,9,4,1,2,3,31,2.3,0,0,0,0,0,0,0,1,0
U0259,11,20.8,16,6,3,1,1,2,40,3.0,0,0,0,1,0,0,0,0,1
U0260,12,23.6,17,10,6,1,2,2,34,2.8,0,0,1,0,0,0,0,0,1
U0261,22,42.1,30,15,10,3,6,4,7,4.0,0,0,0,1,0,0,0,0,0
U0262,21,36.2,25,13,7,2,3,4,23,3.4,0,0,0,0,0,0,1,0,0
U0263,18,31.3,22,14,9,3,3,4,18,3.6,0,0,0,0,0,0,1,0,0
U0264,15,24.3,19,10,4,1,2,3,24,3.1,0,1,0,0,0,0,0,0,0
U0265,12,25.9,19,9,3,0,1,3,29,3.0,0,0,0,0,0,0,0,1,1
U0266,11,18.3,14,8,4,1,1,3,39,2.8,0,0,0,1,0,0,0,0,1
U0267,24,40.6,27,16,11,4,5,4,10,4.1,0,0,0,1,0,0,0,0,0
U0268,2,12.4,8,5,3,0,1,2,44,1.7,0,0,0,0,1,0,0,0,1
U0269,5,9.6,2,3,0,0,0,1,45,1.9,1,0,0,0,0,0,0,0,1
U0270,18,35.3,25,13,9,3,3,4,17,3.8,0,0,0,1,0,0,0,0,0
U0271,13,22.2,13,8,5,2,1,2,33,2.7,1,0,0,0,0,0,0,0,1
U0272,24,40.6,28,16,11,4,5,4,6,4.3,0,1,0,0,0,0,0,0,0
U0273,19,32.9,29,13,8,2,4,4,16,4.0,0,0,0,0,0,0,1,0,0
U0274,17,27.0,15,9,4,1,2,2,28,3.2,1,0,0,0,0,0,0,0,1
U0275,23,34.7,24,12,7,2,3,4,19,3.8,0,1,0,0,0,0,0,0,0
U0276,22,38.8,28,14,8,3,4,4,13,3.9,0,0,0,0,1,0,0,0,0
U0277,23,41.6,24,14,10,4,4,4,13,3.8,0,0,0,0,0,0,1,0,0
U0278,13,30.7,19,9,5,1,1,3,27,2.9,1,0,0,0,0,0,0,0,1
U0279,2,7.8,5,3,1,0,0,2,45,2.4,0,0,1,0,0,0,0,0,1
U0280,3,7.8,0,2,1,0,0,1,53,1.8,0,0,1,0,0,0,0,0,1
U0281,22,41.8,31,17,11,4,6,4,14,3.9,1,0,0,0,0,0,0,0,0
U0282,17,28.7,16,11,5,1,1,3,26,3.0,0,0,0,0,1,0,0,0,1
U0283,10,18.9,12,6,2,0,0,3,36,2.5,0,0,0,0,0,0,0,1,1
U0284,17,33.6,21,10,5,1,2,3,21,3.4,0,0,0,0,1,0,0,0,1
U0285,17,32.8,22,10,6,2,2,4,24,3.3,0,0,1,0,0,0,0,0,0
U0286,18,30.3,21,13,8,2,3,3,23,3.0,0,0,0,0,0,0,1,0,0
U0287,10,23.1,14,6,3,1,1,3,34,2.8,0,1,0,0,0,0,0,0,1
U0288,21,36.7,20,12,9,3,4,4,18,3.5,0,0,0,0,1,0,0,0,0
U0289,7,11.7,7,5,3,0,0,2,41,2.1,0,0,0,0,0,0,0,1,1
U0290,14,26.0,13,8,3,1,1,3,31,2.7,0,0,0,1,0,0,0,0,1
U0291,8,16.6,13,7,2,0,1,2,41,2.2,0,0,0,1,0,0,0,0,1
U0292,20,34.5,26,12,7,2,4,4,18,3.8,0,0,0,1,0,0,0,0,0
U0293,10,14.7,12,6,2,0,0,2,42,2.7,0,0,1,0,0,0,0,0,1
U0294,6,15.2,10,1,0,0,0,2,45,2.2,0,0,0,0,0,1,0,0,1
U0295,20,30.0,18,13,8,2,3,4,28,3.4,1,0,0,0,0,0,0,0,1
U0296,17,33.8,25,9,6,2,3,3,23,3.0,1,0,0,0,0,0,0,0,0
U0297,6,13.0,8,7,2,0,1,2,45,2.3,1,0,0,0,0,0,0,0,1
U0298,21,40.7,25,14,8,2,4,4,15,4.2,0,0,0,0,0,0,1,0,0
U0299,11,33.0,18,10,7,2,3,3,29,3.0,0,0,0,0,0,1,0,0,1
U0300,11,23.8,13,8,4,1,1,3,27,2.3,0,0,0,0,0,0,0,1,1
U0301,1,6.5,6,0,0,0,0,1,47,1.9,0,0,0,0,0,0,0,1,1
U0302,23,34.3,25,13,9,3,3,3,17,3.1,0,1,0,0,0,0,0,0,0
U0303,17,28.5,22,11,7,2,3,3,31,3.0,0,0,0,1,0,0,0,0,0
U0304,18,38.2,20,11,6,2,3,3,27,3.2,0,1,0,0,0,0,0,0,0
U0305,18,37.0,26,15,10,3,5,3,19,3.9,0,1,0,0,0,0,0,0,0
U0306,3,6.2,6,0,1,1,0,2,47,1.9,0,0,0,1,0,0,0,0,1
U0307,14,23.1,18,8,5,2,1,3,31,2.6,1,0,0,0,0,0,0,0,1
U0308,27,43.5,27,15,11,2,5,4,10,3.9,0,0,1,0,0,0,0,0,0
U0309,6,17.6,10,5,1,1,0,2,44,2.0,0,0,0,0,1,0,0,0,1
U0310,12,29.1,19,9,5,1,1,3,28,3.0,0,0,0,0,0,1,0,0,1
U0311,4,5.7,7,3,2,0,0,1,48,2.0,0,0,0,0,0,0,0,1,1
U0312,18,32.6,23,15,9,2,4,3,22,3.5,0,0,0,0,0,1,0,0,0
U0313,14,27.2,22,10,5,1,1,3,29,3.2,0,0,1,0,0,0,0,0,1
U0314,21,38.4,25,12,8,3,3,4,17,3.6,0,1,0,0,0,0,0,0,0
U0315,18,28.1,21,13,6,1,3,4,20,3.1,0,0,0,1,0,0,0,0,0
U0316,22,45.6,30,16,11,4,5,5,11,3.6,0,0,0,0,0,0,1,0,0
U0317,27,48.6,34,18,12,5,6,4,10,4.0,0,0,0,0,0,0,1,0,0
U0318,7,10.9,7,3,2,0,1,2,46,2.5,0,0,0,0,0,1,0,0,1
U0319,14,30.6,21,10,5,2,1,3,20,3.2,0,0,0,1,0,0,0,0,0
U0320,26,48.1,30,14,11,4,5,4,11,4.2,0,1,0,0,0,0,0,0,0
U0321,14,24.4,20,11,5,2,2,3,30,2.7,0,0,0,0,0,0,0,1,0
U0322,25,51.9,33,19,13,5,7,4,3,4.2,1,0,0,0,0,0,0,0,0
U0323,11,23.3,15,9,5,1,2,3,31,3.0,1,0,0,0,0,0,0,0,1
U0324,19,37.0,31,14,9,3,4,4,15,3.8,0,1,0,0,0,0,0,0,0
U0325,25,48.2,34,19,14,6,7,4,10,4.3,1,0,0,0,0,0,0,0,0
U0326,7,15.2,9,3,2,1,1,2,48,2.4,1,0,0,0,0,0,0,0,1
U0327,17,22.1,17,9,5,2,2,3,33,3.3,0,0,0,0,0,1,0,0,1
U0328,25,49.7,32,15,9,4,4,4,3,4.3,0,0,0,0,0,0,0,1,0
U0329,18,39.5,28,13,8,2,4,4,19,4.1,0,0,0,0,0,0,1,0,0
U0330,17,31.6,24,12,6,2,3,3,24,3.5,1,0,0,0,0,0,0,0,0
U0331,23,39.6,26,14,8,2,4,4,21,3.6,0,1,0,0,0,0,0,0,0
U0332,17,29.4,21,14,7,1,3,4,21,3.2,1,0,0,0,0,0,0,0,0
U0333,20,30.9,21,12,6,2,3,3,20,3.4,0,0,1,0,0,0,0,0,0
U0334,18,32.5,23,11,6,2,2,3,20,3.3,1,0,0,0,0,0,0,0,0
U0335,12,22.4,7,8,3,1,1,2,29,3.0,1,0,0,0,0,0,0,0,1
U0336,18,28.2,17,9,5,1,3,4,26,3.5,0,0,0,0,0,0,1,0,0
U0337,26,45.8,34,17,14,5,7,5,10,4.3,0,0,0,1,0,0,0,0,0
U0338,8,19.6,7,8,5,2,1,2,37,2.7,0,0,0,0,1,0,0,0,1
U0339,22,42.6,35,17,11,4,5,4,11,4.1,0,0,0,0,0,1,0,0,0
U0340,17,27.4,19,11,5,2,2,3,22,3.2,0,0,0,0,1,0,0,0,1
U0341,21,41.9,27,15,10,2,5,4,17,3.8,0,0,0,0,0,0,1,0,0
U0342,23,37.2,30,17,11,3,6,4,13,4.0,1,0,0,0,0,0,0,0,0
U0343,19,37.2,25,13,8,3,4,4,18,4.1,1,0,0,0,0,0,0,0,0
U0344,12,18.2,16,7,2,0,1,3,37,3.2,1,0,0,0,0,0,0,0,0
U0345,25,41.2,30,17,12,4,5,4,8,4.5,0,0,0,0,0,1,0,0,0
U0346,24,40.2,24,15,10,4,4,4,15,3.7,0,0,0,0,0,0,1,0,0
U0347,15,30.2,21,12,6,2,3,3,24,3.0,0,0,1,0,0,0,0,0,0
U0348,16,28.8,22,13,8,2,5,3,12,3.5,0,0,0,0,0,0,1,0,1
U0349,11,22.2,13,8,4,1,1,2,33,2.2,0,1,0,0,0,0,0,0,1
U0350,23,37.2,23,14,8,2,4,3,14,3.6,1,0,0,0,0,0,0,0,0
U0351,23,38.9,33,17,12,4,6,4,8,4.3,0,0,0,1,0,0,0,0,0
U0352,8,18.4,8,6,2,0,1,2,45,2.1,0,1,0,0,0,0,0,0,1
U0353,8,13.4,13,4,2,0,0,2,30,2.5,0,0,0,0,0,0,1,0,1
U0354,20,30.7,26,11,6,2,3,4,14,3.8,1,0,0,0,0,0,0,0,0
U0355,6,14.6,12,5,2,0,0,2,42,2.5,0,0,0,0,0,1,0,0,1
U0356,13,26.1,21,11,7,2,3,3,28,3.0,0,0,0,0,0,0,1,0,0
U0357,16,26.8,19,9,4,1,1,3,30,3.2,0,0,0,0,0,0,1,0,1
U0358,10,13.0,15,7,2,0,1,2,37,3.0,0,0,1,0,0,0,0,0,1
U0359,21,36.9,23,17,12,4,5,4,14,4.0,0,0,0,0,0,0,1,0,0
U0360,20,34.6,27,15,11,4,5,4,17,3.8,0,0,0,0,0,1,0,0,0
U0361,18,30.8,24,9,6,2,3,3,12,3.3,1,0,0,0,0,0,0,0,0
U0362,15,27.6,19,10,6,2,2,3,30,3.1,0,0,1,0,0,0,0,0,1
U0363,16,34.1,26,13,9,3,4,4,23,3.7,0,1,0,0,0,0,0,0,0
U0364,1,7.3,3,1,1,0,0,1,53,1.9,0,0,0,0,0,0,0,1,1
U0365,5,16.0,10,4,2,0,0,1,44,2.7,0,0,1,0,0,0,0,0,1
U0366,17,31.1,24,10,6,2,2,4,25,3.1,1,0,0,0,0,0,0,0,1
U0367,15,17.7,15,8,5,1,2,3,28,3.1,1,0,0,0,0,0,0,0,1
U0368,21,33.5,26,13,8,3,3,3,23,3.9,0,1,0,0,0,0,0,0,0
U0369,16,27.4,19,13,7,3,4,3,23,3.1,1,0,0,0,0,0,0,0,1
U0370,10,19.4,12,8,4,2,1,3,41,2.8,0,0,0,0,0,0,1,0,1
U0371,23,36.5,27,13,9,3,4,4,15,4.5,0,1,0,0,0,0,0,0,0
U0372,14,20.2,16,9,5,1,2,3,38,3.0,1,0,0,0,0,0,0,0,1
U0373,15,18.8,19,9,4,1,1,3,33,2.9,0,0,0,0,1,0,0,0,0
U0374,27,46.7,33,17,13,5,7,4,4,4.3,1,0,0,0,0,0,0,0,0
U0375,4,8.8,8,2,0,0,1,1,47,2.4,0,1,0,0,0,0,0,0,1
U0376,10,21.4,16,10,5,1,2,3,34,2.6,0,1,0,0,0,0,0,0,1
U0377,14,28.3,18,11,7,2,3,3,30,2.9,1,0,0,0,0,0,0,0,0
U0378,13,21.9,15,8,5,1,2,2,32,2.6,1,0,0,0,0,0,0,0,1
U0379,11,17.3,12,8,4,2,2,2,35,2.6,0,0,0,0,0,1,0,0,1
U0380,13,26.1,16,12,6,2,3,3,33,2.7,1,0,0,0,0,0,0,0,1
U0381,13,18.6,13,8,4,1,1,3,34,3.2,1,0,0,0,0,0,0,0,1
U0382,22,35.7,27,15,11,4,6,4,13,3.7,0,0,0,0,0,0,1,0,0
U0383,1,0.0,4,1,0,0,0,1,50,1.9,1,0,0,0,0,0,0,0,1
U0384,19,30.6,22,11,7,2,3,3,17,3.2,0,0,0,1,0,0,0,0,1
U0385,14,20.9,13,9,5,1,1,2,31,2.8,1,0,0,0,0,0,0,0,1
U0386,17,26.5,24,11,8,2,3,4,25,3.3,0,0,0,1,0,0,0,0,0
U0387,20,36.7,25,13,9,2,4,4,20,3.3,0,1,0,0,0,0,0,0,0
U0388,9,15.2,10,7,3,1,0,2,42,2.3,0,0,0,0,0,0,1,0,1
U0389,20,28.8,23,12,6,2,3,3,28,3.6,0,0,0,0,0,0,0,1,0
U0390,4,7.8,6,1,1,0,1,2,54,1.9,0,0,0,0,0,0,1,0,1
U0391,4,7.8,7,2,1,0,0,2,43,2.2,0,0,1,0,0,0,0,0,1
U0392,21,39.1,26,15,8,3,2,4,15,3.7,0,0,0,0,0,1,0,0,0
U0393,13,29.9,18,8,6,2,1,3,30,3.0,0,0,1,0,0,0,0,0,0
U0394,24,42.4,31,16,11,4,5,4,13,3.6,1,0,0,0,0,0,0,0,0
U0395,16,32.3,21,9,6,2,1,3,34,3.4,0,0,1,0,0,0,0,0,0
U0396,10,19.3,15,9,4,1,3,3,34,2.9,0,1,0,0,0,0,0,0,1
U0397,14,23.5,15,11,6,2,3,3,31,3.0,0,1,0,0,0,0,0,0,0
U0398,12,26.5,14,8,4,1,1,3,32,3.1,0,0,0,1,0,0,0,0,1
U0399,11,20.0,17,8,4,1,2,2,35,3.0,0,0,0,0,0,1,0,0,1
U0400,6,14.9,9,6,2,1,1,3,46,2.4,0,0,1,0,0,0,0,0,1
U0401,20,35.1,23,15,11,3,5,4,22,3.5,0,0,0,0,0,0,0,1,1
U0402,19,28.0,21,11,7,2,3,3,21,3.4,1,0,0,0,0,0,0,0,0
U0403,23,49.1,26,16,10,3,4,5,14,3.9,0,1,0,0,0,0,0,0,0
U0404,17,27.5,21,12,7,1,2,3,26,3.3,0,0,0,1,0,0,0,0,1
U0405,24,41.6,29,17,10,3,4,4,17,3.9,0,0,0,1,0,0,0,0,0
U0406,12,20.6,19,8,3,0,2,3,38,2.9,0,1,0,0,0,0,0,0,1
U0407,12,27.6,19,8,4,1,1,3,27,2.7,0,0,0,0,1,0,0,0,0
U0408,25,45.9,32,16,12,4,6,4,9,4.3,0,1,0,0,0,0,0,0,0
U0409,21,33.8,31,14,7,2,3,4,15,4.0,0,0,0,0,0,0,0,1,0
U0410,21,38.6,24,14,10,3,5,4,19,3.6,0,0,0,1,0,0,0,0,0
U0411,4,13.9,5,5,1,0,0,2,42,2.0,0,0,0,0,1,0,0,0,1
U0412,17,34.5,22,11,6,2,2,3,27,3.1,0,0,0,0,0,0,1,0,0
U0413,26,42.5,28,17,13,4,6,4,10,4.3,0,0,0,1,0,0,0,0,0
U0414,18,37.4,25,12,9,2,4,4,20,3.8,0,0,0,0,0,0,1,0,0
U0415,22,36.1,29,13,8,3,4,3,18,3.7,0,1,0,0,0,0,0,0,0
U0416,26,39.7,32,14,11,4,4,4,9,3.9,1,0,0,0,0,0,0,0,0
U0417,6,12.4,12,6,3,0,0,2,41,2.0,0,0,0,0,0,0,0,1,1
U0418,8,18.0,13,6,5,1,1,3,37,3.0,0,0,0,0,1,0,0,0,1
U0419,25,42.2,32,17,11,4,5,5,10,4.0,0,0,0,0,1,0,0,0,0
U0420,18,31.3,22,13,9,2,3,3,23,3.6,0,0,0,0,0,0,0,1,1
U0421,3,2.0,7,0,0,0,0,1,54,2.1,0,0,0,0,0,0,1,0,1
U0422,4,8.3,5,1,0,0,0,1,46,1.6,0,0,0,0,0,0,1,0,1
U0423,15,21.1,18,8,4,1,1,2,32,2.7,0,0,0,0,0,1,0,0,1
U0424,17,36.8,20,14,7,2,2,4,15,3.5,1,0,0,0,0,0,0,0,1
U0425,13,21.1,11,6,2,0,0,2,33,2.5,0,0,0,1,0,0,0,0,1
U0426,15,28.8,18,9,5,1,2,2,32,2.9,0,1,0,0,0,0,0,0,0
U0427,10,13.9,15,5,2,1,1,2,37,2.6,1,0,0,0,0,0,0,0,1
U0428,15,28.5,22,9,6,2,2,3,28,3.3,0,0,0,0,0,1,0,0,0
U0429,4,2.9,5,1,1,0,1,1,44,1.8,1,0,0,0,0,0,0,0,1
U0430,17,37.1,24,12,8,3,4,3,10,3.5,0,1,0,0,0,0,0,0,0
U0431,16,24.7,22,10,4,1,2,3,23,3.2,0,0,0,0,1,0,0,0,0
U0432,20,37.3,26,12,6,2,2,4,19,3.8,0,0,0,0,0,0,1,0,0
U0433,4,4.8,5,2,0,0,0,2,47,1.5,0,0,0,0,0,0,0,1,1
U0434,10,22.7,14,9,4,1,1,3,38,2.7,0,1,0,0,0,0,0,0,1
U0435,24,47.5,33,15,10,3,5,4,3,4.3,0,0,0,0,0,0,0,1,0
U0436,12,23.1,17,8,5,1,0,2,28,2.8,1,0,0,0,0,0,0,0,1
U0437,21,36.8,26,14,9,3,4,4,15,3.4,0,0,0,0,0,0,1,0,0
U0438,14,27.4,19,10,5,1,1,3,27,2.8,0,1,0,0,0,0,0,0,0
U0439,12,20.6,14,6,3,1,1,2,40,2.6,0,0,0,1,0,0,0,0,1
U0440,28,51.2,35,21,16,6,8,5,3,4.5,1,0,0,0,0,0,0,0,0
U0441,17,36.9,24,13,9,3,5,3,22,3.1,0,0,0,0,0,0,1,0,0
U0442,28,50.4,33,19,14,5,6,5,11,4.2,0,0,0,0,1,0,0,0,0
U0443,8,14.2,9,6,4,1,1,2,36,2.7,0,0,0,1,0,0,0,0,1
U0444,6,9.6,10,5,2,0,0,1,48,2.1,1,0,0,0,0,0,0,0,1
U0445,20,36.0,28,12,9,2,4,3,19,3.7,0,0,1,0,0,0,0,0,0
U0446,17,33.8,20,10,6,2,2,3,25,3.2,0,0,0,1,0,0,0,0,0
U0447,14,25.3,17,9,5,1,1,3,29,3.2,1,0,0,0,0,0,0,0,1
U0448,20,39.8,24,13,7,3,3,3,20,3.8,0,1,0,0,0,0,0,0,0
U0449,12,24.1,17,10,3,0,1,3,27,2.9,1,0,0,0,0,0,0,0,1
U0450,10,14.5,11,9,3,1,1,2,34,2.2,0,1,0,0,0,0,0,0,1
U0451,7,14.1,7,6,3,1,1,2,39,2.4,1,0,0,0,0,0,0,0,1
U0452,16,26.1,20,11,7,2,3,3,27,2.9,0,0,0,0,1,0,0,0,1
U0453,6,11.2,11,7,3,0,1,2,44,2.5,0,1,0,0,0,0,0,0,1
U0454,24,45.2,32,18,13,4,7,4,10,4.2,0,0,0,1,0,0,0,0,0
U0455,20,38.9,29,15,10,3,4,4,21,3.5,0,0,0,0,0,0,1,0,0
U0456,24,38.7,26,14,10,4,4,4,16,3.5,0,0,0,0,0,0,1,0,0
U0457,25,44.9,30,16,11,3,5,4,11,4.4,0,0,1,0,0,0,0,0,0
U0458,17,31.8,23,11,7,2,3,3,20,3.5,0,0,1,0,0,0,0,0,0
U0459,9,20.7,12,7,4,2,2,3,35,2.6,0,0,0,0,0,0,0,1,1
U0460,7,18.2,7,3,2,1,1,2,40,2.3,0,0,0,0,0,1,0,0,1
U0461,14,31.3,18,10,6,2,3,3,27,3.0,0,0,0,1,0,0,0,0,1
U0462,6,12.9,10,5,2,1,1,2,44,1.9,0,0,0,1,0,0,0,0,1
U0463,7,15.3,9,5,2,1,2,2,38,2.3,1,0,0,0,0,0,0,0,1
U0464,6,10.9,10,8,3,1,1,2,44,2.2,0,0,0,0,0,0,1,0,1
U0465,21,32.0,27,14,9,3,4,4,20,3.6,0,1,0,0,0,0,0,0,0
U0466,9,20.4,13,10,4,1,0,2,36,2.3,1,0,0,0,0,0,0,0,1
U0467,17,29.5,16,11,6,1,3,3,22,3.0,1,0,0,0,0,0,0,0,1
U0468,8,12.4,9,8,3,1,2,2,42,2.8,0,0,0,0,0,0,1,0,1
U0469,10,18.6,13,6,3,1,1,2,32,2.6,0,1,0,0,0,0,0,0,1
U0470,21,33.6,28,13,8,2,4,3,15,3.9,0,0,0,0,0,1,0,0,0
U0471,5,11.3,6,1,0,0,1,2,44,2.2,0,0,0,0,1,0,0,0,1
U0472,18,32.9,26,11,8,3,4,3,15,3.5,0,0,0,1,0,0,0,0,0
U0473,20,42.7,29,14,11,4,5,4,15,3.7,0,0,0,0,0,1,0,0,0
U0474,20,38.5,23,13,8,2,3,4,17,3.7,0,0,0,1,0,0,0,0,0
U0475,10,15.9,11,6,4,2,1,2,40,2.3,0,0,0,0,0,1,0,0,1
U0476,12,20.2,15,12,5,2,2,3,26,3.1,0,1,0,0,0,0,0,0,1
U0477,10,16.8,11,6,2,1,1,2,43,2.3,0,0,1,0,0,0,0,0,1
U0478,13,28.0,13,10,5,1,2,3,27,3.1,0,0,1,0,0,0,0,0,1
U0479,19,35.3,20,12,6,2,2,3,25,3.4,0,0,0,1,0,0,0,0,1
U0480,17,33.3,23,11,7,2,3,3,19,3.6,0,1,0,0,0,0,0,0,0
U0481,16,29.6,21,12,7,2,3,3,21,3.2,0,0,0,0,0,0,1,0,0
U0482,10,19.1,11,5,2,0,1,3,33,2.9,0,0,0,0,0,0,0,1,0
U0483,8,11.0,10,6,5,1,2,2,33,3.0,0,0,1,0,0,0,0,0,1
U0484,25,41.3,27,16,11,4,5,4,11,3.8,0,0,0,0,0,1,0,0,0
U0485,19,35.2,26,12,8,2,3,3,17,3.7,0,0,0,0,0,1,0,0,0
U0486,22,41.0,28,16,11,4,5,5,9,3.9,0,0,0,0,0,0,1,0,0
U0487,20,35.0,25,13,8,2,4,4,17,3.4,0,0,0,1,0,0,0,0,0
U0488,4,8.9,4,2,2,1,0,2,45,1.8,0,0,1,0,0,0,0,0,1
U0489,22,41.3,30,16,10,4,5,4,13,3.7,0,0,0,1,0,0,0,0,0
U0490,13,27.2,19,10,5,1,2,3,32,2.8,0,0,0,1,0,0,0,0,1
U0491,25,41.8,30,18,13,5,7,4,6,3.9,0,1,0,0,0,0,0,0,0
U0492,10,22.4,13,7,4,1,1,2,30,3.0,0,1,0,0,0,0,0,0,1
U0493,28,53.8,36,17,13,5,6,5,3,4.6,1,0,0,0,0,0,0,0,0
U0494,17,30.3,17,11,7,3,3,3,25,3.3,0,0,0,0,0,0,1,0,1
U0495,15,21.5,18,11,5,2,2,3,35,2.7,0,0,0,0,0,0,0,1,1
U0496,22,40.8,28,12,9,3,3,4,11,4.0,0,0,0,1,0,0,0,0,0
U0497,5,12.0,4,6,2,0,1,1,46,2.0,0,0,1,0,0,0,0,0,1
U0498,6,19.2,12,3,1,0,0,3,38,2.7,0,0,0,0,0,0,1,0,1
U0499,19,33.2,26,13,8,2,2,4,17,3.7,0,1,0,0,0,0,0,0,0
U0500,18,29.0,16,12,7,2,2,4,23,3.1,0,0,0,1,0,0,0,0,1
U0501,4,6.5,6,6,1,0,0,2,47,2.3,0,0,0,0,0,0,0,1,1
U0502,27,42.3,30,17,13,5,6,4,5,4.1,0,0,0,0,0,0,0,1,0
U0503,16,37.2,24,12,7,2,3,4,17,3.2,0,1,0,0,0,0,0,0,0
U0504,16,27.4,19,10,6,1,3,3,30,2.8,0,1,0,0,0,0,0,0,1
U0505,4,8.8,6,3,0,0,0,2,49,2.3,0,1,0,0,0,0,0,0,1
U0506,19,36.2,28,11,7,2,3,4,17,3.9,0,0,1,0,0,0,0,0,0
U0507,2,8.4,5,3,2,1,0,1,50,1.7,0,0,0,1,0,0,0,0,1
U0508,23,31.9,24,14,10,3,5,4,20,3.7,0,0,0,1,0,0,0,0,0
U0509,9,10.3,8,7,3,0,1,2,40,2.0,0,0,0,0,0,0,1,0,1
U0510,30,55.9,36,19,14,5,7,5,3,4.8,1,0,0,0,0,0,0,0,0
U0511,10,22.8,16,9,4,2,1,3,33,2.7,0,0,0,0,0,0,1,0,1
U0512,13,22.1,17,9,6,2,1,3,31,2.7,0,0,0,0,0,0,1,0,1
U0513,19,32.6,23,13,9,3,4,3,24,3.3,1,0,0,0,0,0,0,0,0
U0514,9,16.8,13,8,2,1,1,3,34,2.5,0,1,0,0,0,0,0,0,1
U0515,23,46.2,30,16,10,4,5,4,7,3.8,0,0,0,1,0,0,0,0,0
U0516,15,31.4,21,11,5,1,3,3,23,3.5,0,0,0,0,0,1,0,0,0
U0517,3,2.6,6,4,1,0,0,1,46,1.6,0,0,0,0,0,0,1,0,1
U0518,2,9.6,7,1,0,0,0,1,46,2.5,0,0,0,0,1,0,0,0,1
U0519,22,44.2,33,16,10,4,6,4,12,4.3,0,0,0,0,1,0,0,0,0
U0520,12,23.5,14,6,4,1,2,3,33,2.8,0,0,0,0,0,0,0,1,1
U0521,15,24.7,17,7,5,1,1,3,30,3.6,0,0,0,0,0,0,1,0,1
U0522,12,23.5,14,8,4,1,2,2,32,2.8,0,0,0,0,1,0,0,0,1
U0523,11,15.8,14,6,3,1,1,2,37,2.2,0,0,0,0,0,1,0,0,1
U0524,17,22.7,21,12,7,2,2,3,29,3.3,0,0,0,1,0,0,0,0,1
U0525,12,19.3,15,8,3,1,1,3,36,2.6,0,0,0,1,0,0,0,0,1
U0526,26,48.2,36,20,16,6,9,5,2,4.8,0,0,0,1,0,0,0,0,0
U0527,15,26.0,14,9,4,0,1,3,30,2.6,0,0,0,0,0,0,0,1,1
U0528,6,16.0,10,4,4,1,1,3,34,2.1,0,0,0,1,0,0,0,0,1
U0529,17,37.2,19,10,5,2,3,3,21,3.3,0,1,0,0,0,0,0,0,1
U0530,14,30.0,21,10,6,1,2,3,23,3.4,0,0,0,0,0,0,0,1,0
U0531,8,14.4,5,5,1,0,0,3,46,2.1,0,0,0,0,1,0,0,0,1
U0532,21,37.7,29,16,11,4,4,4,13,3.5,0,0,0,0,0,0,0,1,0
U0533,14,22.8,15,7,4,1,2,3,33,2.9,0,1,0,0,0,0,0,0,1
U0534,6,15.0,9,6,2,0,0,2,42,2.5,0,0,0,0,0,1,0,0,1
U0535,14,30.5,24,10,5,2,1,3,28,3.1,0,0,0,0,0,1,0,0,0
U0536,13,25.7,18,8,4,1,2,3,28,2.7,0,0,0,0,0,0,1,0,1
U0537,0,1.7,0,2,0,0,0,1,53,2.1,0,0,0,0,0,0,1,0,1
U0538,29,49.8,33,20,15,6,8,4,7,4.3,0,0,0,0,0,1,0,0,0
U0539,17,25.2,18,8,5,1,2,3,32,2.8,0,0,0,0,0,1,0,0,1
U0540,12,23.9,14,10,6,2,3,2,28,2.7,0,0,0,0,1,0,0,0,1
U0541,15,24.2,17,10,6,1,2,3,36,2.9,0,0,0,0,0,0,0,1,1
U0542,19,37.3,27,13,8,3,4,3,19,3.4,0,0,0,1,0,0,0,0,0
U0543,21,33.2,24,13,10,3,4,4,13,3.9,1,0,0,0,0,0,0,0,0
U0544,19,30.5,22,12,7,2,3,3,22,3.6,0,0,0,0,0,0,1,0,0
U0545,0,0.6,5,0,1,1,1,2,49,1.6,1,0,0,0,0,0,0,0,1
U0546,5,10.4,6,4,2,1,0,2,41,2.0,0,0,0,0,1,0,0,0,1
U0547,21,38.7,23,14,9,3,4,4,20,3.8,0,0,0,1,0,0,0,0,0
U0548,15,28.3,15,12,7,1,3,3,29,3.5,0,0,0,0,1,0,0,0,1
U0549,15,21.4,16,9,4,0,2,3,22,3.2,0,0,0,0,0,0,0,1,0
U0550,19,31.6,21,13,8,2,4,3,22,3.5,0,0,0,1,0,0,0,0,0
U0551,19,27.8,22,11,8,2,4,3,25,3.9,0,0,0,1,0,0,0,0,0
U0552,23,41.5,27,14,10,3,5,4,14,3.8,1,0,0,0,0,0,0,0,0
U0553,16,25.0,18,12,7,2,3,3,24,3.1,1,0,0,0,0,0,0,0,0
U0554,14,25.8,15,10,6,2,2,3,26,2.9,0,0,0,0,0,0,0,1,1
U0555,14,25.3,20,8,4,1,1,3,29,3.1,0,0,0,0,1,0,0,0,1
U0556,17,31.9,19,11,7,2,3,3,24,3.2,0,0,0,0,0,0,0,1,0
U0557,20,30.0,30,14,9,3,4,4,13,3.6,0,0,0,0,1,0,0,0,0
U0558,15,29.2,20,10,4,1,2,3,26,3.1,0,0,1,0,0,0,0,0,0
U0559,25,45.3,35,17,14,5,8,5,7,4.4,1,0,0,0,0,0,0,0,0
U0560,10,25.8,17,7,3,1,1,3,32,2.8,0,0,0,0,0,0,1,0,0
U0561,28,50.4,37,21,17,6,9,4,1,4.6,0,0,0,1,0,0,0,0,0
U0562,8,14.2,8,7,3,0,0,2,40,2.0,0,1,0,0,0,0,0,0,1
U0563,11,17.2,13,8,2,1,1,2,33,2.5,0,1,0,0,0,0,0,0,1
U0564,5,2.8,5,1,0,0,0,1,53,1.9,0,1,0,0,0,0,0,0,1
U0565,6,13.8,7,3,0,0,0,2,47,2.2,0,0,0,0,0,0,1,0,1
U0566,18,36.8,25,12,8,2,4,4,19,3.7,0,0,0,1,0,0,0,0,0
U0567,16,27.9,22,9,5,1,2,3,23,2.9,0,1,0,0,0,0,0,0,1
U0568,19,37.6,22,13,9,2,4,3,20,3.7,0,0,0,0,1,0,0,0,0
U0569,11,25.2,16,9,5,1,2,3,34,2.7,1,0,0,0,0,0,0,0,1
U0570,6,6.3,11,4,1,0,0,2,44,2.3,0,0,0,0,0,0,1,0,1
U0571,13,25.5,15,10,6,1,2,2,31,2.7,0,0,1,0,0,0,0,0,1
U0572,25,43.1,32,14,8,3,3,4,9,4.2,0,0,0,0,0,0,1,0,0
U0573,8,19.5,15,6,3,1,0,3,37,2.7,0,0,0,0,0,0,0,1,0
U0574,15,26.9,17,8,3,1,1,3,28,3.2,1,0,0,0,0,0,0,0,1
U0575,16,25.1,23,12,7,2,3,4,19,4.1,0,0,0,0,0,0,0,1,0
U0576,3,4.7,2,3,1,1,1,1,49,1.9,0,0,0,1,0,0,0,0,1
U0577,16,22.3,24,9,5,1,1,3,26,3.1,0,0,0,0,0,1,0,0,1
U0578,15,26.7,13,11,5,2,3,3,34,3.0,0,0,0,0,0,1,0,0,0
U0579,11,20.0,12,9,6,1,2,2,33,2.7,1,0,0,0,0,0,0,0,1
U0580,11,20.6,14,9,5,1,1,2,36,2.6,0,0,0,0,0,0,0,1,1
U0581,19,35.3,24,14,9,3,4,4,19,4.0,0,0,0,0,1,0,0,0,0
U0582,5,9.0,6,6,2,1,0,2,44,2.0,0,0,0,0,0,0,1,0,1
U0583,24,44.2,29,16,11,4,5,4,9,4.3,0,0,0,0,0,0,0,1,0
U0584,23,43.1,32,17,12,4,6,4,14,4.0,0,0,0,0,1,0,0,0,0
U0585,20,37.9,27,17,11,4,5,5,15,3.7,0,0,1,0,0,0,0,0,0
U0586,4,9.2,3,1,1,0,1,2,49,1.7,0,1,0,0,0,0,0,0,1
U0587,11,15.8,15,6,4,1,1,2,31,2.7,0,1,0,0,0,0,0,0,1
U0588,24,41.1,29,15,11,3,6,4,17,4.1,0,0,0,0,1,0,0,0,0
U0589,19,38.8,25,12,7,2,3,4,19,3.7,0,1,0,0,0,0,0,0,0
U0590,18,41.9,24,13,10,3,4,4,19,3.7,0,0,0,0,1,0,0,0,0
U0591,13,20.7,17,11,7,2,2,2,31,2.9,0,1,0,0,0,0,0,0,1
U0592,16,26.9,17,9,4,2,1,3,25,3.1,1,0,0,0,0,0,0,0,1
U0593,17,27.7,22,10,5,2,2,3,32,3.1,0,0,0,1,0,0,0,0,1
U0594,11,17.1,12,6,4,1,2,2,35,2.2,1,0,0,0,0,0,0,0,1
U0595,18,28.0,19,11,6,2,3,3,24,3.4,0,1,0,0,0,0,0,0,1
U0596,13,28.2,19,9,4,1,1,3,32,2.9,0,0,0,1,0,0,0,0,0
U0597,11,15.4,7,6,3,1,2,2,41,2.2,1,0,0,0,0,0,0,0,1
U0598,24,48.9,34,15,10,4,4,4,8,4.1,1,0,0,0,0,0,0,0,0
U0599,15,25.3,17,9,4,1,1,3,29,3.2,1,0,0,0,0,0,0,0,1
U0600,11,18.3,13,8,2,1,1,2,35,2.8,0,0,0,1,0,0,0,0,1
U0601,17,34.7,22,13,7,2,3,3,24,3.4,0,0,1,0,0,0,0,0,0
U0602,14,26.8,15,9,4,1,2,2,35,2.7,1,0,0,0,0,0,0,0,1
U0603,18,32.1,27,12,7,1,3,3,23,4.0,0,0,0,0,0,0,1,0,0
U0604,23,40.4,25,13,8,3,3,4,20,3.5,0,0,0,0,0,0,0,1,0
U0605,20,36.4,26,13,7,2,3,4,18,3.8,1,0,0,0,0,0,0,0,0
U0606,16,31.6,23,11,6,1,2,3,16,3.2,1,0,0,0,0,0,0,0,0
U0607,26,47.4,35,18,15,5,7,4,6,4.6,0,1,0,0,0,0,0,0,0
U0608,30,49.2,38,20,15,6,8,5,4,4.7,0,0,0,0,0,0,1,0,0
U0609,14,27.4,16,8,4,1,3,3,32,3.0,0,0,1,0,0,0,0,0,1
U0610,28,50.7,33,17,12,4,6,5,2,4.4,0,0,0,0,0,0,0,1,0
U0611,19,28.7,18,8,5,1,1,3,21,2.7,1,0,0,0,0,0,0,0,0
U0612,9,17.8,14,4,2,1,1,2,39,2.5,0,1,0,0,0,0,0,0,1
U0613,7,11.8,7,6,2,0,1,2,38,1.6,0,0,1,0,0,0,0,0,1
U0614,20,36.7,26,12,7,2,4,4,26,3.7,1,0,0,0,0,0,0,0,0
U0615,18,39.9,22,13,7,2,3,4,21,3.5,0,0,0,0,0,0,0,1,0
U0616,27,39.7,28,16,10,3,5,4,11,3.6,1,0,0,0,0,0,0,0,0
U0617,22,36.0,24,13,9,3,3,4,18,3.9,1,0,0,0,0,0,0,0,0
U0618,6,13.0,9,4,2,1,1,2,42,2.3,0,1,0,0,0,0,0,0,1
U0619,9,17.9,16,7,4,1,1,3,35,2.3,0,0,1,0,0,0,0,0,1
U0620,18,34.9,20,14,9,4,3,3,18,3.6,0,0,0,0,0,1,0,0,0
U0621,26,52.1,34,20,14,5,8,5,0,4.5,1,0,0,0,0,0,0,0,0
U0622,26,52.7,37,19,14,5,7,5,2,4.6,1,0,0,0,0,0,0,0,0
U0623,20,32.2,24,12,8,3,3,4,22,3.5,0,0,0,0,0,0,0,1,0
U0624,13,21.5,12,9,4,1,1,2,36,2.7,1,0,0,0,0,0,0,0,1
U0625,11,18.7,11,5,1,0,0,3,44,2.9,0,0,0,1,0,0,0,0,1
U0626,9,19.5,9,7,3,1,1,2,35,2.4,0,0,0,0,0,1,0,0,1
U0627,7,12.6,8,4,3,1,1,2,38,2.4,0,0,0,0,0,0,0,1,1
U0628,27,48.7,32,16,13,5,6,5,6,4.4,0,0,0,0,1,0,0,0,0
U0629,12,21.3,14,5,4,1,2,3,37,2.3,0,0,0,0,0,1,0,0,1
U0630,9,17.6,16,10,4,1,2,2,36,2.8,0,0,0,0,0,0,0,1,1
U0631,25,41.8,27,17,14,6,8,4,9,3.9,0,0,0,0,0,1,0,0,0
U0632,3,2.8,4,1,0,0,0,1,50,2.4,1,0,0,0,0,0,0,0,1
U0633,19,34.4,20,13,9,3,4,4,17,4.0,0,1,0,0,0,0,0,0,0
U0634,11,22.7,13,6,3,0,1,2,34,2.1,0,0,0,0,0,0,1,0,1
U0635,15,33.6,22,9,5,1,2,3,32,3.4,1,0,0,0,0,0,0,0,1
U0636,26,42.6,31,16,12,4,6,4,6,4.2,1,0,0,0,0,0,0,0,0
U0637,4,12.6,9,5,2,1,0,2,43,1.9,0,0,0,1,0,0,0,0,1
U0638,7,16.4,14,7,4,2,0,2,40,2.1,0,0,0,0,1,0,0,0,1
U0639,5,12.0,9,2,0,0,0,2,41,2.1,0,0,1,0,0,0,0,0,1
U0640,22,38.4,28,15,10,3,5,4,14,4.1,0,0,0,0,0,0,1,0,0
U0641,10,16.6,14,6,3,1,1,2,37,3.2,0,0,1,0,0,0,0,0,1
U0642,26,46.2,32,18,13,5,8,5,8,4.4,0,0,0,0,1,0,0,0,0
U0643,12,20.3,16,7,3,1,1,2,33,2.5,0,1,0,0,0,0,0,0,1
U0644,20,39.0,27,12,8,2,3,3,21,4.0,0,0,0,1,0,0,0,0,1
U0645,8,8.9,8,5,1,0,0,2,39,1.9,0,0,0,0,0,0,1,0,1
U0646,17,25.1,21,10,7,2,3,3,23,3.1,1,0,0,0,0,0,0,0,0
U0647,20,38.6,21,14,7,2,2,3,24,3.7,0,1,0,0,0,0,0,0,1
U0648,13,25.9,15,10,5,1,2,3,25,3.2,0,0,0,0,0,1,0,0,1
U0649,14,17.5,13,7,4,1,1,2,40,2.4,0,0,0,1,0,0,0,0,1
U0650,14,27.1,16,8,4,0,2,3,28,3.0,0,0,0,0,1,0,0,0,0
U0651,4,15.1,8,6,2,0,1,2,47,2.4,0,0,0,1,0,0,0,0,1
U0652,21,32.2,20,10,7,2,3,3,27,2.8,0,1,0,0,0,0,0,0,0
U0653,16,34.2,23,11,6,3,3,3,26,2.8,0,1,0,0,0,0,0,0,1
U0654,2,3.9,1,2,2,0,0,1,54,1.2,0,0,0,0,0,0,1,0,1
U0655,16,33.3,20,12,7,2,2,3,28,3.5,0,0,0,1,0,0,0,0,1
U0656,20,32.0,20,11,6,2,2,3,20,3.5,0,1,0,0,0,0,0,0,0
U0657,18,36.2,25,12,8,3,4,4,19,3.9,0,0,0,0,0,0,1,0,0
U0658,11,24.6,15,9,4,1,2,3,31,2.9,0,0,0,1,0,0,0,0,1
U0659,15,32.0,22,10,6,2,2,3,20,4.0,0,0,0,0,1,0,0,0,0
U0660,6,12.6,6,4,2,0,1,2,49,2.2,0,0,0,0,0,0,0,1,1
U0661,23,44.1,33,14,9,2,4,4,13,4.3,0,0,1,0,0,0,0,0,0
U0662,15,32.4,24,11,7,2,3,3,24,3.6,0,0,0,1,0,0,0,0,0
U0663,13,23.9,15,9,3,1,0,3,31,3.0,0,1,0,0,0,0,0,0,1
U0664,11,19.4,10,6,3,1,1,2,37,3.1,0,0,0,0,0,0,1,0,1
U0665,17,32.5,21,13,7,2,3,3,23,3.5,0,0,0,0,0,0,1,0,1
U0666,17,39.0,23,14,8,2,4,3,22,3.4,1,0,0,0,0,0,0,0,0
U0667,8,15.0,6,4,3,1,1,2,41,2.3,0,0,0,0,0,0,1,0,1
U0668,22,41.5,31,16,11,4,5,5,11,4.0,0,1,0,0,0,0,0,0,0
U0669,17,24.1,20,9,5,1,2,3,25,3.0,0,0,1,0,0,0,0,0,1
U0670,12,26.5,19,9,5,2,1,2,30,2.7,0,0,0,0,0,0,0,1,1
U0671,6,15.8,5,5,4,1,1,1,48,2.1,1,0,0,0,0,0,0,0,1
U0672,25,45.1,31,15,10,3,5,4,9,3.8,1,0,0,0,0,0,0,0,0
U0673,13,23.2,14,9,5,2,2,3,28,3.0,0,0,0,0,1,0,0,0,1
U0674,18,32.0,19,11,6,2,2,3,25,3.1,0,0,0,0,1,0,0,0,1
U0675,13,23.9,15,8,5,2,2,3,28,2.8,0,0,0,1,0,0,0,0,1
U0676,2,11.7,7,1,0,0,0,2,47,1.9,1,0,0,0,0,0,0,0,1
U0677,23,41.8,25,13,9,4,4,4,9,3.9,0,0,0,1,0,0,0,0,0
U0678,14,29.1,21,11,6,1,2,3,28,3.7,0,0,0,0,0,1,0,0,1
U0679,9,16.1,12,6,4,1,1,3,36,2.3,0,0,0,0,0,0,1,0,1
U0680,14,32.9,22,10,5,1,3,4,26,3.3,0,0,0,0,1,0,0,0,0
U0681,12,18.0,13,9,6,1,2,2,37,2.7,0,0,0,0,0,1,0,0,1
U0682,13,28.4,16,7,2,0,1,3,25,3.0,0,0,0,1,0,0,0,0,1
U0683,18,36.2,24,14,9,3,4,3,22,3.9,0,0,0,1,0,0,0,0,0
U0684,8,22.5,15,4,2,0,0,3,33,2.6,0,0,0,0,0,0,1,0,1
U0685,15,28.2,18,9,5,1,2,3,28,3.3,0,1,0,0,0,0,0,0,1
U0686,24,54.4,33,14,10,3,4,4,4,4.0,0,0,0,0,1,0,0,0,0
U0687,11,20.1,14,6,3,1,0,2,30,2.3,0,1,0,0,0,0,0,0,1
U0688,8,18.7,13,6,3,1,1,2,39,2.5,0,0,0,0,0,0,0,1,1
U0689,12,22.4,15,8,4,2,2,3,33,2.8,1,0,0,0,0,0,0,0,1
U0690,7,10.7,6,3,2,1,0,1,46,1.9,1,0,0,0,0,0,0,0,1
U0691,28,46.8,32,18,13,5,7,4,7,4.4,1,0,0,0,0,0,0,0,0
U0692,7,11.8,12,5,2,1,0,3,36,2.2,0,0,0,1,0,0,0,0,1
U0693,27,47.4,31,18,14,5,8,5,6,4.2,1,0,0,0,0,0,0,0,0
U0694,9,10.7,8,6,3,1,0,1,44,2.5,0,0,0,1,0,0,0,0,1
U0695,13,34.3,19,9,6,2,3,3,26,2.9,0,1,0,0,0,0,0,0,1
U0696,14,32.5,23,13,7,2,3,3,23,3.7,0,1,0,0,0,0,0,0,0
U0697,16,28.9,23,14,8,3,4,4,21,3.5,0,0,0,1,0,0,0,0,0
U0698,21,41.9,25,16,11,4,5,4,12,4.0,0,0,0,0,1,0,0,0,0
U0699,13,27.5,17,12,8,2,2,3,28,3.3,0,0,0,0,0,1,0,0,1
U0700,14,26.7,16,9,5,1,1,3,28,2.8,0,0,0,0,1,0,0,0,1
U0701,19,40.8,26,14,8,2,3,3,21,3.4,0,0,1,0,0,0,0,0,0
U0702,18,30.1,23,12,7,3,3,4,21,3.4,1,0,0,0,0,0,0,0,0
U0703,13,18.6,21,9,3,0,1,3,32,3.0,0,0,0,0,0,0,1,0,1
U0704,22,47.9,28,15,10,4,5,4,14,3.6,1,0,0,0,0,0,0,0,0
U0705,15,24.0,17,9,5,1,2,3,38,3.1,0,0,1,0,0,0,0,0,1
U0706,15,22.9,20,10,5,1,2,3,26,3.0,0,1,0,0,0,0,0,0,1
U0707,17,33.6,23,12,7,3,3,4,21,3.6,0,0,0,1,0,0,0,0,0
U0708,24,38.8,28,15,11,3,5,4,11,3.9,0,0,1,0,0,0,0,0,0
U0709,9,14.2,12,4,0,0,0,2,41,2.7,0,0,0,0,1,0,0,0,1
U0710,9,22.2,15,6,2,0,1,3,36,2.8,1,0,0,0,0,0,0,0,1
U0711,24,38.0,28,16,12,4,5,3,10,3.6,1,0,0,0,0,0,0,0,0
U0712,22,34.4,27,15,11,3,4,4,13,3.8,0,0,0,0,0,1,0,0,0
U0713,21,38.7,31,16,11,3,5,4,16,3.2,1,0,0,0,0,0,0,0,0
U0714,8,13.0,12,5,2,1,1,2,35,2.3,0,0,0,0,1,0,0,0,1
U0715,15,27.5,19,10,5,1,2,3,28,3.2,0,0,0,0,1,0,0,0,0
U0716,5,8.7,9,4,1,0,1,1,41,1.8,1,0,0,0,0,0,0,0,1
U0717,6,15.0,8,4,2,1,0,2,42,2.4,0,1,0,0,0,0,0,0,1
U0718,22,40.4,30,14,10,4,5,4,12,3.6,1,0,0,0,0,0,0,0,0
U0719,26,50.9,35,18,13,4,7,5,9,4.4,1,0,0,0,0,0,0,0,0
U0720,18,29.9,24,11,5,2,3,3,19,3.5,0,0,0,0,0,0,0,1,0
U0721,15,30.0,17,10,6,2,2,3,30,3.4,0,0,0,0,0,0,1,0,0
U0722,11,24.0,14,5,3,1,1,2,36,2.5,0,0,0,1,0,0,0,0,1
U0723,2,5.4,3,1,1,0,0,1,45,1.8,0,0,0,1,0,0,0,0,1
U0724,27,46.8,35,18,13,5,7,5,12,4.7,0,1,0,0,0,0,0,0,0
U0725,23,36.7,28,15,8,3,4,5,18,4.2,0,1,0,0,0,0,0,0,0
U0726,6,17.3,8,5,1,0,1,2,34,2.0,0,0,0,0,0,0,0,1,1
U0727,19,36.4,23,11,8,1,2,4,19,3.0,0,0,0,0,1,0,0,0,0
U0728,4,9.0,13,6,1,1,0,1,48,2.4,0,0,0,1,0,0,0,0,1
U0729,15,32.8,20,13,8,2,4,3,28,3.5,0,0,1,0,0,0,0,0,1
U0730,17,35.6,29,15,9,3,4,4,18,4.0,1,0,0,0,0,0,0,0,0
U0731,16,26.5,21,12,6,1,2,3,24,3.1,0,0,0,0,0,1,0,0,0
U0732,16,31.1,18,11,8,3,3,4,22,3.3,0,0,0,1,0,0,0,0,1
U0733,9,18.3,13,7,5,1,2,2,41,2.2,0,0,0,0,1,0,0,0,1
U0734,25,45.2,30,18,13,5,6,4,10,4.1,0,0,0,0,1,0,0,0,0
U0735,19,44.3,28,14,9,4,4,4,12,4.1,0,0,0,0,0,0,1,0,0
U0736,13,27.8,14,9,5,1,2,3,35,2.9,0,0,0,1,0,0,0,0,1
U0737,12,19.6,15,7,2,1,1,3,41,2.9,0,0,0,1,0,0,0,0,1
U0738,25,43.8,31,17,13,5,6,4,8,4.4,0,0,0,0,0,0,0,1,0
U0739,18,32.0,26,12,9,3,4,4,19,3.7,0,0,0,1,0,0,0,0,1
U0740,15,30.2,16,8,5,2,3,3,32,3.2,0,0,0,0,0,1,0,0,1
U0741,6,8.6,9,4,1,1,1,2,49,2.0,0,0,0,0,0,1,0,0,1
U0742,12,15.7,15,8,5,1,2,3,39,2.7,1,0,0,0,0,0,0,0,1
U0743,26,39.5,28,17,12,4,6,5,12,3.8,1,0,0,0,0,0,0,0,0
U0744,2,6.7,0,0,0,0,1,2,49,1.4,0,0,0,1,0,0,0,0,1
U0745,4,2.2,4,3,0,0,0,2,51,1.9,0,0,0,0,0,0,1,0,1
U0746,10,19.7,15,8,3,1,1,2,33,2.6,0,1,0,0,0,0,0,0,1
U0747,13,23.7,14,9,6,1,2,3,30,2.7,0,1,0,0,0,0,0,0,1
U0748,25,38.7,28,17,12,4,6,4,12,4.0,0,0,0,1,0,0,0,0,0
U0749,11,22.0,17,6,3,0,1,3,33,3.0,0,0,0,0,0,0,0,1,1
U0750,19,33.2,22,11,7,3,3,4,19,3.8,0,0,0,0,1,0,0,0,0
U0751,19,29.8,26,14,7,2,3,5,16,3.3,0,0,0,0,0,1,0,0,0
U0752,19,35.6,27,12,7,2,4,3,19,4.0,0,0,0,1,0,0,0,0,0
U0753,21,41.4,26,16,11,4,5,4,13,3.9,0,0,0,0,0,1,0,0,0
U0754,20,36.7,22,14,10,4,4,4,15,3.7,0,0,0,0,0,1,0,0,0
U0755,4,10.6,8,2,1,0,0,2,46,1.8,0,0,0,0,0,0,0,1,1
U0756,15,26.0,17,8,3,1,1,3,30,3.0,0,1,0,0,0,0,0,0,1
U0757,24,48.3,31,15,10,4,4,4,11,4.2,0,0,1,0,0,0,0,0,0
U0758,24,39.7,32,16,12,5,6,5,13,3.5,0,0,1,0,0,0,0,0,0
U0759,13,20.1,16,9,4,1,1,3,30,2.9,0,1,0,0,0,0,0,0,1
U0760,23,38.6,30,16,12,4,7,4,15,4.1,0,0,0,0,0,1,0,0,0
U0761,11,18.0,11,8,4,1,1,2,35,2.6,1,0,0,0,0,0,0,0,1
U0762,17,39.2,23,12,8,2,3,4,23,3.2,1,0,0,0,0,0,0,0,0
U0763,14,20.1,14,9,4,1,1,3,34,3.1,0,0,0,1,0,0,0,0,1
U0764,22,41.1,28,15,10,3,5,4,11,4.0,0,0,0,1,0,0,0,0,0
U0765,17,28.2,19,10,5,1,2,3,29,3.2,0,0,0,0,0,0,0,1,0
U0766,15,30.7,25,12,8,3,4,4,23,3.4,0,0,0,1,0,0,0,0,0
U0767,5,15.6,6,5,2,0,0,1,44,2.2,1,0,0,0,0,0,0,0,1
U0768,25,36.6,28,14,9,3,4,4,16,4.1,0,0,0,1,0,0,0,0,0
U0769,12,28.8,18,9,5,1,2,3,31,3.0,0,0,0,0,0,1,0,0,1
U0770,13,24.2,16,9,5,1,2,3,30,3.0,0,0,0,1,0,0,0,0,0
U0771,21,36.8,22,12,8,2,3,4,22,3.8,0,0,0,0,0,0,0,1,0
U0772,24,44.1,33,16,11,4,6,4,11,3.6,0,0,0,0,0,0,1,0,0
U0773,15,29.8,19,11,6,1,2,3,38,3.4,0,0,0,0,0,0,1,0,1
U0774,13,19.3,15,9,4,1,1,2,36,2.7,0,0,0,0,0,0,0,1,1
U0775,12,21.0,18,10,6,1,2,3,23,2.7,1,0,0,0,0,0,0,0,0
U0776,18,42.8,27,13,9,3,3,4,21,3.8,0,0,0,0,1,0,0,0,0
U0777,21,44.8,25,14,10,3,5,4,10,3.8,0,1,0,0,0,0,0,0,0
U0778,18,33.8,28,13,7,3,3,3,17,3.9,0,0,0,1,0,0,0,0,0
U0779,13,22.7,11,8,5,1,2,3,35,2.6,0,0,0,0,0,1,0,0,1
U0780,24,45.3,27,15,10,3,5,4,12,4.0,0,0,0,0,0,1,0,0,0
U0781,21,38.3,23,12,8,3,4,4,12,3.6,0,0,0,0,1,0,0,0,0
U0782,20,32.9,23,12,6,1,2,4,22,3.5,1,0,0,0,0,0,0,0,1
U0783,20,41.5,23,11,8,3,4,4,18,3.4,0,0,0,0,1,0,0,0,0
U0784,18,36.5,26,11,6,2,3,4,23,3.2,0,0,0,0,0,1,0,0,0
U0785,17,33.1,26,15,10,3,4,3,13,3.3,0,0,0,0,0,0,0,1,0
U0786,17,32.2,23,13,8,3,3,3,19,3.5,1,0,0,0,0,0,0,0,0
U0787,5,8.4,6,4,3,1,0,2,46,2.0,0,0,0,0,0,0,0,1,1
U0788,7,10.4,10,5,2,0,1,2,38,2.3,0,1,0,0,0,0,0,0,1
U0789,21,37.9,27,13,10,3,4,4,18,3.7,0,0,1,0,0,0,0,0,0
U0790,2,11.1,6,4,1,1,0,2,44,1.9,0,0,0,0,0,0,1,0,1
U0791,13,23.2,14,8,3,1,1,2,33,3.2,0,0,0,0,0,0,0,1,1
U0792,21,36.1,24,12,8,2,3,3,17,3.4,0,0,0,0,0,1,0,0,0
U0793,23,38.8,28,13,8,3,4,4,16,3.7,0,0,0,0,0,0,0,1,0
U0794,15,34.2,24,11,6,2,2,4,21,3.7,1,0,0,0,0,0,0,0,0
U0795,16,27.5,18,11,7,2,3,3,23,3.4,0,1,0,0,0,0,0,0,1
U0796,9,11.9,12,7,2,1,1,2,38,2.7,0,0,1,0,0,0,0,0,1
U0797,32,59.1,35,17,15,6,8,5,2,4.4,0,0,0,0,1,0,0,0,0
U0798,18,29.4,23,11,6,2,2,3,24,2.9,0,0,0,0,1,0,0,0,0
U0799,26,50.6,36,17,12,4,6,4,7,3.7,1,0,0,0,0,0,0,0,0
U0800,3,5.7,2,1,1,0,0,2,52,1.8,0,1,0,0,0,0,0,0,1
U0801,7,15.5,6,3,1,1,0,2,45,2.6,1,0,0,0,0,0,0,0,1
U0802,14,21.0,16,6,3,0,1,3,33,2.7,0,0,0,0,0,1,0,0,1
U0803,19,38.0,29,13,8,3,4,4,17,3.6,1,0,0,0,0,0,0,0,0
U0804,19,30.3,20,12,8,2,4,4,21,3.3,0,0,0,1,0,0,0,0,0
U0805,11,19.6,12,7,4,1,2,2,42,2.6,0,1,0,0,0,0,0,0,1
U0806,22,37.3,24,14,8,2,4,4,14,3.7,0,0,1,0,0,0,0,0,0
U0807,12,19.8,14,8,4,1,1,2,38,2.8,0,0,0,0,0,0,0,1,1
U0808,10,18.9,13,8,3,1,0,3,37,2.4,0,0,0,0,0,1,0,0,1
U0809,11,20.0,10,5,3,0,1,3,45,2.8,0,0,0,0,0,0,0,1,1
U0810,13,28.9,16,8,6,1,2,2,30,3.2,0,0,0,0,0,0,1,0,0
U0811,12,28.6,16,9,6,2,2,3,29,2.8,0,0,0,1,0,0,0,0,0
U0812,24,41.1,27,15,9,3,5,3,13,3.6,0,1,0,0,0,0,0,0,0
U0813,5,11.5,9,3,0,0,0,2,43,1.8,0,0,0,1,0,0,0,0,1
U0814,13,28.0,18,9,5,1,2,2,33,3.1,0,1,0,0,0,0,0,0,1
U0815,11,26.7,14,11,4,1,2,3,32,2.8,0,0,0,0,0,0,1,0,1
U0816,21,42.5,30,13,9,3,4,4,15,3.8,0,0,0,1,0,0,0,0,0
U0817,19,31.5,26,13,9,3,4,3,19,3.6,0,0,0,0,0,0,0,1,0
U0818,26,38.1,29,17,12,4,5,5,13,3.7,0,0,0,0,0,1,0,0,0
U0819,10,19.5,14,6,3,1,0,3,34,2.9,0,1,0,0,0,0,0,0,1
U0820,25,46.0,29,17,12,4,6,4,6,4.1,0,0,0,1,0,0,0,0,0
U0821,15,30.0,23,13,9,3,4,4,26,3.4,0,0,0,0,0,0,0,1,0
U0822,11,20.9,19,7,3,1,1,2,30,2.6,1,0,0,0,0,0,0,0,1
U0823,6,9.8,9,3,0,0,0,2,42,1.9,1,0,0,0,0,0,0,0,1
U0824,26,47.2,31,16,11,4,5,4,7,4.4,1,0,0,0,0,0,0,0,0
U0825,14,20.2,10,5,3,0,0,2,42,3.1,0,0,0,0,0,1,0,0,1
U0826,9,25.0,16,8,3,1,0,3,37,2.6,0,1,0,0,0,0,0,0,1
U0827,13,23.5,18,9,5,1,1,3,33,2.6,0,0,0,1,0,0,0,0,1
U0828,21,30.9,21,12,7,2,3,3,22,3.1,0,0,0,0,0,0,1,0,1
U0829,8,15.0,12,7,2,0,2,2,39,2.2,0,0,1,0,0,0,0,0,1
U0830,24,46.5,29,16,12,4,6,4,13,4.4,0,0,0,0,0,1,0,0,0
U0831,15,26.2,16,8,4,1,2,3,33,2.7,1,0,0,0,0,0,0,0,0
U0832,23,49.4,34,16,12,5,5,5,17,4.9,0,1,0,0,0,0,0,0,0
U0833,12,22.1,11,9,4,1,1,3,30,3.2,1,0,0,0,0,0,0,0,1
U0834,20,40.3,26,14,10,4,3,4,17,3.9,1,0,0,0,0,0,0,0,0
U0835,9,13.3,9,4,2,1,2,2,44,2.3,1,0,0,0,0,0,0,0,1
U0836,24,42.0,30,16,13,4,5,4,10,4.3,0,1,0,0,0,0,0,0,0
U0837,26,51.3,34,17,13,5,6,5,4,4.2,0,1,0,0,0,0,0,0,0
U0838,2,0.0,0,0,0,0,0,1,54,1.2,0,0,0,1,0,0,0,0,1
U0839,15,27.5,22,11,5,2,3,3,29,3.1,0,0,0,0,0,1,0,0,1
U0840,15,27.5,18,10,4,2,2,3,31,2.6,0,0,0,0,0,1,0,0,1
U0841,5,0.0,0,1,0,0,0,2,52,1.6,0,0,0,1,0,0,0,0,1
U0842,12,20.4,15,8,4,1,1,3,27,3.1,0,0,0,0,0,0,1,0,1
U0843,13,16.4,13,6,4,2,1,2,35,2.7,0,0,0,1,0,0,0,0,1
U0844,13,16.5,15,5,2,0,0,2,38,2.9,0,0,0,1,0,0,0,0,1
U0845,21,40.3,30,15,11,4,5,4,18,3.8,0,0,0,0,0,0,1,0,0
U0846,9,23.3,15,4,2,1,0,3,38,3.0,0,0,0,1,0,0,0,0,1
U0847,26,51.1,31,17,14,5,7,5,7,4.1,0,0,0,0,0,0,0,1,0
U0848,9,15.4,13,5,1,0,0,2,39,2.7,1,0,0,0,0,0,0,0,1
U0849,20,35.1,21,12,8,2,3,4,23,3.4,0,0,0,0,0,0,0,1,0
U0850,3,8.2,5,2,0,0,0,2,44,2.3,0,0,0,0,0,1,0,0,1
U0851,13,24.1,18,10,6,2,2,3,31,2.7,0,0,0,0,1,0,0,0,1
U0852,8,12.9,10,6,4,1,1,2,40,2.6,1,0,0,0,0,0,0,0,1
U0853,16,25.6,18,10,5,2,2,3,28,3.3,0,0,0,1,0,0,0,0,0
U0854,23,39.0,25,13,7,2,3,4,22,3.4,0,0,0,0,0,0,0,1,0
U0855,15,22.5,16,10,4,2,2,3,38,3.4,0,0,0,0,1,0,0,0,1
U0856,4,7.0,5,1,0,0,1,1,45,1.8,0,1,0,0,0,0,0,0,1
U0857,13,27.1,14,7,2,1,1,3,32,3.0,1,0,0,0,0,0,0,0,1
U0858,18,30.8,21,10,6,2,2,3,28,3.5,1,0,0,0,0,0,0,0,0
U0859,6,12.0,9,4,2,1,1,2,45,1.9,1,0,0,0,0,0,0,0,1
U0860,20,37.3,23,13,8,2,3,3,25,3.6,0,0,0,0,1,0,0,0,0
U0861,7,9.0,7,3,1,0,0,1,44,1.7,0,0,0,0,0,0,1,0,1
U0862,9,14.1,11,6,2,0,1,2,36,2.4,0,0,0,1,0,0,0,0,1
U0863,15,31.1,18,11,6,1,2,3,28,3.3,0,0,0,0,1,0,0,0,0
U0864,12,22.0,17,8,4,1,1,3,31,2.8,0,1,0,0,0,0,0,0,1
U0865,20,33.7,27,14,9,3,3,4,15,3.8,0,0,0,0,1,0,0,0,0
U0866,1,3.1,1,2,0,0,0,1,52,1.1,0,0,0,0,0,1,0,0,1
U0867,16,29.4,18,10,6,2,2,2,27,2.7,1,0,0,0,0,0,0,0,1
U0868,14,20.0,18,8,4,0,2,3,34,3.0,0,0,0,1,0,0,0,0,1
U0869,18,31.5,25,14,8,3,3,3,21,3.5,0,0,0,0,1,0,0,0,0
U0870,16,33.1,24,11,7,2,3,3,27,3.5,0,0,0,1,0,0,0,0,0
U0871,17,24.3,20,9,6,2,2,3,24,3.2,0,0,1,0,0,0,0,0,1
U0872,18,33.0,26,13,8,2,4,4,18,3.4,0,0,0,0,1,0,0,0,0
U0873,0,1.2,0,2,0,0,0,1,56,1.3,0,0,0,0,0,1,0,0,1
U0874,6,15.7,5,3,3,0,0,1,44,2.4,1,0,0,0,0,0,0,0,1
U0875,7,18.9,12,5,3,1,0,2,39,2.3,1,0,0,0,0,0,0,0,1
U0876,21,37.0,27,14,9,3,4,3,12,3.7,0,0,0,0,0,0,1,0,0
U0877,17,35.0,22,11,6,1,1,3,18,3.3,0,0,0,0,0,0,1,0,0
U0878,3,13.0,4,2,0,0,1,2,44,1.7,1,0,0,0,0,0,0,0,1
U0879,16,25.6,15,9,5,1,1,2,32,2.8,0,0,0,0,1,0,0,0,1
U0880,14,30.5,27,11,6,2,3,4,18,3.6,0,0,0,0,1,0,0,0,0
U0881,8,22.5,13,8,3,1,1,2,39,2.6,0,0,0,1,0,0,0,0,1
U0882,4,12.8,1,3,1,0,0,2,46,1.9,0,0,0,0,0,0,0,1,1
U0883,9,21.0,13,9,5,1,2,2,34,2.8,0,0,0,0,0,0,0,1,1
U0884,30,51.6,33,16,13,5,7,5,13,4.6,1,0,0,0,0,0,0,0,0
U0885,31,48.5,33,18,14,5,8,5,10,4.5,1,0,0,0,0,0,0,0,0
U0886,13,18.9,17,7,3,1,1,3,28,3.5,0,0,0,0,0,1,0,0,1
U0887,15,20.9,15,10,5,1,2,3,34,3.0,0,0,0,0,0,0,0,1,1
U0888,18,32.2,22,14,9,2,3,3,24,3.3,0,0,0,0,0,0,1,0,1
U0889,18,28.4,19,10,7,2,3,3,29,3.3,0,0,0,0,0,0,1,0,0
U0890,7,15.2,7,5,3,0,1,2,41,2.8,0,0,0,1,0,0,0,0,1
U0891,6,5.7,6,4,2,1,1,1,41,2.5,1,0,0,0,0,0,0,0,1
U0892,25,36.8,30,13,10,4,5,4,14,3.6,0,0,0,0,0,1,0,0,0
U0893,7,11.7,7,5,2,0,1,2,48,1.7,0,0,0,1,0,0,0,0,1
U0894,26,43.4,33,17,13,4,7,4,7,4.2,1,0,0,0,0,0,0,0,0
U0895,2,4.8,5,0,0,0,0,2,52,2.4,1,0,0,0,0,0,0,0,1
U0896,25,47.7,33,16,12,5,7,5,11,4.3,1,0,0,0,0,0,0,0,0
U0897,8,18.7,12,6,3,1,1,2,38,2.5,1,0,0,0,0,0,0,0,1
U0898,4,6.2,4,2,1,1,1,2,52,2.3,1,0,0,0,0,0,0,0,1
U0899,22,33.5,26,15,9,3,4,3,11,4.1,0,1,0,0,0,0,0,0,0
U0900,17,35.9,20,12,6,2,2,3,19,3.2,0,1,0,0,0,0,0,0,0
U0901,16,28.7,17,13,7,2,3,3,27,3.1,0,0,0,0,0,0,1,0,1
U0902,12,24.7,19,11,7,2,3,3,32,3.2,0,1,0,0,0,0,0,0,1
U0903,14,32.5,17,8,4,1,2,3,31,2.7,0,0,0,0,0,0,1,0,0
U0904,11,13.6,13,7,4,1,1,3,38,2.4,0,0,0,0,0,1,0,0,1
U0905,12,20.4,18,10,5,1,3,3,31,2.9,0,0,0,1,0,0,0,0,1
U0906,16,33.1,22,10,6,3,2,4,26,3.1,0,0,0,0,0,0,1,0,1
U0907,4,3.8,4,3,1,0,0,2,48,1.8,1,0,0,0,0,0,0,0,1
U0908,20,38.1,25,14,9,3,4,3,21,3.7,0,1,0,0,0,0,0,0,1
U0909,8,15.5,12,6,4,2,3,2,38,2.6,0,0,0,0,0,0,1,0,1
U0910,2,0.0,2,3,2,1,0,1,51,1.8,0,0,1,0,0,0,0,0,1
U0911,15,25.0,15,9,6,2,1,2,31,2.4,0,0,0,0,0,0,1,0,1
U0912,15,30.3,23,10,5,1,2,3,27,3.5,0,0,0,1,0,0,0,0,1
U0913,8,16.7,14,5,2,0,0,2,32,2.0,0,1,0,0,0,0,0,0,1
U0914,7,20.0,10,6,2,1,1,2,44,2.4,0,0,0,1,0,0,0,0,1
U0915,5,7.1,9,3,0,0,0,2,45,2.6,0,0,0,0,0,0,1,0,1
U0916,15,24.7,16,8,3,1,1,3,31,3.0,0,1,0,0,0,0,0,0,1
U0917,9,12.8,8,3,1,1,0,2,47,2.1,0,0,0,1,0,0,0,0,1
U0918,9,19.2,10,7,2,0,1,2,38,2.3,0,0,0,0,0,1,0,0,1
U0919,7,13.0,11,4,1,1,1,2,37,2.3,0,1,0,0,0,0,0,0,1
U0920,3,5.5,4,1,0,0,0,2,48,2.4,0,0,0,0,0,0,1,0,1
U0921,22,41.6,32,15,10,4,5,4,10,4.2,0,0,0,0,0,1,0,0,0
U0922,9,21.3,12,8,4,1,1,3,32,2.8,0,0,0,0,1,0,0,0,1
U0923,27,48.7,34,17,13,5,6,4,11,4.5,1,0,0,0,0,0,0,0,0
U0924,12,19.3,14,7,3,0,1,3,39,2.3,1,0,0,0,0,0,0,0,1
U0925,20,37.8,30,13,8,3,3,4,14,3.5,0,0,1,0,0,0,0,0,0
U0926,23,46.0,29,15,10,4,5,4,14,3.8,1,0,0,0,0,0,0,0,0
U0927,23,44.6,32,20,14,6,6,4,6,4.4,0,0,0,0,0,0,0,1,0
U0928,14,29.0,23,11,7,2,3,3,23,3.3,1,0,0,0,0,0,0,0,0
U0929,12,22.5,13,7,3,0,1,3,31,3.4,0,0,0,0,0,1,0,0,1
U0930,17,24.9,19,11,8,3,4,4,28,3.5,1,0,0,0,0,0,0,0,0
U0931,19,24.4,19,10,6,2,3,3,22,3.0,1,0,0,0,0,0,0,0,0
U0932,12,16.0,11,6,3,0,0,2,40,2.7,0,0,0,0,0,0,0,1,1
U0933,13,22.5,17,8,3,1,2,2,29,2.8,0,1,0,0,0,0,0,0,0
U0934,10,14.6,11,7,2,1,1,2,34,2.4,0,0,0,0,0,0,1,0,1
U0935,24,46.7,31,16,11,4,5,4,9,4.0,0,0,0,0,0,0,1,0,0
U0936,3,7.1,2,1,1,0,1,2,46,1.9,0,0,0,0,0,0,0,1,1
U0937,15,28.0,21,11,5,2,2,3,24,3.2,0,0,0,0,0,1,0,0,1
U0938,7,14.2,11,3,2,1,1,2,38,2.4,0,0,0,0,0,0,1,0,1
U0939,16,28.5,24,13,9,3,3,4,24,3.0,0,1,0,0,0,0,0,0,0
U0940,14,24.3,16,10,4,1,2,3,36,2.8,1,0,0,0,0,0,0,0,0
U0941,12,24.3,15,10,4,1,2,3,30,2.9,0,0,0,0,0,1,0,0,1
U0942,14,24.0,19,7,3,1,0,3,31,2.9,0,0,0,0,0,1,0,0,1
U0943,11,24.9,15,8,4,0,2,3,31,2.7,0,0,0,0,1,0,0,0,1
U0944,14,33.0,23,11,7,2,2,4,21,2.7,0,1,0,0,0,0,0,0,0
U0945,15,27.2,21,11,7,2,3,4,23,3.5,0,1,0,0,0,0,0,0,1
U0946,21,40.8,30,15,11,4,5,4,10,4.0,0,0,0,0,0,0,0,1,0
U0947,7,17.9,12,6,1,1,0,2,40,2.2,1,0,0,0,0,0,0,0,1
U0948,18,27.1,26,10,5,2,2,3,28,2.8,0,1,0,0,0,0,0,0,1
U0949,17,40.1,23,13,7,3,3,4,19,3.7,0,0,0,0,0,1,0,0,0
U0950,12,25.8,17,11,6,2,2,2,39,2.6,0,0,0,1,0,0,0,0,1
U0951,29,47.1,30,19,15,5,8,4,15,3.9,1,0,0,0,0,0,0,0,0
U0952,14,32.1,18,11,6,2,2,4,30,2.9,0,0,0,0,0,0,1,0,0
U0953,22,43.1,26,15,12,5,5,4,7,3.9,0,1,0,0,0,0,0,0,0
U0954,15,21.9,14,9,4,1,2,3,33,2.7,0,1,0,0,0,0,0,0,1
U0955,2,5.6,0,1,1,1,0,1,48,1.6,1,0,0,0,0,0,0,0,1
U0956,23,38.9,29,15,12,4,7,4,13,3.9,0,0,0,0,0,0,0,1,0
U0957,15,23.4,16,7,4,2,2,2,24,3.3,0,0,0,0,0,0,0,1,0
U0958,24,45.6,34,16,12,4,6,4,12,4.2,1,0,0,0,0,0,0,0,0
U0959,13,26.2,18,9,5,1,2,3,35,3.0,1,0,0,0,0,0,0,0,1
U0960,21,48.3,28,14,10,3,5,4,15,4.2,0,0,0,0,0,0,0,1,0
U0961,27,52.0,37,20,15,5,8,4,6,4.3,0,0,0,0,0,1,0,0,0
U0962,15,24.0,19,9,6,1,3,3,30,3.0,0,0,1,0,0,0,0,0,1
U0963,12,26.9,19,8,4,0,1,3,33,2.8,1,0,0,0,0,0,0,0,0
U0964,21,34.5,23,14,8,2,3,4,14,3.5,0,0,0,0,0,0,1,0,0
U0965,17,24.3,17,9,4,1,2,3,30,3.0,0,1,0,0,0,0,0,0,1
U0966,7,14.8,12,5,2,1,1,2,41,2.3,1,0,0,0,0,0,0,0,1
U0967,17,28.9,24,9,5,2,2,3,31,3.1,0,0,0,1,0,0,0,0,0
U0968,18,30.6,16,12,5,2,2,3,23,3.3,0,0,0,0,0,0,0,1,1
U0969,16,32.7,23,12,7,2,4,4,28,3.3,0,0,0,0,0,0,0,1,0
U0970,27,43.2,34,17,12,5,6,4,8,3.4,1,0,0,0,0,0,0,0,0
U0971,16,32.6,20,10,4,1,2,3,28,3.3,0,0,0,0,1,0,0,0,1
U0972,9,12.1,11,7,2,0,1,2,43,2.5,1,0,0,0,0,0,0,0,1
U0973,28,51.1,38,20,16,6,8,5,4,4.3,0,1,0,0,0,0,0,0,0
U0974,7,10.6,8,4,0,0,0,2,43,2.3,0,0,0,1,0,0,0,0,1
U0975,18,39.9,26,13,8,3,2,3,20,3.5,0,0,1,0,0,0,0,0,0
U0976,9,16.2,7,2,2,0,0,2,37,2.6,0,0,1,0,0,0,0,0,1
U0977,22,37.1,28,16,10,4,5,4,14,3.9,1,0,0,0,0,0,0,0,0
U0978,24,42.5,29,16,12,3,5,4,11,3.8,0,1,0,0,0,0,0,0,0
U0979,8,14.0,15,6,4,1,1,2,32,2.7,0,0,0,0,0,0,0,1,1
U0980,18,43.9,25,13,9,3,4,4,15,3.5,0,0,0,0,0,0,1,0,0
U0981,9,15.8,10,5,2,0,1,2,42,2.3,0,0,0,0,0,0,1,0,1
U0982,6,14.7,9,3,1,0,1,2,44,1.8,0,1,0,0,0,0,0,0,1
U0983,3,6.0,5,4,2,1,0,2,45,1.8,0,1,0,0,0,0,0,0,1
U0984,19,37.9,22,11,8,3,3,3,21,3.1,1,0,0,0,0,0,0,0,0
U0985,19,36.8,26,13,9,3,5,4,17,3.7,0,0,0,0,1,0,0,0,0
U0986,21,33.2,24,18,12,4,5,4,20,3.7,0,0,0,1,0,0,0,0,0
U0987,11,20.9,14,6,2,1,1,3,37,2.7,0,0,0,0,1,0,0,0,1
U0988,9,16.2,11,5,2,1,0,2,42,2.5,0,1,0,0,0,0,0,0,1
U0989,7,17.2,13,1,0,0,0,2,46,2.6,0,0,0,0,0,1,0,0,1
U0990,18,35.9,19,13,9,3,4,3,24,3.3,1,0,0,0,0,0,0,0,0
U0991,26,53.8,36,18,12,5,6,5,6,4.4,0,0,0,0,0,1,0,0,0
U0992,25,40.9,33,17,14,4,6,4,17,3.8,0,0,0,0,1,0,0,0,0
U0993,23,39.7,27,14,10,4,5,4,18,3.5,0,1,0,0,0,0,0,0,0
U0994,16,28.9,23,10,7,2,3,4,24,3.4,1,0,0,0,0,0,0,0,0
U0995,28,51.5,35,18,14,6,7,5,0,4.7,0,1,0,0,0,0,0,0,0
U0996,6,3.8,6,5,1,0,0,2,49,2.1,0,0,0,0,1,0,0,0,1
U0997,18,37.4,22,13,9,3,3,3,15,3.2,0,1,0,0,0,0,0,0,0
U0998,24,39.9,30,14,10,3,4,4,14,3.8,0,1,0,0,0,0,0,0,0
U0999,8,7.3,7,1,0,0,0,2,46,1.8,0,0,1,0,0,0,0,0,1
U1000,13,25.5,20,9,5,1,3,3,28,3.0,0,0,0,0,0,0,1,0,0
U1001,16,23.1,16,11,6,2,3,3,29,2.8,0,0,0,0,0,1,0,0,0
U1002,10,20.8,15,6,3,0,1,3,32,2.9,0,0,0,0,0,1,0,0,1
U1003,7,6.5,8,5,2,0,2,1,42,2.2,0,0,0,1,0,0,0,0,1
U1004,29,50.2,34,18,14,5,8,5,2,4.6,0,0,0,0,1,0,0,0,0
U1005,8,17.7,15,8,4,1,1,3,37,2.7,0,0,0,0,0,0,0,1,1
U1006,11,16.4,15,6,3,1,2,2,35,2.5,0,0,0,0,0,0,1,0,1
U1007,13,18.0,13,7,3,1,0,2,34,2.9,0,1,0,0,0,0,0,0,1
U1008,15,21.4,14,8,5,1,2,3,34,2.8,0,0,1,0,0,0,0,0,0
U1009,19,28.5,21,13,6,1,3,4,29,3.3,0,0,0,0,1,0,0,0,0
U1010,21,37.9,26,15,10,3,4,4,13,3.7,1,0,0,0,0,0,0,0,0
U1011,21,40.9,24,13,10,3,5,4,14,3.7,0,1,0,0,0,0,0,0,0
U1012,26,46.0,36,19,15,6,7,5,5,4.4,0,0,0,0,0,1,0,0,0
U1013,17,30.1,19,10,5,1,2,3,20,3.3,1,0,0,0,0,0,0,0,0
U1014,26,48.8,34,16,13,5,7,5,5,4.5,0,0,0,1,0,0,0,0,0
U1015,12,22.7,17,9,4,1,2,3,38,2.8,0,0,0,0,0,0,0,1,1
U1016,16,20.8,23,9,5,2,2,3,30,3.0,0,1,0,0,0,0,0,0,0
U1017,15,27.9,17,9,6,3,2,3,33,3.2,0,0,0,0,1,0,0,0,1
U1018,21,42.5,25,15,9,3,4,4,18,3.5,0,0,0,0,1,0,0,0,0
U1019,11,16.6,15,7,3,1,2,2,39,2.5,0,0,1,0,0,0,0,0,1
U1020,25,37.9,33,16,10,4,5,4,13,4.2,1,0,0,0,0,0,0,0,0
U1021,12,22.4,18,10,5,1,2,3,35,3.1,1,0,0,0,0,0,0,0,1
U1022,17,26.4,19,12,6,1,3,3,17,3.5,0,0,0,0,0,0,0,1,0
U1023,9,21.5,10,5,3,0,1,2,34,2.6,0,0,0,0,0,1,0,0,1
U1024,15,21.1,19,9,4,1,1,2,26,2.9,0,1,0,0,0,0,0,0,1
U1025,13,21.8,16,9,4,1,1,3,30,3.2,0,1,0,0,0,0,0,0,1
U1026,17,36.4,24,12,7,2,3,4,24,3.1,0,0,0,0,0,0,0,1,0
U1027,2,9.6,5,3,1,0,0,2,45,2.2,0,0,0,0,0,0,0,1,1
U1028,16,27.3,21,9,6,2,3,3,26,3.1,0,0,0,1,0,0,0,0,0
U1029,17,30.0,24,12,6,1,2,3,25,2.7,0,0,0,1,0,0,0,0,0
U1030,13,25.4,15,8,4,0,2,3,34,3.2,0,0,0,0,0,0,1,0,1
U1031,24,44.6,31,17,12,4,7,4,13,3.8,0,0,0,0,0,0,1,0,0
U1032,21,41.8,23,13,9,3,4,3,21,4.3,0,0,0,0,0,0,0,1,0
U1033,23,45.9,25,14,8,3,4,4,13,3.9,0,0,0,0,0,0,1,0,0
U1034,9,15.8,11,3,1,0,0,2,43,2.1,0,1,0,0,0,0,0,0,1
U1035,18,28.9,19,10,6,1,3,3,26,3.4,0,0,0,0,1,0,0,0,1
U1036,1,4.2,3,0,1,0,0,1,54,1.6,0,0,0,1,0,0,0,0,1
U1037,9,16.1,13,4,2,0,0,2,35,2.6,0,1,0,0,0,0,0,0,1
U1038,24,42.8,31,14,8,3,3,4,18,4.1,0,0,0,0,0,0,0,1,0
U1039,8,8.5,10,6,2,0,1,2,44,2.3,0,1,0,0,0,0,0,0,1
U1040,17,28.4,23,11,6,2,2,3,25,3.3,0,1,0,0,0,0,0,0,1
U1041,5,14.3,9,5,2,0,0,2,39,2.1,1,0,0,0,0,0,0,0,1
U1042,3,9.8,6,4,3,1,1,1,50,1.4,0,0,0,0,0,0,1,0,1
U1043,21,39.1,27,14,8,3,4,4,12,3.9,0,0,0,0,1,0,0,0,0
U1044,12,28.5,21,9,6,2,2,3,34,3.2,0,0,0,0,0,0,1,0,1
U1045,3,10.1,8,1,1,0,0,1,52,2.3,0,0,0,0,0,0,0,1,1
U1046,3,4.2,5,3,2,0,0,2,46,2.0,0,0,0,0,0,0,1,0,1
U1047,15,25.2,21,11,6,1,3,4,26,3.0,0,0,1,0,0,0,0,0,1
U1048,20,39.8,26,11,9,3,5,3,23,3.2,0,0,0,1,0,0,0,0,0
U1049,10,19.5,13,6,4,1,1,2,37,2.0,0,0,0,1,0,0,0,0,1
U1050,18,39.8,25,14,9,3,4,4,16,3.7,0,1,0,0,0,0,0,0,0
U1051,16,27.6,20,12,7,2,3,3,25,3.5,1,0,0,0,0,0,0,0,1
U1052,12,19.0,16,7,3,0,1,3,29,3.0,0,0,0,1,0,0,0,0,1
U1053,17,31.9,25,10,7,2,3,3,28,3.4,1,0,0,0,0,0,0,0,0
U1054,7,13.7,9,2,1,0,0,2,39,2.6,0,0,0,0,1,0,0,0,1
U1055,16,25.0,21,10,4,1,2,3,30,3.1,0,0,0,0,0,0,1,0,1
U1056,11,21.1,10,7,1,1,1,2,42,2.2,0,1,0,0,0,0,0,0,1
U1057,12,24.5,17,9,4,1,1,3,31,2.8,0,1,0,0,0,0,0,0,1
U1058,10,24.1,16,7,3,0,2,3,38,2.8,0,0,0,0,0,0,0,1,1
U1059,5,13.8,9,3,1,1,0,2,43,2.2,0,0,0,0,0,1,0,0,1
U1060,20,30.3,21,13,8,2,4,4,18,3.4,0,0,0,0,0,0,1,0,0
U1061,23,46.3,31,16,13,5,7,5,8,4.2,1,0,0,0,0,0,0,0,0
U1062,19,31.0,25,14,10,3,5,4,21,3.3,0,0,0,0,0,1,0,0,0
U1063,15,30.0,19,11,8,2,3,3,23,3.6,0,0,0,0,1,0,0,0,0
U1064,20,34.0,25,14,10,3,4,4,21,3.2,1,0,0,0,0,0,0,0,0
U1065,25,47.0,33,16,12,4,6,5,9,3.9,0,0,0,0,0,1,0,0,0
U1066,24,49.5,32,17,11,4,6,5,7,4.3,0,1,0,0,0,0,0,0,0
U1067,15,21.2,16,10,6,2,2,2,37,3.1,1,0,0,0,0,0,0,0,1
U1068,8,19.8,11,9,3,1,1,3,37,2.8,0,0,0,0,0,0,0,1,1
U1069,17,23.5,22,9,5,2,2,4,27,2.8,0,0,0,0,0,0,0,1,1
U1070,10,17.6,16,6,2,0,1,2,39,2.6,0,0,0,1,0,0,0,0,1
U1071,8,18.8,5,4,3,0,1,2,48,2.4,0,0,0,0,1,0,0,0,1
U1072,19,33.9,26,13,8,2,3,4,22,3.5,0,1,0,0,0,0,0,0,0
U1073,18,34.5,26,12,7,2,3,4,16,4.0,0,0,0,0,0,0,0,1,0
U1074,5,11.2,9,5,2,0,2,2,40,2.5,0,0,0,1,0,0,0,0,1
U1075,12,19.9,12,6,3,1,1,3,35,2.5,0,0,0,0,1,0,0,0,1
U1076,18,28.0,19,13,7,3,3,3,25,3.0,1,0,0,0,0,0,0,0,0
U1077,7,16.5,11,5,2,1,1,2,40,2.1,1,0,0,0,0,0,0,0,1
U1078,18,30.8,24,13,6,2,3,3,25,3.4,0,0,1,0,0,0,0,0,1
U1079,14,20.4,15,8,3,1,1,3,34,2.9,0,0,0,0,0,0,0,1,1
U1080,25,39.4,31,16,10,3,4,4,12,4.3,0,0,0,0,1,0,0,0,0
U1081,22,40.7,27,14,10,3,4,4,11,3.9,0,0,0,1,0,0,0,0,0
U1082,23,41.1,30,17,12,4,6,4,10,3.9,0,0,0,0,0,0,0,1,0
U1083,10,25.6,14,7,4,1,2,3,32,3.0,0,0,0,0,0,0,1,0,1
U1084,23,39.0,30,15,10,3,5,4,12,3.6,0,0,1,0,0,0,0,0,0
U1085,15,22.4,17,10,6,2,2,3,17,3.3,1,0,0,0,0,0,0,0,1
U1086,17,28.5,23,11,5,1,2,4,20,3.4,1,0,0,0,0,0,0,0,1
U1087,12,20.9,15,4,3,1,1,3,40,2.7,0,0,0,0,0,0,0,1,1
U1088,13,26.2,12,10,6,1,2,3,34,2.8,1,0,0,0,0,0,0,0,1
U1089,18,33.8,24,12,8,2,3,3,20,3.7,0,0,0,0,0,0,1,0,0
U1090,27,47.9,37,16,11,5,5,5,3,4.5,0,0,1,0,0,0,0,0,0
U1091,15,26.8,19,8,5,0,2,3,34,3.3,0,0,0,0,0,1,0,0,1
U1092,21,39.2,29,15,10,2,5,4,21,4.1,0,1,0,0,0,0,0,0,0
U1093,16,29.6,20,10,4,1,2,3,28,2.8,0,0,0,0,0,1,0,0,0
U1094,20,36.1,29,13,9,3,4,4,21,3.3,0,0,0,0,0,0,1,0,0
U1095,12,19.4,15,9,4,0,1,2,35,2.5,1,0,0,0,0,0,0,0,1
U1096,8,15.3,12,4,2,1,0,2,37,2.5,0,0,0,0,0,0,0,1,1
U1097,19,31.3,25,12,7,2,3,4,23,3.2,0,0,0,0,1,0,0,0,0
U1098,17,30.1,24,12,8,2,3,3,27,3.1,0,1,0,0,0,0,0,0,0
U1099,12,23.7,18,8,3,1,0,3,38,2.6,0,0,0,0,0,0,1,0,1
U1100,14,25.9,16,10,5,1,3,3,31,3.2,1,0,0,0,0,0,0,0,1
U1101,28,49.8,36,19,15,6,8,5,5,4.7,0,0,0,0,0,1,0,0,0
U1102,23,46.5,32,18,13,4,7,4,3,4.4,0,1,0,0,0,0,0,0,0
U1103,30,57.0,40,18,15,6,7,5,1,4.7,0,0,0,0,0,0,0,1,0
U1104,15,33.8,22,10,5,2,2,3,18,3.3,0,0,0,0,0,0,0,1,1
U1105,22,40.8,28,14,9,3,4,3,19,3.8,0,0,0,0,0,0,0,1,0
U1106,12,25.2,16,8,4,1,2,3,30,2.8,0,1,0,0,0,0,0,0,1
U1107,0,2.3,3,0,0,0,0,1,52,1.7,0,0,0,0,0,0,0,1,1
U1108,9,20.0,8,6,4,1,1,3,39,2.5,0,0,0,0,0,0,0,1,1
U1109,6,10.1,12,6,2,0,0,2,41,2.3,0,0,0,1,0,0,0,0,1
U1110,20,37.9,26,11,7,2,3,3,16,2.9,0,0,0,0,0,0,1,0,0
U1111,12,24.8,14,9,3,1,2,3,34,3.0,0,1,0,0,0,0,0,0,0
U1112,1,5.6,0,1,1,0,1,1,50,1.8,0,0,0,0,0,0,0,1,1
U1113,13,18.9,18,8,5,1,1,2,36,2.3,0,0,0,0,0,0,1,0,1
U1114,18,36.7,26,14,8,3,3,4,20,3.7,0,0,0,1,0,0,0,0,0
U1115,29,55.6,38,19,15,6,8,5,1,4.6,0,0,0,1,0,0,0,0,0
U1116,19,32.8,24,13,9,3,4,3,24,3.2,1,0,0,0,0,0,0,0,0
U1117,14,20.2,15,7,4,1,1,2,30,3.2,0,0,0,0,0,0,1,0,1
U1118,21,37.0,30,14,8,3,3,4,13,3.8,1,0,0,0,0,0,0,0,0
U1119,10,24.1,15,9,4,1,2,2,30,3.4,0,0,0,0,0,0,0,1,1
U1120,15,29.8,21,9,5,2,2,3,23,3.5,0,1,0,0,0,0,0,0,0
U1121,20,42.3,25,13,8,2,4,4,24,4.0,0,1,0,0,0,0,0,0,0
U1122,16,27.3,23,11,6,2,3,3,19,3.4,1,0,0,0,0,0,0,0,0
U1123,14,20.1,15,8,4,1,2,2,32,2.9,0,0,0,1,0,0,0,0,1
U1124,2,7.7,5,3,1,1,0,2,50,2.1,0,0,0,0,1,0,0,0,1
U1125,7,12.8,11,4,0,0,0,2,43,2.2,0,0,0,0,0,0,0,1,1
U1126,15,29.7,20,11,5,1,2,3,28,3.3,0,0,0,0,0,1,0,0,0
U1127,8,11.8,9,5,3,1,1,2,42,2.2,1,0,0,0,0,0,0,0,1
U1128,2,3.9,4,2,0,0,0,1,52,1.2,0,1,0,0,0,0,0,0,1
U1129,10,17.6,10,6,2,1,1,3,37,2.4,0,0,0,1,0,0,0,0,1
U1130,23,44.0,30,14,8,3,3,4,14,4.0,0,0,0,0,1,0,0,0,0
U1131,18,27.3,21,10,6,2,2,4,30,3.3,0,0,0,0,0,0,1,0,1
U1132,6,9.9,7,4,2,1,0,2,42,2.7,0,0,0,0,0,0,0,1,1
U1133,19,42.0,27,13,10,3,5,4,16,3.7,0,1,0,0,0,0,0,0,0
U1134,7,14.2,8,4,1,0,0,1,48,2.1,0,0,0,0,0,1,0,0,1
U1135,21,36.7,27,15,10,4,4,4,18,3.9,0,0,0,0,1,0,0,0,0
U1136,20,29.9,22,9,5,2,2,3,25,3.3,0,0,0,0,0,0,0,1,1
U1137,4,7.2,4,3,1,0,1,1,51,1.8,1,0,0,0,0,0,0,0,1
U1138,14,27.7,16,11,6,2,2,3,29,3.1,0,1,0,0,0,0,0,0,0
U1139,7,5.1,5,2,2,0,0,1,48,1.8,0,0,0,0,0,1,0,0,1
U1140,14,21.9,15,10,6,2,2,3,31,2.7,0,0,0,1,0,0,0,0,0
U1141,13,20.8,16,7,3,1,1,2,34,2.8,0,0,0,0,0,0,1,0,1
U1142,17,31.0,21,11,6,1,3,4,25,3.3,0,0,0,0,0,0,0,1,0
U1143,20,31.4,25,15,9,2,5,4,14,3.4,0,0,0,0,1,0,0,0,0
U1144,13,30.9,14,10,4,1,2,3,34,2.9,0,1,0,0,0,0,0,0,1
U1145,26,43.5,33,18,14,5,8,5,7,4.5,0,0,0,1,0,0,0,0,0
U1146,14,20.8,13,6,3,1,1,2,34,2.7,1,0,0,0,0,0,0,0,1
U1147,19,33.0,24,12,8,2,4,3,14,3.6,0,0,0,0,0,1,0,0,0
U1148,20,33.9,25,14,11,4,5,4,17,4.2,0,1,0,0,0,0,0,0,0
U1149,14,23.3,18,8,5,1,2,3,32,2.9,0,0,0,0,0,0,1,0,0
U1150,9,17.8,9,5,2,1,0,2,37,2.3,1,0,0,0,0,0,0,0,1
U1151,23,39.9,30,15,11,4,5,5,10,4.1,0,0,0,0,1,0,0,0,0
U1152,18,30.4,21,13,7,1,3,4,24,3.3,0,0,1,0,0,0,0,0,0
U1153,12,20.4,14,10,6,2,1,3,36,3.2,0,0,0,1,0,0,0,0,0
U1154,11,21.6,15,8,4,0,1,3,36,2.8,0,0,0,0,0,0,0,1,1
U1155,15,24.0,20,10,5,2,2,3,32,3.5,0,0,0,0,0,0,1,0,1
U1156,18,39.5,26,12,8,3,3,3,19,3.8,0,0,1,0,0,0,0,0,0
U1157,14,19.4,18,7,4,1,1,3,28,3.2,0,0,0,0,0,0,0,1,1
U1158,20,37.2,24,13,10,3,4,4,18,3.0,1,0,0,0,0,0,0,0,0
U1159,17,36.7,23,12,6,2,2,3,21,3.1,0,0,0,0,0,0,0,1,0
U1160,22,42.2,28,15,9,3,4,4,16,4.1,0,0,0,1,0,0,0,0,0
U1161,21,30.3,27,14,9,3,3,3,13,3.4,0,0,0,0,0,1,0,0,0
U1162,31,55.5,36,20,16,7,9,5,1,5.0,0,1,0,0,0,0,0,0,0
U1163,17,30.1,22,11,8,2,4,3,24,3.2,0,0,0,0,1,0,0,0,0
U1164,27,50.8,33,18,15,6,8,4,5,4.7,0,0,0,0,0,1,0,0,0
U1165,13,27.2,16,7,2,0,1,3,30,2.9,0,1,0,0,0,0,0,0,1
U1166,25,45.7,28,17,12,5,6,4,13,4.1,0,0,0,1,0,0,0,0,0
U1167,29,50.7,34,17,11,4,6,4,6,4.2,0,0,0,0,0,0,0,1,0
U1168,9,15.1,16,6,2,1,1,3,35,2.6,1,0,0,0,0,0,0,0,1
U1169,24,37.9,26,13,9,2,4,4,13,3.7,0,0,0,0,0,0,1,0,0
U1170,3,7.7,3,1,0,0,0,1,49,1.6,0,0,0,0,0,0,0,1,1
U1171,10,21.7,16,8,5,1,1,2,35,2.4,0,1,0,0,0,0,0,0,1
U1172,27,41.2,28,18,11,4,5,4,12,3.9,0,0,0,0,0,0,1,0,0
U1173,6,17.9,13,4,2,1,1,2,42,2.6,1,0,0,0,0,0,0,0,1
U1174,8,24.2,14,8,3,0,2,3,36,2.7,0,0,1,0,0,0,0,0,1
U1175,12,23.8,21,9,6,1,2,3,32,3.3,1,0,0,0,0,0,0,0,0
U1176,25,36.3,22,15,9,3,4,4,15,3.7,0,1,0,0,0,0,0,0,0
U1177,10,16.0,8,3,1,0,1,2,43,2.0,0,0,1,0,0,0,0,0,1
U1178,12,27.4,13,9,3,2,1,3,36,2.9,0,0,0,1,0,0,0,0,0
U1179,4,5.4,3,3,2,0,0,1,46,1.8,0,0,0,0,1,0,0,0,1
U1180,26,47.9,33,16,13,5,7,5,5,4.3,1,0,0,0,0,0,0,0,0
U1181,12,28.2,18,10,5,1,1,3,24,3.3,1,0,0,0,0,0,0,0,1
U1182,13,21.3,13,8,3,0,1,2,36,2.9,1,0,0,0,0,0,0,0,1
U1183,24,41.5,31,16,11,3,5,4,10,3.9,0,0,1,0,0,0,0,0,0
U1184,11,28.5,19,9,4,1,1,4,32,3.1,1,0,0,0,0,0,0,0,0
U1185,23,35.8,26,18,13,5,6,4,12,4.0,0,0,0,0,0,0,1,0,0
U1186,8,13.0,12,8,4,1,1,2,38,2.5,0,0,0,1,0,0,0,0,1
U1187,10,21.1,14,7,4,1,1,2,30,3.0,0,0,0,0,1,0,0,0,1
U1188,15,28.5,21,9,4,1,1,3,25,3.4,0,1,0,0,0,0,0,0,1
U1189,22,41.4,31,14,8,2,4,5,12,4.3,1,0,0,0,0,0,0,0,0
U1190,18,37.3,24,12,8,2,3,4,20,3.1,0,0,0,0,0,1,0,0,0
U1191,7,15.1,9,4,3,1,1,2,44,1.9,0,0,0,0,0,0,0,1,1
U1192,19,36.0,25,12,7,2,3,3,25,3.4,0,0,0,1,0,0,0,0,0
U1193,6,18.3,10,4,2,1,1,2,38,2.0,0,1,0,0,0,0,0,0,1
U1194,11,21.5,13,5,2,0,0,2,35,3.2,0,0,0,0,1,0,0,0,1
U1195,16,28.5,25,8,5,1,2,3,25,3.6,1,0,0,0,0,0,0,0,0
U1196,6,6.2,1,4,1,0,0,2,46,2.3,1,0,0,0,0,0,0,0,1
U1197,27,43.7,31,19,14,5,7,5,8,4.3,1,0,0,0,0,0,0,0,0
U1198,5,10.2,6,2,2,1,1,1,50,1.8,1,0,0,0,0,0,0,0,1
U1199,19,37.3,28,13,7,1,3,4,18,3.8,0,0,0,0,1,0,0,0,0
U1200,18,37.0,22,13,9,3,3,3,19,3.6,0,0,0,0,0,1,0,0,0
U1201,13,29.4,16,9,4,1,1,3,35,3.1,1,0,0,0,0,0,0,0,1
U1202,17,30.9,21,10,6,1,3,3,25,3.1,0,0,0,0,0,1,0,0,1
U1203,17,33.7,19,10,6,1,3,3,27,3.5,0,0,0,0,0,0,1,0,1
U1204,23,48.2,29,16,11,4,5,3,16,4.2,0,0,0,1,0,0,0,0,0
U1205,25,46.2,32,15,11,4,6,5,6,4.5,1,0,0,0,0,0,0,0,0
U1206,5,11.8,8,5,1,0,0,2,44,2.3,0,0,0,0,0,0,0,1,1
U1207,31,56.7,37,18,15,6,9,5,0,4.9,0,0,0,0,0,1,0,0,0
U1208,24,43.2,28,15,12,5,6,4,14,3.7,0,0,0,1,0,0,0,0,0
U1209,21,35.9,27,15,9,3,4,3,17,3.7,0,0,0,1,0,0,0,0,0
U1210,12,21.3,16,7,3,0,1,3,33,2.9,0,0,0,0,0,1,0,0,1
U1211,15,29.5,20,10,7,1,3,3,27,3.2,0,1,0,0,0,0,0,0,0
U1212,17,32.0,22,11,5,1,2,3,26,3.6,1,0,0,0,0,0,0,0,0
U1213,4,9.3,6,6,3,0,2,2,39,2.3,0,0,0,0,0,0,1,0,1
U1214,17,30.7,24,11,8,3,4,3,21,2.9,0,0,0,0,0,0,1,0,0
U1215,20,40.0,27,14,9,3,4,4,21,4.1,0,0,0,0,1,0,0,0,0
U1216,18,32.5,21,11,6,2,2,4,25,3.1,0,0,0,1,0,0,0,0,0
U1217,28,43.8,32,18,14,5,7,4,9,4.4,0,1,0,0,0,0,0,0,0
U1218,17,36.7,27,12,6,2,3,4,24,3.3,0,0,0,1,0,0,0,0,0
U1219,1,0.0,0,2,1,0,0,1,46,1.7,0,0,0,1,0,0,0,0,1
U1220,18,34.4,24,11,7,2,3,4,19,3.5,0,0,1,0,0,0,0,0,0
U1221,21,43.0,29,14,10,3,4,4,17,3.9,0,0,0,0,1,0,0,0,0
U1222,3,5.7,4,3,1,0,0,2,44,1.7,0,0,0,1,0,0,0,0,1
U1223,21,37.8,25,15,11,4,5,4,17,4.4,0,0,0,1,0,0,0,0,0
U1224,15,26.3,20,9,5,1,2,3,22,2.9,0,0,0,1,0,0,0,0,1
U1225,29,49.5,36,18,13,5,7,5,2,4.8,0,0,0,0,0,0,1,0,0
U1226,8,14.7,13,6,1,1,0,2,44,3.1,0,0,0,0,0,0,0,1,1
U1227,12,28.6,23,11,5,2,2,3,19,3.2,0,1,0,0,0,0,0,0,1
U1228,9,22.6,14,8,4,0,2,3,35,2.2,0,0,0,0,0,1,0,0,1
U1229,28,40.6,31,15,10,3,5,5,11,4.2,0,0,0,0,1,0,0,0,0
U1230,13,22.6,20,7,4,1,2,3,29,2.7,0,0,0,0,0,0,1,0,0
U1231,21,40.5,31,17,12,4,5,5,10,4.4,0,1,0,0,0,0,0,0,0
U1232,3,5.6,8,4,1,0,0,2,52,1.9,0,0,0,0,0,1,0,0,1
U1233,17,26.7,16,10,6,2,2,3,29,3.1,0,0,1,0,0,0,0,0,1
U1234,16,35.2,25,11,7,3,2,3,24,3.3,0,0,0,0,0,0,1,0,0
U1235,16,40.9,22,14,9,3,3,4,22,3.4,0,1,0,0,0,0,0,0,0
U1236,27,46.3,31,15,12,5,6,4,9,4.1,1,0,0,0,0,0,0,0,0
U1237,18,31.0,19,12,7,3,3,3,24,3.3,0,0,0,1,0,0,0,0,0
U1238,3,10.3,8,4,2,1,1,1,45,1.7,0,0,0,1,0,0,0,0,1
U1239,11,20.7,10,6,3,1,1,2,40,2.6,0,0,0,0,1,0,0,0,1
U1240,5,8.7,8,3,2,1,0,2,51,2.4,0,0,0,0,0,0,1,0,1
U1241,26,51.5,35,19,15,5,9,4,0,4.3,0,1,0,0,0,0,0,0,0
U1242,17,30.5,20,14,8,2,4,3,19,3.4,0,0,0,0,0,0,1,0,0
U1243,9,20.2,17,8,4,2,1,2,33,2.7,1,0,0,0,0,0,0,0,1
U1244,18,33.3,22,10,5,2,2,3,21,3.8,0,1,0,0,0,0,0,0,0
U1245,20,32.6,27,13,8,2,3,4,23,3.4,0,0,0,0,0,1,0,0,0
U1246,17,31.0,23,11,6,2,2,3,25,3.2,0,1,0,0,0,0,0,0,1
U1247,21,31.3,24,14,9,3,5,4,20,3.5,1,0,0,0,0,0,0,0,0
U1248,20,42.1,28,15,10,3,4,4,20,4.2,0,0,0,0,0,0,0,1,0
U1249,8,10.7,9,4,1,0,0,2,43,2.6,0,0,0,0,0,0,1,0,1
U1250,16,25.3,21,10,5,1,2,3,26,2.9,0,0,0,0,0,1,0,0,0
U1251,17,37.2,24,11,7,2,3,3,18,3.6,0,1,0,0,0,0,0,0,0
U1252,23,39.6,27,14,11,4,5,4,15,3.8,0,0,0,1,0,0,0,0,0
U1253,21,43.2,30,16,11,4,6,5,11,3.5,0,0,0,0,0,0,0,1,0
U1254,12,21.4,13,7,3,1,2,3,39,2.2,1,0,0,0,0,0,0,0,1
U1255,7,13.6,9,3,0,0,0,2,43,2.1,0,1,0,0,0,0,0,0,1
U1256,14,24.7,19,11,4,1,2,4,23,3.2,0,0,0,1,0,0,0,0,1
U1257,18,32.8,25,11,5,1,2,3,24,3.5,0,1,0,0,0,0,0,0,0
U1258,26,42.0,29,16,12,5,6,4,12,4.1,0,0,0,1,0,0,0,0,0
U1259,9,7.8,9,5,1,0,1,2,44,1.8,0,0,0,0,0,0,1,0,1
U1260,6,8.5,6,3,2,0,1,1,44,1.8,0,0,0,0,0,0,0,1,1
U1261,7,16.0,12,6,2,1,2,2,45,2.3,0,0,0,0,0,1,0,0,1
U1262,4,7.4,6,2,1,0,1,1,55,1.8,0,0,0,0,0,0,1,0,1
U1263,21,25.9,22,12,7,3,3,3,18,3.3,0,1,0,0,0,0,0,0,0
U1264,18,32.4,27,11,6,2,3,3,23,3.9,1,0,0,0,0,0,0,0,0
U1265,23,41.1,31,14,8,3,3,4,15,3.9,0,0,0,0,0,0,1,0,0
U1266,8,18.0,8,5,1,1,0,2,40,2.5,0,1,0,0,0,0,0,0,1
U1267,21,41.5,27,15,9,2,4,4,15,3.9,0,1,0,0,0,0,0,0,0
U1268,7,15.9,12,5,4,1,1,2,38,2.7,0,0,0,0,0,1,0,0,1
U1269,17,33.5,23,14,10,3,4,3,19,3.3,0,1,0,0,0,0,0,0,0
U1270,28,53.2,37,19,15,6,8,5,9,4.8,0,0,0,0,0,0,0,1,0
U1271,7,13.2,10,4,1,0,0,2,37,2.0,1,0,0,0,0,0,0,0,1
U1272,9,14.6,14,7,3,0,0,3,39,2.5,0,0,0,1,0,0,0,0,1
U1273,11,13.7,13,6,3,0,1,2,45,2.5,0,0,1,0,0,0,0,0,1
U1274,10,16.2,9,6,2,1,1,2,36,2.6,0,0,1,0,0,0,0,0,1
U1275,8,16.9,13,7,3,1,1,2,41,2.4,0,0,1,0,0,0,0,0,1
U1276,11,17.0,17,7,4,1,1,3,32,2.2,0,0,0,0,0,0,0,1,1
U1277,10,23.4,17,8,3,0,1,3,28,2.8,0,1,0,0,0,0,0,0,0
U1278,21,40.6,26,15,8,2,4,4,14,3.6,0,0,0,1,0,0,0,0,0
U1279,22,37.1,29,16,10,4,5,4,14,3.8,0,1,0,0,0,0,0,0,0
U1280,21,40.4,26,15,11,4,4,4,21,3.4,1,0,0,0,0,0,0,0,0
U1281,16,30.9,25,10,4,2,2,3,28,3.1,1,0,0,0,0,0,0,0,0
U1282,4,5.5,3,3,0,1,1,1,49,2.0,0,0,0,1,0,0,0,0,1
U1283,25,51.7,36,16,12,5,7,5,4,4.8,1,0,0,0,0,0,0,0,0
U1284,16,29.3,22,9,4,1,1,3,24,3.2,0,0,1,0,0,0,0,0,1
U1285,14,29.2,18,9,6,1,2,3,26,3.0,0,0,0,0,0,0,0,1,1
U1286,23,38.5,27,15,10,3,6,4,11,3.7,1,0,0,0,0,0,0,0,0
U1287,12,30.1,17,12,5,1,2,3,32,3.3,0,0,0,1,0,0,0,0,1
U1288,17,33.9,22,12,7,2,3,3,33,3.0,0,0,0,1,0,0,0,0,1
U1289,19,28.9,25,12,7,3,2,3,22,3.5,0,0,0,0,0,1,0,0,0
U1290,22,46.8,34,17,12,4,6,4,10,4.1,1,0,0,0,0,0,0,0,0
U1291,14,22.2,15,7,3,1,1,3,29,3.1,0,0,0,1,0,0,0,0,1
U1292,16,35.9,21,13,8,2,3,3,21,3.2,0,0,0,0,0,0,1,0,0
U1293,24,48.5,33,16,12,4,6,5,16,4.1,0,0,0,1,0,0,0,0,0
U1294,17,26.4,17,10,6,2,3,3,28,3.2,0,0,0,1,0,0,0,0,1
U1295,15,25.8,16,10,4,2,1,2,32,2.6,0,0,0,1,0,0,0,0,1
U1296,16,29.2,21,11,6,2,2,3,27,3.4,0,0,0,0,0,1,0,0,0
U1297,12,22.6,14,10,5,1,2,2,36,2.6,1,0,0,0,0,0,0,0,1
U1298,20,34.5,23,12,7,2,3,4,14,3.4,0,0,0,0,1,0,0,0,0
U1299,21,32.3,20,14,10,3,4,4,17,3.6,1,0,0,0,0,0,0,0,0
U1300,20,32.6,28,13,8,2,4,3,22,3.7,0,1,0,0,0,0,0,0,0
U1301,9,16.1,13,6,3,1,0,2,46,2.8,0,0,0,1,0,0,0,0,1
U1302,14,30.2,17,9,5,1,1,3,30,3.6,0,0,0,1,0,0,0,0,1
U1303,17,35.5,26,11,7,3,3,4,19,4.0,0,1,0,0,0,0,0,0,0
U1304,19,31.0,23,11,7,2,2,4,23,3.9,0,0,0,0,0,0,0,1,0
U1305,16,29.7,23,11,5,1,2,4,21,3.7,0,0,0,1,0,0,0,0,0
U1306,18,31.8,25,13,9,3,4,4,21,3.1,0,0,0,0,0,0,0,1,0
U1307,9,16.3,7,5,1,0,1,2,42,2.5,0,0,0,0,0,0,1,0,1
U1308,11,15.0,16,5,3,1,2,2,34,2.8,0,1,0,0,0,0,0,0,1
U1309,10,21.0,11,6,3,1,1,2,39,2.6,0,0,0,0,1,0,0,0,1
U1310,13,27.5,14,10,7,3,4,3,28,3.0,0,0,0,0,0,1,0,0,1
U1311,22,44.5,30,15,11,3,6,4,4,3.6,0,0,0,0,0,1,0,0,0
U1312,12,18.5,8,6,3,1,1,2,37,2.3,0,0,0,0,0,0,0,1,1
U1313,15,29.8,23,10,6,2,3,3,23,3.0,0,0,0,0,0,1,0,0,1
U1314,10,17.5,12,7,4,1,1,2,36,2.8,0,0,0,0,0,0,1,0,1
U1315,8,17.3,10,4,2,1,0,2,42,2.2,0,0,0,1,0,0,0,0,1
U1316,15,25.0,22,11,5,1,2,3,26,3.6,0,0,0,0,0,1,0,0,0
U1317,10,17.9,10,5,1,1,1,2,40,2.8,0,0,0,0,0,0,0,1,1
U1318,16,26.1,19,9,4,1,1,3,25,3.0,1,0,0,0,0,0,0,0,0
U1319,18,32.6,25,12,7,1,3,4,14,3.2,0,0,1,0,0,0,0,0,0
U1320,11,21.0,11,4,2,0,0,2,42,2.6,0,0,0,1,0,0,0,0,1
U1321,16,34.1,17,9,5,2,2,3,28,3.2,0,0,0,0,0,0,0,1,1
U1322,29,48.1,34,18,14,6,7,5,7,4.3,0,0,0,1,0,0,0,0,0
U1323,2,1.5,4,3,2,0,0,1,49,1.5,1,0,0,0,0,0,0,0,1
U1324,16,26.1,16,9,6,2,3,3,27,3.0,0,0,0,0,0,1,0,0,1
U1325,29,50.5,35,19,14,5,8,4,10,4.4,0,0,0,0,0,0,1,0,0
U1326,21,29.9,23,13,7,2,2,3,20,3.6,0,0,0,0,0,1,0,0,0
U1327,25,44.6,33,16,11,5,5,4,6,4.0,0,0,0,0,0,0,0,1,0
U1328,23,39.2,28,17,11,4,5,5,11,4.2,0,0,0,0,0,1,0,0,0
U1329,22,42.6,25,13,8,2,4,4,13,4.2,0,0,0,0,0,1,0,0,0
U1330,15,30.5,23,13,8,2,3,3,25,3.3,0,0,0,1,0,0,0,0,0
U1331,17,30.5,27,11,6,2,2,3,18,3.8,1,0,0,0,0,0,0,0,0
U1332,9,12.9,9,6,3,1,1,3,36,2.7,0,0,0,0,1,0,0,0,1
U1333,15,22.5,18,10,4,1,1,2,28,2.9,0,1,0,0,0,0,0,0,1
U1334,24,47.2,29,17,13,5,7,4,5,4.5,0,0,0,0,1,0,0,0,0
U1335,24,50.3,34,16,12,4,6,4,4,3.9,0,0,0,0,0,0,1,0,0
U1336,16,31.5,19,10,6,1,2,4,29,3.0,0,0,0,0,0,0,1,0,1
U1337,16,26.6,20,11,7,2,3,3,25,3.6,0,1,0,0,0,0,0,0,0
U1338,12,16.9,9,7,3,1,1,2,40,2.6,0,0,0,1,0,0,0,0,1
U1339,19,33.7,29,13,8,3,3,4,19,3.5,0,1,0,0,0,0,0,0,0
U1340,5,6.0,9,2,0,0,1,2,53,1.8,0,1,0,0,0,0,0,0,1
U1341,9,21.0,9,7,3,1,1,2,35,2.3,0,0,0,0,0,0,1,0,1
U1342,17,31.7,19,12,7,2,3,3,22,3.7,1,0,0,0,0,0,0,0,1
U1343,16,29.4,19,10,5,2,3,3,28,3.1,0,0,0,0,0,0,0,1,0
U1344,18,38.6,21,12,8,2,4,3,23,3.4,0,0,0,0,0,0,0,1,1
U1345,16,20.5,17,11,6,0,3,2,27,3.2,0,0,1,0,0,0,0,0,0
U1346,2,4.1,4,0,0,0,0,1,46,2.1,0,0,0,0,1,0,0,0,1
U1347,22,46.0,34,18,13,4,7,4,4,4.1,0,0,0,0,0,0,0,1,0
U1348,10,23.8,19,10,4,1,0,3,37,3.5,0,0,0,0,1,0,0,0,1
U1349,17,30.4,18,10,6,2,2,2,28,2.7,0,0,0,0,0,1,0,0,1
U1350,27,45.0,33,16,11,4,5,4,8,4.6,1,0,0,0,0,0,0,0,0
U1351,22,41.0,24,13,9,3,4,4,12,4.0,0,0,0,0,1,0,0,0,0
U1352,26,44.6,33,17,12,5,6,4,8,4.4,0,0,0,0,0,0,1,0,0
U1353,15,28.4,17,9,5,2,2,3,29,2.7,0,0,0,0,0,0,1,0,1
U1354,11,21.1,16,6,3,1,1,3,39,2.5,0,0,0,0,0,0,1,0,1
U1355,21,48.0,31,15,11,4,5,4,10,4.0,0,1,0,0,0,0,0,0,0
U1356,13,33.2,21,10,5,2,2,3,25,3.3,1,0,0,0,0,0,0,0,0
U1357,9,15.3,14,7,4,1,2,2,38,2.7,0,1,0,0,0,0,0,0,1
U1358,27,53.6,33,17,13,5,7,4,8,4.3,0,0,0,0,0,1,0,0,0
U1359,8,20.6,14,4,2,1,1,3,34,2.4,0,0,0,0,0,0,0,1,1
U1360,15,24.2,18,9,5,2,1,3,32,3.0,0,0,0,1,0,0,0,0,1
U1361,12,28.6,18,8,4,0,1,3,33,2.6,0,1,0,0,0,0,0,0,1
U1362,20,36.4,26,13,9,3,4,4,21,4.2,0,0,0,0,0,1,0,0,0
U1363,6,20.4,13,3,2,1,1,2,35,2.4,0,0,0,1,0,0,0,0,1
U1364,3,6.2,6,2,1,1,0,1,49,1.6,0,0,0,0,0,0,1,0,1
U1365,18,35.5,22,12,8,2,3,4,19,3.2,1,0,0,0,0,0,0,0,0
U1366,18,27.7,19,10,7,2,3,3,28,2.9,0,0,0,1,0,0,0,0,0
U1367,6,11.6,7,4,2,1,2,2,45,2.4,1,0,0,0,0,0,0,0,1
U1368,16,30.3,18,10,7,1,2,3,31,3.2,0,0,0,0,0,1,0,0,0
U1369,7,11.4,7,1,1,0,0,2,46,2.1,0,1,0,0,0,0,0,0,1
U1370,20,37.2,27,13,8,3,4,4,17,3.5,1,0,0,0,0,0,0,0,0
U1371,5,9.6,7,3,2,0,0,2,43,2.1,0,0,0,0,1,0,0,0,1
U1372,19,34.7,24,11,5,1,1,4,19,3.0,1,0,0,0,0,0,0,0,0
U1373,23,35.5,26,15,11,3,4,4,14,3.9,0,1,0,0,0,0,0,0,0
U1374,15,28.1,20,11,6,2,2,3,25,3.1,0,1,0,0,0,0,0,0,1
U1375,27,46.1,33,17,12,5,6,4,8,4.4,0,0,0,0,0,1,0,0,0
U1376,2,1.5,4,1,0,0,0,1,50,1.8,0,0,0,0,0,0,1,0,1
U1377,22,37.0,30,16,11,4,5,4,13,4.2,0,0,1,0,0,0,0,0,0
U1378,18,30.5,16,9,6,2,2,3,21,3.3,0,0,0,0,0,0,1,0,1
U1379,21,38.9,27,13,9,3,4,4,10,3.8,0,1,0,0,0,0,0,0,0
U1380,25,40.7,34,15,10,3,4,4,15,4.4,1,0,0,0,0,0,0,0,0
U1381,14,27.2,20,10,5,2,2,3,28,3.0,0,0,0,0,0,1,0,0,1
U1382,15,30.3,21,12,8,2,4,3,27,3.5,0,0,0,0,1,0,0,0,0
U1383,27,47.6,35,18,14,5,7,4,7,4.5,0,0,0,0,1,0,0,0,0
U1384,8,22.9,16,8,4,1,1,3,36,2.6,0,0,0,0,0,1,0,0,1
U1385,20,32.9,26,11,7,2,3,3,21,3.3,0,0,0,0,0,1,0,0,0
U1386,20,33.4,21,13,9,3,4,4,24,3.2,0,0,0,0,0,0,1,0,0
U1387,23,43.6,30,15,10,4,5,4,12,4.2,0,0,0,0,0,0,1,0,0
U1388,3,6.9,5,1,0,1,0,1,48,1.2,1,0,0,0,0,0,0,0,1
U1389,2,0.0,5,3,2,0,1,1,52,1.2,0,1,0,0,0,0,0,0,1
U1390,10,17.9,13,9,5,1,2,2,33,2.8,0,0,0,1,0,0,0,0,1
U1391,15,28.9,18,10,7,1,2,3,29,2.6,0,0,0,0,0,0,1,0,0
U1392,20,26.6,17,13,8,2,2,3,25,2.9,0,0,0,1,0,0,0,0,1
U1393,9,14.6,12,5,2,0,0,3,44,2.4,0,0,0,1,0,0,0,0,1
U1394,1,4.8,2,1,0,0,0,1,51,1.4,0,0,0,0,0,0,0,1,1
U1395,30,48.5,32,18,15,5,8,5,3,4.2,0,0,0,1,0,0,0,0,0
U1396,12,25.1,14,6,3,1,1,3,28,3.1,1,0,0,0,0,0,0,0,1
U1397,21,44.0,34,18,13,5,6,4,12,4.2,0,0,1,0,0,0,0,0,0
U1398,8,13.1,7,4,3,0,0,3,41,2.6,0,0,0,0,1,0,0,0,1
U1399,14,28.4,18,9,5,2,1,3,31,2.9,1,0,0,0,0,0,0,0,1
U1400,7,10.9,5,6,3,0,1,2,43,2.6,0,0,0,0,0,0,0,1,1
U1401,27,49.3,34,18,14,5,8,5,8,3.6,0,0,0,0,0,0,1,0,0
U1402,11,23.5,15,6,4,1,2,2,37,2.2,0,0,0,0,0,0,0,1,1
U1403,4,7.8,5,3,1,0,0,2,39,1.6,0,0,0,1,0,0,0,0,1
U1404,24,49.2,31,15,11,4,5,4,13,3.9,0,0,0,0,0,1,0,0,0
U1405,11,19.0,14,7,5,2,2,2,34,3.0,0,0,0,0,0,0,1,0,1
U1406,26,43.8,33,16,11,4,5,4,12,4.5,0,1,0,0,0,0,0,0,0
U1407,14,28.3,16,10,6,2,2,3,26,3.1,0,0,0,0,0,0,1,0,0
U1408,2,3.4,2,4,0,0,0,2,53,1.9,0,1,0,0,0,0,0,0,1
U1409,25,43.1,35,18,13,5,7,4,10,3.6,0,0,0,0,0,0,0,1,0
U1410,12,19.4,11,5,2,0,0,2,32,2.7,0,0,0,0,0,1,0,0,1
U1411,19,35.5,21,12,7,2,3,3,21,3.2,0,1,0,0,0,0,0,0,0
U1412,15,31.3,21,11,5,2,2,3,30,2.9,0,1,0,0,0,0,0,0,0
U1413,8,16.2,15,7,3,0,1,2,43,2.2,0,0,0,0,0,0,1,0,1
U1414,22,42.0,28,15,10,3,4,4,11,4.0,0,0,0,0,0,0,0,1,0
U1415,25,47.6,33,17,13,4,6,4,8,4.5,1,0,0,0,0,0,0,0,0
U1416,10,16.3,8,6,2,0,0,2,37,2.0,0,0,0,0,0,0,0,1,1
U1417,11,28.0,16,8,5,1,3,3,27,2.7,0,0,0,0,0,0,1,0,1
U1418,12,24.9,16,7,4,1,2,3,31,3.2,0,0,0,0,0,0,0,1,1
U1419,16,29.8,20,10,5,2,2,3,32,2.8,0,0,0,0,0,0,1,0,1
U1420,14,25.5,17,11,5,1,3,3,27,2.6,0,0,0,1,0,0,0,0,0
U1421,14,27.3,18,8,4,1,1,3,30,3.6,0,0,0,0,1,0,0,0,1
U1422,15,23.3,17,10,5,1,2,3,26,2.8,0,1,0,0,0,0,0,0,0
U1423,20,39.7,28,14,9,3,4,4,14,3.8,0,1,0,0,0,0,0,0,0
U1424,16,26.4,17,8,4,2,1,3,28,3.1,0,0,0,0,0,1,0,0,1
U1425,25,59.7,31,18,14,5,7,5,12,4.7,1,0,0,0,0,0,0,0,0
U1426,10,19.6,11,7,2,1,1,3,41,2.5,0,0,1,0,0,0,0,0,1
U1427,21,35.7,28,15,10,3,4,4,20,3.8,0,0,0,0,0,0,1,0,0
U1428,18,22.2,19,11,6,1,2,3,27,3.2,0,0,0,0,0,1,0,0,1
U1429,13,18.2,15,8,4,1,1,3,29,3.1,0,0,0,0,0,0,0,1,1
U1430,18,29.1,20,12,9,2,4,3,22,3.6,0,0,0,0,0,1,0,0,0
U1431,20,32.3,26,13,7,2,3,4,18,3.9,0,0,0,1,0,0,0,0,0
U1432,21,34.1,28,10,6,2,3,4,17,3.5,0,0,0,0,0,0,0,1,0
U1433,19,33.2,25,11,7,2,4,4,21,3.3,0,0,0,0,0,0,1,0,0
U1434,21,42.9,29,14,9,2,5,4,17,3.7,0,0,0,0,1,0,0,0,0
U1435,20,36.1,21,13,9,2,4,4,22,3.4,1,0,0,0,0,0,0,0,0
U1436,23,50.1,34,18,12,4,6,4,9,4.5,1,0,0,0,0,0,0,0,0
U1437,19,29.6,26,13,7,2,3,4,23,2.9,0,0,0,0,0,0,1,0,0
U1438,23,33.5,26,13,6,1,2,3,18,3.8,0,0,0,1,0,0,0,0,0
U1439,13,21.4,19,9,4,1,1,3,34,3.0,0,0,0,0,0,0,1,0,0
U1440,12,22.1,11,8,3,1,0,2,37,2.3,0,1,0,0,0,0,0,0,1
U1441,4,11.7,7,6,3,1,1,1,41,2.2,0,0,0,0,0,0,1,0,1
U1442,15,34.9,20,11,7,2,3,3,28,3.3,0,0,0,1,0,0,0,0,1
U1443,7,7.6,5,3,1,0,1,2,46,2.3,1,0,0,0,0,0,0,0,1
U1444,20,36.9,25,15,10,4,5,4,18,3.8,0,0,0,0,1,0,0,0,0
U1445,12,25.2,18,10,5,2,1,3,30,2.9,0,0,0,0,0,1,0,0,1
U1446,10,17.1,14,8,3,0,1,2,37,2.5,0,0,0,0,0,1,0,0,1
U1447,4,7.2,1,1,0,1,0,1,45,2.1,0,0,0,0,0,0,1,0,1
U1448,20,36.0,27,11,7,2,2,3,17,4.1,1,0,0,0,0,0,0,0,0
U1449,20,36.1,26,14,9,3,4,4,23,3.7,0,0,0,0,0,0,0,1,0
U1450,17,29.1,25,10,5,2,2,4,32,3.2,0,0,0,0,0,1,0,0,1
U1451,10,21.1,17,8,5,1,1,3,34,2.9,0,1,0,0,0,0,0,0,1
U1452,17,27.4,22,14,8,2,2,3,22,3.8,0,0,0,0,0,0,1,0,0
U1453,2,6.5,2,1,0,0,0,1,51,1.7,0,0,0,0,1,0,0,0,1
U1454,14,29.9,18,10,6,2,3,3,29,2.8,0,0,0,0,0,1,0,0,0
U1455,20,45.1,33,15,9,3,4,4,12,4.4,0,0,0,0,0,0,0,1,0
U1456,7,6.5,7,5,0,0,0,2,49,2.0,0,1,0,0,0,0,0,0,1
U1457,3,7.3,6,4,2,0,2,1,42,2.1,0,0,0,0,0,0,1,0,1
U1458,13,25.6,18,8,4,1,1,3,31,2.5,0,0,0,0,0,0,1,0,0
U1459,8,11.8,11,7,4,0,1,2,46,2.4,0,0,0,0,0,0,1,0,1
U1460,20,40.7,25,14,8,2,3,4,21,3.9,0,0,0,0,0,1,0,0,0
U1461,8,6.2,8,4,2,1,1,2,48,2.1,0,1,0,0,0,0,0,0,1
U1462,9,17.5,15,4,2,1,0,3,36,2.5,0,0,0,0,0,0,0,1,1
U1463,15,17.9,14,8,5,1,2,2,32,2.7,0,0,0,0,0,0,0,1,1
U1464,15,32.4,19,10,4,1,1,3,27,3.2,1,0,0,0,0,0,0,0,1
U1465,10,18.6,12,5,2,1,0,3,37,2.4,1,0,0,0,0,0,0,0,1
U1466,15,32.2,20,11,7,2,2,3,23,3.7,0,1,0,0,0,0,0,0,0
U1467,9,20.0,10,3,1,1,1,2,40,2.2,1,0,0,0,0,0,0,0,1
U1468,11,22.8,15,11,6,1,2,3,36,2.7,0,1,0,0,0,0,0,0,1
U1469,4,13.6,3,3,1,0,0,1,46,2.0,0,0,0,0,0,0,0,1,1
U1470,22,38.2,30,16,11,4,5,4,14,3.9,0,0,0,0,0,0,0,1,0
U1471,18,34.3,25,13,7,3,3,3,20,3.3,0,1,0,0,0,0,0,0,0
U1472,11,19.9,14,4,2,0,1,2,41,2.6,0,0,1,0,0,0,0,0,1
U1473,31,46.5,30,18,14,6,7,5,7,4.6,0,0,0,1,0,0,0,0,0
U1474,15,20.1,11,7,4,1,2,3,33,2.9,0,0,0,0,0,0,1,0,1
U1475,13,18.1,19,8,4,1,1,3,31,2.6,1,0,0,0,0,0,0,0,1
U1476,11,18.2,12,8,3,1,1,2,35,2.4,0,0,0,1,0,0,0,0,1
U1477,5,10.8,5,7,3,1,1,2,41,2.3,0,0,0,0,0,0,0,1,1
U1478,3,9.0,8,4,2,1,0,2,48,2.0,0,1,0,0,0,0,0,0,1
U1479,27,52.2,31,19,14,6,8,4,6,4.6,1,0,0,0,0,0,0,0,0
U1480,17,34.1,19,9,4,2,1,3,26,3.2,0,1,0,0,0,0,0,0,0
U1481,11,21.4,13,5,1,1,1,2,37,2.2,0,0,0,1,0,0,0,0,1
U1482,11,14.1,12,5,2,0,1,2,38,2.6,1,0,0,0,0,0,0,0,1
U1483,14,27.8,20,12,5,1,1,3,23,3.2,0,1,0,0,0,0,0,0,1
U1484,24,42.6,31,15,11,5,6,4,14,3.8,0,0,0,0,0,0,1,0,0
U1485,7,14.0,8,5,1,0,1,2,46,2.0,0,1,0,0,0,0,0,0,1
U1486,10,16.1,10,5,1,0,0,2,40,2.2,1,0,0,0,0,0,0,0,1
U1487,12,20.2,15,8,6,2,2,3,28,3.0,1,0,0,0,0,0,0,0,1
U1488,22,38.4,27,14,9,3,4,4,21,3.6,0,0,1,0,0,0,0,0,0
U1489,5,4.8,7,2,1,0,0,2,46,1.9,1,0,0,0,0,0,0,0,1
U1490,19,32.8,26,12,8,3,3,4,17,3.3,0,0,0,1,0,0,0,0,0
U1491,26,48.3,34,20,16,6,9,5,6,4.3,0,0,0,0,0,0,0,1,0
U1492,2,4.8,3,1,0,1,0,1,53,1.7,0,0,1,0,0,0,0,0,1
U1493,25,47.5,29,16,11,3,5,4,12,4.0,0,0,0,0,1,0,0,0,0
U1494,27,49.5,38,19,14,5,8,5,6,4.0,0,1,0,0,0,0,0,0,0
U1495,12,29.0,21,10,7,2,3,3,33,3.5,1,0,0,0,0,0,0,0,1
U1496,28,40.5,32,17,11,4,6,4,10,4.2,0,0,0,1,0,0,0,0,0
U1497,23,39.9,26,16,11,4,5,5,17,3.8,1,0,0,0,0,0,0,0,0
U1498,18,36.0,22,12,7,2,3,4,27,3.3,0,0,0,0,1,0,0,0,1
U1499,22,36.1,31,13,8,2,5,4,15,4.0,0,0,0,0,0,0,1,0,0
U1500,6,12.0,3,2,0,0,0,2,45,2.1,0,0,1,0,0,0,0,0,1
U1501,10,17.7,14,7,2,0,0,2,41,2.7,0,0,0,0,0,0,0,1,1
U1502,21,35.9,25,12,6,2,3,3,21,3.9,0,0,0,1,0,0,0,0,0
U1503,2,9.8,7,2,1,1,1,2,47,1.7,0,0,0,0,0,0,0,1,1
U1504,7,19.8,10,5,2,0,2,3,36,2.4,1,0,0,0,0,0,0,0,1
U1505,9,21.4,11,5,1,0,0,2,35,2.5,0,0,0,1,0,0,0,0,1
U1506,18,36.0,22,15,11,3,5,4,23,3.7,0,0,1,0,0,0,0,0,0
U1507,18,38.8,27,14,11,3,5,4,18,3.8,0,0,0,0,0,0,1,0,0
U1508,22,38.2,28,14,9,3,4,5,20,3.2,1,0,0,0,0,0,0,0,0
U1509,0,1.0,4,1,1,0,0,1,57,2.5,0,0,0,0,0,0,1,0,1
U1510,13,21.5,13,7,4,2,2,2,40,3.1,1,0,0,0,0,0,0,0,1
U1511,16,24.3,16,8,4,1,2,3,29,2.8,0,0,0,1,0,0,0,0,1
U1512,26,45.6,35,17,12,4,5,5,13,4.6,0,0,0,0,0,1,0,0,0
U1513,17,34.2,23,10,5,2,2,3,26,3.1,1,0,0,0,0,0,0,0,0
U1514,21,33.4,20,12,7,2,3,4,19,3.2,0,1,0,0,0,0,0,0,1
U1515,12,21.6,16,9,5,1,2,3,32,2.7,0,1,0,0,0,0,0,0,1
U1516,25,45.6,28,16,11,4,5,4,11,4.0,0,0,0,0,1,0,0,0,0
U1517,24,35.0,24,12,8,3,4,3,20,3.7,1,0,0,0,0,0,0,0,0
U1518,12,27.1,18,9,5,1,2,3,29,3.2,0,0,0,0,0,0,0,1,0
U1519,18,40.3,29,12,8,3,3,4,21,3.6,0,1,0,0,0,0,0,0,0
U1520,19,33.9,21,11,6,2,2,4,20,3.0,0,0,0,0,0,0,0,1,0
U1521,27,41.8,32,15,11,4,5,4,13,4.1,1,0,0,0,0,0,0,0,0
U1522,20,36.1,24,15,9,4,4,4,15,4.1,0,0,0,0,0,1,0,0,0
U1523,12,13.5,11,6,3,0,1,2,40,2.4,0,0,0,0,0,0,1,0,1
U1524,21,40.0,26,16,9,3,3,4,17,3.7,1,0,0,0,0,0,0,0,0
U1525,8,19.7,15,6,2,1,1,2,34,3.2,0,0,1,0,0,0,0,0,1
U1526,16,26.8,16,8,4,0,0,2,32,3.2,0,0,0,0,1,0,0,0,1
U1527,22,40.3,27,15,10,3,4,4,15,3.7,0,1,0,0,0,0,0,0,0
U1528,17,27.3,17,12,7,2,3,3,26,3.0,0,1,0,0,0,0,0,0,1
U1529,10,24.2,16,6,2,0,1,3,31,2.5,0,0,0,0,0,0,0,1,1
U1530,7,12.8,9,6,1,0,0,2,42,2.5,0,0,0,0,0,0,1,0,1
U1531,15,30.2,24,11,7,2,3,3,24,3.7,0,1,0,0,0,0,0,0,1
U1532,8,15.0,14,8,4,1,2,2,35,2.7,0,0,0,0,0,1,0,0,1
U1533,15,24.8,21,11,6,2,2,3,30,2.9,1,0,0,0,0,0,0,0,1
U1534,25,46.8,29,17,12,3,6,4,13,4.3,0,0,0,1,0,0,0,0,0
U1535,6,15.0,9,5,1,1,0,2,34,2.0,0,0,0,0,0,0,0,1,1
U1536,9,22.8,14,10,6,1,2,2,29,3.3,0,0,0,0,0,1,0,0,1
U1537,22,47.0,29,18,13,4,7,5,16,3.9,0,0,0,0,1,0,0,0,0
U1538,11,18.8,16,8,4,1,0,3,31,2.4,0,1,0,0,0,0,0,0,1
U1539,8,16.2,11,5,2,1,0,2,37,2.4,0,1,0,0,0,0,0,0,1
U1540,12,24.3,19,7,3,1,1,2,33,3.0,0,0,0,1,0,0,0,0,1
U1541,25,38.6,30,16,12,4,6,4,15,4.0,0,0,0,1,0,0,0,0,0
U1542,16,28.4,23,12,7,2,4,3,26,3.2,0,0,0,0,1,0,0,0,1
U1543,10,17.7,16,6,3,0,0,3,28,2.7,1,0,0,0,0,0,0,0,1
U1544,22,28.5,23,10,6,1,2,3,21,3.5,0,0,0,0,0,0,1,0,0
U1545,24,45.2,28,14,10,3,5,5,16,4.2,0,1,0,0,0,0,0,0,0
U1546,17,22.6,20,10,7,2,2,3,26,3.1,0,0,0,0,1,0,0,0,0
U1547,11,18.7,12,7,3,0,1,2,44,2.1,0,1,0,0,0,0,0,0,1
U1548,18,32.3,25,13,8,2,4,4,20,3.4,0,0,0,0,0,0,0,1,0
U1549,14,25.1,16,9,6,1,2,3,36,3.1,0,1,0,0,0,0,0,0,1
U1550,9,16.9,12,8,5,1,1,3,40,2.1,0,0,0,1,0,0,0,0,1
U1551,7,10.9,13,8,4,1,1,2,37,2.5,0,0,0,0,0,0,0,1,1
U1552,10,17.8,14,8,3,1,0,3,38,2.5,0,0,0,0,0,1,0,0,1
U1553,17,37.1,24,13,10,3,5,4,23,3.5,1,0,0,0,0,0,0,0,0
U1554,16,32.4,23,10,5,1,1,3,21,3.2,0,0,0,1,0,0,0,0,0
U1555,26,45.7,32,16,12,4,6,5,10,3.8,0,0,0,0,0,0,1,0,0
U1556,23,44.8,30,14,10,4,6,4,16,3.8,0,0,0,0,0,0,0,1,0
U1557,9,16.7,12,6,2,1,1,2,39,2.7,0,0,0,0,0,1,0,0,1
U1558,7,14.0,13,4,2,1,0,2,39,1.7,0,0,0,0,1,0,0,0,1
U1559,8,14.8,10,4,2,1,0,2,48,2.7,1,0,0,0,0,0,0,0,1
U1560,12,20.6,15,9,4,2,1,3,28,2.6,0,0,0,0,0,0,1,0,1
U1561,22,37.5,32,15,10,3,4,4,14,3.7,0,1,0,0,0,0,0,0,0
U1562,29,54.8,37,19,14,5,7,5,5,4.4,0,0,0,0,0,0,0,1,0
U1563,17,33.9,22,11,6,2,3,3,30,3.7,0,0,0,0,0,0,1,0,0
U1564,6,16.0,12,6,3,1,2,2,32,2.1,1,0,0,0,0,0,0,0,1
U1565,20,39.0,22,13,9,4,4,4,18,3.5,0,0,0,1,0,0,0,0,0
U1566,20,38.8,26,17,10,4,5,4,15,3.9,0,0,1,0,0,0,0,0,0
U1567,25,42.0,28,19,13,5,6,4,9,4.3,1,0,0,0,0,0,0,0,0
U1568,15,26.3,14,9,5,1,3,3,32,3.5,1,0,0,0,0,0,0,0,0
U1569,0,7.6,1,1,0,0,0,2,48,1.4,0,0,0,0,0,1,0,0,1
U1570,1,5.5,1,1,0,1,0,1,46,1.5,0,0,0,1,0,0,0,0,1
U1571,8,18.7,11,4,1,1,0,2,34,2.7,0,0,0,0,0,0,1,0,1
U1572,11,23.7,14,9,6,2,2,2,36,2.5,0,1,0,0,0,0,0,0,1
U1573,23,40.1,29,14,10,4,5,4,15,3.9,0,1,0,0,0,0,0,0,0
U1574,5,11.4,10,4,3,1,0,2,40,2.5,0,1,0,0,0,0,0,0,1
U1575,22,42.5,27,13,9,3,3,4,11,3.5,0,1,0,0,0,0,0,0,0
U1576,17,30.1,22,12,7,2,2,3,27,3.8,0,1,0,0,0,0,0,0,0
U1577,10,16.3,12,8,4,0,1,2,29,2.8,0,1,0,0,0,0,0,0,1
U1578,19,37.3,27,13,9,3,3,4,24,3.4,0,0,0,0,0,1,0,0,0
U1579,19,32.8,23,13,8,2,3,4,17,3.5,0,0,0,0,0,0,0,1,0
U1580,21,31.3,26,16,9,3,3,4,18,3.9,0,1,0,0,0,0,0,0,0
U1581,18,32.4,20,10,7,2,2,3,26,3.4,0,0,0,1,0,0,0,0,0
U1582,19,35.5,24,11,6,2,3,3,22,3.7,0,0,1,0,0,0,0,0,0
U1583,4,16.2,7,5,2,1,0,1,44,2.0,0,1,0,0,0,0,0,0,1
U1584,20,37.5,26,13,7,2,3,4,16,3.7,0,0,0,0,1,0,0,0,0
U1585,17,32.7,22,9,5,1,3,3,26,3.1,0,0,0,0,0,0,1,0,0
U1586,23,40.5,25,12,8,1,4,4,20,3.8,0,0,0,0,0,0,1,0,0
U1587,14,18.8,16,9,5,1,2,3,33,2.7,0,0,0,0,0,0,1,0,1
U1588,22,42.7,29,16,11,3,5,4,12,3.4,0,0,0,1,0,0,0,0,0
U1589,18,34.8,26,13,8,2,4,4,20,3.4,0,0,0,1,0,0,0,0,0
U1590,16,28.0,20,10,6,1,3,3,24,2.8,0,0,0,0,0,1,0,0,0
U1591,7,13.3,12,5,2,0,0,2,40,2.8,0,0,0,0,0,1,0,0,1
U1592,13,18.7,13,7,4,1,1,3,39,2.9,0,0,0,0,0,0,0,1,1
U1593,19,35.2,28,12,8,3,3,4,17,3.2,0,0,0,0,0,1,0,0,0
U1594,17,31.5,22,12,6,2,3,4,27,3.5,0,0,0,0,0,1,0,0,1
U1595,13,20.3,14,7,5,1,1,3,36,2.7,0,0,0,1,0,0,0,0,1
U1596,3,5.2,2,3,1,0,0,2,45,1.9,0,0,0,0,0,0,1,0,1
U1597,8,8.5,10,6,2,0,0,2,39,1.8,0,0,0,1,0,0,0,0,1
U1598,21,35.6,26,12,8,3,3,3,16,3.9,1,0,0,0,0,0,0,0,0
U1599,8,14.8,8,8,4,1,1,3,39,2.5,0,0,0,0,0,0,1,0,1
U1600,23,49.0,29,17,11,3,5,4,9,3.6,0,0,0,0,0,0,0,1,0
U1601,31,53.9,32,17,13,5,7,5,6,4.8,1,0,0,0,0,0,0,0,0
U1602,13,22.6,15,8,3,1,1,3,30,3.3,1,0,0,0,0,0,0,0,0
U1603,24,44.2,27,16,10,3,4,4,16,3.8,0,1,0,0,0,0,0,0,0
U1604,19,33.1,24,12,7,2,3,3,26,3.3,0,0,0,0,0,1,0,0,0
U1605,19,33.2,25,14,9,3,3,4,16,3.6,1,0,0,0,0,0,0,0,0
U1606,26,46.8,33,18,13,5,7,5,6,4.6,0,0,0,1,0,0,0,0,0
U1607,15,27.7,15,10,5,1,2,3,29,3.4,1,0,0,0,0,0,0,0,1
U1608,3,0.0,2,2,0,0,0,1,49,1.5,0,1,0,0,0,0,0,0,1
U1609,19,34.9,26,13,9,3,5,4,17,3.3,0,0,0,0,0,1,0,0,0
U1610,23,48.7,30,16,12,4,5,4,14,4.0,0,0,0,0,1,0,0,0,0
U1611,6,8.6,5,1,1,0,0,1,44,2.3,0,0,0,0,0,0,0,1,1
U1612,27,46.5,32,16,11,4,6,5,4,4.1,0,0,0,0,1,0,0,0,0
U1613,29,50.9,32,18,14,5,8,5,4,4.2,0,0,0,0,1,0,0,0,0
U1614,22,37.4,23,11,8,2,3,4,19,4.1,0,1,0,0,0,0,0,0,0
U1615,5,8.5,3,2,1,0,0,2,45,1.7,0,0,0,0,0,0,1,0,1
U1616,14,36.4,22,9,6,2,3,3,21,3.7,0,0,0,0,0,1,0,0,0
U1617,8,16.0,12,6,2,1,1,3,43,2.4,0,0,0,0,0,0,0,1,1
U1618,28,48.4,35,19,13,4,7,5,7,4.2,0,0,0,0,0,1,0,0,0
U1619,7,12.3,7,4,2,0,0,2,47,2.3,0,0,0,0,0,0,1,0,1
U1620,22,43.1,30,16,13,5,6,4,10,4.0,0,1,0,0,0,0,0,0,0
U1621,17,30.9,23,10,5,1,2,4,28,3.1,0,0,0,0,0,0,1,0,0
U1622,16,29.4,18,11,6,3,3,3,27,2.8,0,0,0,0,0,0,0,1,1
U1623,10,13.4,11,7,4,2,1,2,35,2.5,0,0,0,0,0,0,1,0,1
U1624,15,25.2,17,8,5,0,2,3,28,3.1,1,0,0,0,0,0,0,0,1
U1625,12,30.3,16,9,4,1,1,3,33,2.6,1,0,0,0,0,0,0,0,1
U1626,2,2.8,1,3,1,0,0,2,56,2.0,0,0,0,0,0,1,0,0,1
U1627,22,42.2,25,13,10,3,5,4,14,3.8,0,0,0,1,0,0,0,0,0
U1628,17,32.1,23,9,5,2,2,3,23,2.9,0,1,0,0,0,0,0,0,1
U1629,19,33.5,27,13,8,3,3,4,20,3.6,1,0,0,0,0,0,0,0,0
U1630,21,37.6,30,14,10,3,4,4,21,3.9,0,1,0,0,0,0,0,0,0
U1631,23,34.0,29,15,10,4,4,4,19,3.6,0,1,0,0,0,0,0,0,0
U1632,22,33.7,23,11,6,3,2,4,17,3.8,0,0,1,0,0,0,0,0,0
U1633,18,36.7,21,12,8,2,4,4,18,3.8,0,0,0,0,0,1,0,0,0
U1634,25,46.6,29,16,11,4,4,4,8,4.3,1,0,0,0,0,0,0,0,0
U1635,16,37.6,22,12,7,2,3,3,22,3.4,0,0,0,0,0,1,0,0,0
U1636,18,32.5,20,15,11,4,4,3,24,3.6,0,0,0,0,0,0,0,1,0
U1637,18,30.8,20,13,8,3,4,4,24,3.8,0,1,0,0,0,0,0,0,0
U1638,30,49.2,34,17,13,5,7,5,4,4.4,0,0,0,0,0,1,0,0,0
U1639,26,48.1,34,17,14,5,7,5,9,4.4,1,0,0,0,0,0,0,0,0
U1640,2,8.5,9,1,0,0,0,2,53,1.9,0,0,0,0,0,0,1,0,1
U1641,27,52.2,30,18,13,5,5,4,14,4.1,0,0,0,0,1,0,0,0,0
U1642,5,11.6,9,3,2,0,0,2,41,2.5,0,0,0,0,1,0,0,0,1
U1643,16,32.8,18,11,7,2,3,3,28,3.5,0,0,0,0,0,1,0,0,1
U1644,7,12.6,8,5,3,1,0,1,44,2.5,0,0,1,0,0,0,0,0,1
U1645,10,16.9,14,6,2,1,0,2,40,2.8,0,0,0,0,0,0,1,0,1
U1646,2,4.1,8,2,1,0,0,2,58,1.9,0,0,0,0,0,0,1,0,1
U1647,22,35.9,21,14,8,3,3,3,16,3.7,1,0,0,0,0,0,0,0,0
U1648,21,37.0,24,12,9,3,4,3,18,3.8,1,0,0,0,0,0,0,0,0
U1649,28,53.4,37,21,17,7,9,5,3,4.1,0,0,0,0,0,1,0,0,0
U1650,19,33.8,26,13,8,2,3,3,23,3.8,0,0,1,0,0,0,0,0,0
U1651,4,9.3,2,4,2,1,1,1,48,2.1,0,0,0,0,0,0,1,0,1
U1652,22,42.9,27,17,11,3,5,3,18,3.6,0,0,0,0,0,0,0,1,0
U1653,12,17.2,12,7,3,0,1,3,37,2.2,0,1,0,0,0,0,0,0,1
U1654,16,32.5,23,11,7,2,3,4,21,3.4,0,0,1,0,0,0,0,0,0
U1655,7,6.2,9,3,1,0,0,1,43,1.8,0,0,0,0,0,0,1,0,1
U1656,27,40.9,33,19,16,6,8,5,8,4.4,0,0,0,0,0,0,0,1,0
U1657,13,23.5,13,8,4,0,1,3,35,2.5,0,0,0,0,1,0,0,0,1
U1658,12,16.3,13,6,4,1,2,2,41,2.2,0,0,1,0,0,0,0,0,1
U1659,25,51.6,31,15,9,3,5,5,9,4.3,0,0,0,1,0,0,0,0,0
U1660,10,19.3,12,7,3,0,1,2,33,3.0,0,0,0,0,0,0,0,1,1
U1661,22,39.2,27,16,12,4,6,4,17,3.9,1,0,0,0,0,0,0,0,0
U1662,15,31.1,17,10,6,2,2,3,28,3.2,0,0,1,0,0,0,0,0,0
U1663,12,24.8,17,9,5,1,3,2,33,2.6,1,0,0,0,0,0,0,0,1
U1664,8,13.6,5,3,2,0,0,2,46,2.2,0,0,0,0,1,0,0,0,1
U1665,23,40.0,29,16,13,5,6,4,9,3.8,0,1,0,0,0,0,0,0,0
U1666,26,51.2,34,19,13,5,8,5,10,4.8,0,0,0,0,1,0,0,0,0
U1667,15,24.9,19,11,7,2,3,3,29,2.5,0,0,0,1,0,0,0,0,1
U1668,27,40.8,32,18,13,5,6,4,11,4.1,0,0,0,0,0,0,0,1,0
U1669,7,17.0,9,6,3,0,1,2,44,2.3,1,0,0,0,0,0,0,0,1
U1670,15,29.0,23,12,7,2,3,3,25,2.9,0,0,0,1,0,0,0,0,0
U1671,9,14.9,9,5,3,1,1,3,39,2.7,0,0,0,0,0,0,0,1,1
U1672,22,37.4,31,17,12,3,6,4,14,3.9,1,0,0,0,0,0,0,0,0
U1673,9,21.6,15,7,3,0,1,3,37,2.9,0,0,0,0,0,0,1,0,0
U1674,15,32.5,24,12,7,3,3,3,22,3.2,0,0,0,0,0,1,0,0,1
U1675,22,39.0,25,14,9,3,4,4,20,3.6,1,0,0,0,0,0,0,0,0
U1676,27,45.8,33,16,10,3,5,5,4,4.1,0,0,0,0,0,0,0,1,0
U1677,25,49.2,35,16,12,4,6,4,13,3.9,1,0,0,0,0,0,0,0,0
U1678,3,0.0,4,1,2,1,0,1,54,1.7,0,0,0,0,1,0,0,0,1
U1679,21,39.5,26,13,7,3,3,4,19,4.0,1,0,0,0,0,0,0,0,0
U1680,15,31.6,19,12,7,2,3,3,25,3.3,1,0,0,0,0,0,0,0,0
U1681,18,26.9,18,11,7,2,3,4,29,3.4,0,0,0,0,1,0,0,0,0
U1682,20,30.2,25,14,8,2,3,3,22,3.5,0,0,0,1,0,0,0,0,0
U1683,8,15.3,8,6,4,1,1,2,39,2.1,1,0,0,0,0,0,0,0,1
U1684,22,34.3,25,13,9,3,3,4,19,3.7,0,0,0,0,0,0,1,0,0
U1685,14,23.4,13,8,5,1,2,3,36,2.6,0,0,0,0,0,0,1,0,1
U1686,4,16.3,8,5,2,1,1,1,47,2.3,0,0,0,0,0,0,0,1,1
U1687,21,41.6,29,16,9,3,5,4,17,4.2,0,0,0,1,0,0,0,0,0
U1688,25,41.1,29,16,11,4,6,4,12,4.1,0,0,0,1,0,0,0,0,0
U1689,25,42.6,32,15,10,3,5,4,8,4.5,0,0,1,0,0,0,0,0,0
U1690,14,19.6,19,9,6,1,3,3,29,3.0,0,0,0,0,0,0,0,1,1
U1691,25,45.4,32,17,12,5,6,4,13,4.4,0,0,0,1,0,0,0,0,0
U1692,20,35.4,29,15,11,3,5,4,19,3.9,0,0,0,0,0,0,1,0,0
U1693,22,39.9,27,17,11,3,6,4,17,4.1,1,0,0,0,0,0,0,0,0
U1694,21,43.7,26,14,10,4,5,4,18,4.2,0,1,0,0,0,0,0,0,0
U1695,14,22.9,18,9,4,1,1,3,33,2.8,0,1,0,0,0,0,0,0,1
U1696,8,23.1,13,5,2,0,0,3,36,2.7,0,0,0,0,0,0,1,0,1
U1697,16,31.0,17,11,5,2,2,3,26,3.3,0,0,0,0,0,0,0,1,0
U1698,26,50.1,33,17,13,5,7,5,1,4.3,0,0,0,0,0,1,0,0,0
U1699,19,28.8,22,11,5,1,2,4,25,3.2,0,0,0,1,0,0,0,0,0
U1700,16,31.8,20,10,6,1,2,3,25,3.1,1,0,0,0,0,0,0,0,1
U1701,20,36.3,22,11,8,2,3,4,22,3.3,0,1,0,0,0,0,0,0,0
U1702,10,26.1,14,7,3,1,1,3,30,2.4,0,0,0,0,1,0,0,0,1
U1703,26,38.0,31,16,11,4,4,4,12,4.5,1,0,0,0,0,0,0,0,0
U1704,16,23.3,14,6,3,0,1,3,32,2.6,0,0,0,0,0,0,0,1,1
U1705,22,42.1,26,16,11,4,4,4,17,4.0,0,1,0,0,0,0,0,0,0
U1706,21,36.4,26,14,9,3,5,3,14,3.8,0,1,0,0,0,0,0,0,0
U1707,18,44.7,29,14,9,3,4,4,15,4.1,1,0,0,0,0,0,0,0,0
U1708,20,35.5,23,14,8,2,3,3,18,3.3,0,0,1,0,0,0,0,0,0
U1709,7,15.8,12,5,2,0,1,2,38,2.4,1,0,0,0,0,0,0,0,1
U1710,24,47.7,33,19,15,5,7,5,12,4.1,1,0,0,0,0,0,0,0,0
U1711,2,4.3,0,1,1,0,0,1,51,1.6,0,0,0,1,0,0,0,0,1
U1712,15,28.6,18,11,6,2,3,3,23,3.4,0,0,0,1,0,0,0,0,1
U1713,19,35.0,24,13,7,1,3,3,17,3.5,0,0,1,0,0,0,0,0,0
U1714,18,32.9,18,12,7,2,3,4,23,3.1,0,1,0,0,0,0,0,0,0
U1715,11,24.6,19,8,5,1,2,2,33,2.8,0,0,0,0,0,0,1,0,1
U1716,17,36.3,23,12,8,2,3,4,21,3.5,0,0,0,0,0,0,1,0,0
U1717,22,33.8,26,16,10,3,5,4,17,3.9,0,0,0,0,0,0,0,1,0
U1718,24,38.4,30,15,12,4,5,4,12,3.3,0,1,0,0,0,0,0,0,0
U1719,20,41.6,26,13,8,3,3,4,23,3.6,1,0,0,0,0,0,0,0,0
U1720,19,35.2,24,15,9,3,5,4,21,3.6,1,0,0,0,0,0,0,0,0
U1721,21,39.6,26,15,11,4,5,4,12,4.1,0,0,0,1,0,0,0,0,0
U1722,20,35.7,24,10,6,2,3,3,21,3.7,1,0,0,0,0,0,0,0,0
U1723,12,17.5,10,5,2,1,1,2,42,2.3,0,0,1,0,0,0,0,0,1
U1724,10,15.0,15,3,1,0,0,2,38,2.3,0,0,0,1,0,0,0,0,1
U1725,17,33.0,21,10,7,2,3,3,24,2.9,0,0,0,0,0,0,0,1,0
U1726,10,12.4,7,8,5,1,2,2,38,2.5,0,0,0,0,0,0,1,0,1
U1727,1,0.0,5,2,1,1,0,2,54,2.4,0,1,0,0,0,0,0,0,1
U1728,24,48.0,28,16,11,3,6,5,13,4.1,0,0,0,0,0,0,0,1,0
U1729,25,46.1,34,17,13,5,7,5,4,4.2,1,0,0,0,0,0,0,0,0
U1730,10,14.7,16,7,5,1,1,2,43,2.7,0,0,1,0,0,0,0,0,1
U1731,14,21.7,15,10,6,1,3,2,30,2.3,0,0,0,1,0,0,0,0,1
U1732,12,19.3,13,5,3,0,1,2,36,2.8,1,0,0,0,0,0,0,0,0
U1733,18,30.3,24,15,9,2,4,4,27,3.7,0,0,0,0,0,0,0,1,0
U1734,10,16.1,14,5,3,1,1,2,38,2.4,1,0,0,0,0,0,0,0,1
U1735,11,17.9,15,8,4,1,1,2,32,2.6,0,0,0,0,0,1,0,0,1
U1736,21,39.8,30,14,10,3,5,4,19,3.6,0,0,1,0,0,0,0,0,0
U1737,8,8.5,6,5,0,0,0,2,43,2.2,0,0,0,0,1,0,0,0,1
U1738,14,26.7,17,9,5,2,2,3,26,3.2,0,0,0,1,0,0,0,0,1
U1739,5,11.3,6,5,2,1,0,2,47,2.2,0,0,0,0,0,0,1,0,1
U1740,6,15.1,11,6,2,1,1,2,40,2.2,1,0,0,0,0,0,0,0,1
U1741,5,10.0,7,5,2,0,0,2,42,2.0,1,0,0,0,0,0,0,0,1
U1742,15,27.1,20,11,7,2,3,3,26,3.1,0,0,0,0,0,1,0,0,0
U1743,14,24.9,16,9,3,1,0,3,27,3.2,0,0,0,0,0,0,1,0,0
U1744,1,1.1,0,1,1,0,0,2,52,1.7,0,0,0,0,1,0,0,0,1
U1745,12,21.7,19,10,6,2,2,3,30,2.6,0,0,0,0,1,0,0,0,1
U1746,9,10.6,6,2,2,0,1,1,47,2.2,0,0,0,1,0,0,0,0,1
U1747,24,45.3,35,17,13,5,5,5,17,4.2,0,1,0,0,0,0,0,0,0
U1748,21,38.8,24,16,10,3,5,4,21,3.6,0,0,0,1,0,0,0,0,0
U1749,22,39.4,28,14,10,4,5,4,17,4.3,0,0,0,0,0,0,1,0,0
U1750,20,35.0,26,15,9,3,3,4,19,3.8,1,0,0,0,0,0,0,0,0
U1751,14,22.1,17,9,5,1,2,3,32,3.2,0,0,0,0,0,0,0,1,0
U1752,20,37.6,26,15,10,3,5,4,17,3.6,1,0,0,0,0,0,0,0,0
U1753,11,13.9,13,6,4,0,1,2,37,2.4,0,0,0,1,0,0,0,0,1
U1754,15,30.7,19,10,5,1,1,3,28,3.5,1,0,0,0,0,0,0,0,0
U1755,8,16.7,7,5,3,1,1,2,41,2.9,0,0,0,0,0,0,0,1,1
U1756,30,53.4,36,17,14,5,8,5,11,4.7,0,1,0,0,0,0,0,0,0
U1757,3,7.0,6,3,1,0,0,1,47,1.2,0,0,0,1,0,0,0,0,1
U1758,11,18.7,12,8,4,1,2,2,40,2.4,0,0,1,0,0,0,0,0,1
U1759,11,12.6,12,6,4,2,1,2,42,2.4,0,0,0,1,0,0,0,0,1
U1760,28,53.3,35,20,17,7,9,5,7,4.4,0,0,0,0,0,0,1,0,0
U1761,16,30.8,23,8,4,1,1,3,29,3.0,0,0,0,0,0,0,1,0,1
U1762,8,15.0,11,6,2,1,1,2,37,2.1,0,0,0,0,1,0,0,0,1
U1763,21,35.1,26,12,8,2,3,4,22,4.0,0,0,0,1,0,0,0,0,0
U1764,25,44.1,34,17,10,3,5,4,10,4.3,1,0,0,0,0,0,0,0,0
U1765,15,25.4,17,11,4,1,1,3,36,2.8,0,0,1,0,0,0,0,0,0
U1766,8,7.4,9,0,0,0,0,2,46,2.0,0,0,0,1,0,0,0,0,1
U1767,6,13.7,12,5,2,1,1,2,42,2.5,0,1,0,0,0,0,0,0,1
U1768,23,44.5,31,13,8,2,4,4,12,4.0,0,0,0,0,1,0,0,0,0
U1769,21,40.7,29,13,8,3,4,4,15,3.8,0,1,0,0,0,0,0,0,0
U1770,12,19.4,12,6,2,1,1,2,38,2.7,0,0,0,0,0,0,0,1,1
U1771,11,16.2,21,10,6,2,1,3,34,2.7,0,0,0,0,0,1,0,0,1
U1772,18,33.1,18,13,8,2,3,3,20,3.8,0,0,0,0,0,0,1,0,0
U1773,22,40.4,25,15,11,4,5,4,16,3.2,1,0,0,0,0,0,0,0,0
U1774,19,34.7,21,13,8,2,3,3,18,3.3,0,1,0,0,0,0,0,0,0
U1775,22,40.9,29,12,9,3,4,4,19,3.9,0,0,0,0,1,0,0,0,0
U1776,6,16.4,11,7,3,0,2,3,42,2.3,0,0,0,0,0,0,0,1,1
U1777,24,44.3,28,15,11,3,6,4,4,4.0,0,0,0,0,0,0,1,0,0
U1778,28,49.0,35,19,15,6,7,5,3,4.8,0,0,0,1,0,0,0,0,0
U1779,15,34.2,19,11,6,3,3,3,28,3.5,0,0,0,0,0,1,0,0,0
U1780,13,29.6,20,10,6,2,2,3,31,3.1,0,1,0,0,0,0,0,0,0
U1781,6,4.7,6,2,1,0,0,2,50,2.2,0,1,0,0,0,0,0,0,1
U1782,14,19.4,17,9,5,2,1,3,28,2.7,0,0,1,0,0,0,0,0,0
U1783,25,41.4,28,15,9,4,5,4,15,4.1,1,0,0,0,0,0,0,0,0
U1784,21,32.1,27,14,8,3,2,4,20,3.7,0,0,1,0,0,0,0,0,0
U1785,20,42.0,29,13,8,3,3,4,18,3.5,0,0,0,0,1,0,0,0,0
U1786,15,25.1,15,12,7,2,1,3,36,2.8,0,0,0,0,0,0,1,0,1
U1787,25,45.5,30,15,10,4,4,4,8,3.6,0,0,0,0,0,0,0,1,0
U1788,11,17.0,13,6,2,1,1,3,38,2.8,1,0,0,0,0,0,0,0,1
U1789,27,43.8,35,17,12,4,5,4,8,4.5,0,0,0,0,0,0,1,0,0
U1790,19,33.7,24,13,9,3,4,4,23,3.4,0,0,0,0,0,1,0,0,0
U1791,13,24.6,14,8,4,1,2,3,30,2.3,0,0,0,0,0,0,1,0,1
U1792,2,0.0,2,3,0,0,0,1,49,1.7,1,0,0,0,0,0,0,0,1
U1793,24,41.4,32,16,11,3,6,4,16,4.3,0,0,0,0,0,0,0,1,0
U1794,16,29.4,23,12,7,1,3,3,20,3.2,0,0,0,0,0,0,0,1,0
U1795,15,25.7,16,8,5,1,2,3,29,3.1,0,0,0,0,0,0,1,0,0
U1796,15,27.3,18,9,4,1,1,3,26,2.5,0,0,0,0,0,1,0,0,1
U1797,2,4.6,7,2,1,1,0,2,46,2.1,0,0,0,0,0,0,1,0,1
U1798,10,7.4,13,3,2,0,1,2,43,2.7,1,0,0,0,0,0,0,0,1
U1799,23,42.6,28,17,10,4,6,4,12,4.6,1,0,0,0,0,0,0,0,0
U1800,28,41.9,32,17,12,5,6,4,9,4.4,1,0,0,0,0,0,0,0,0
U1801,6,7.8,7,4,1,0,1,2,42,2.8,1,0,0,0,0,0,0,0,1
U1802,17,30.6,22,12,7,2,3,3,22,3.6,0,0,0,1,0,0,0,0,0
U1803,17,33.3,24,10,5,1,0,3,21,3.3,0,1,0,0,0,0,0,0,0
U1804,20,34.6,24,13,8,2,4,4,13,3.6,1,0,0,0,0,0,0,0,0
U1805,9,15.8,16,7,4,1,1,3,32,2.3,1,0,0,0,0,0,0,0,1
U1806,21,37.6,23,16,11,4,4,5,12,3.6,0,0,0,1,0,0,0,0,0
U1807,23,39.4,26,16,11,3,5,4,16,3.6,0,0,1,0,0,0,0,0,0
U1808,24,37.9,27,15,11,4,5,4,18,4.0,0,0,1,0,0,0,0,0,0
U1809,22,42.4,28,19,14,5,6,5,11,3.8,1,0,0,0,0,0,0,0,0
U1810,11,17.5,17,7,4,1,1,2,34,2.3,0,0,0,0,0,1,0,0,1
U1811,22,41.0,26,15,11,4,5,5,14,4.1,0,0,0,0,0,0,0,1,0
U1812,7,9.5,7,6,2,0,1,2,46,2.1,0,0,0,0,0,0,1,0,1
U1813,23,43.2,26,15,10,3,5,4,19,4.1,0,0,0,0,0,0,0,1,0
U1814,21,38.7,28,16,10,3,5,4,13,4.2,0,0,0,0,1,0,0,0,0
U1815,18,35.0,24,12,8,3,3,3,25,3.1,0,0,0,1,0,0,0,0,0
U1816,13,22.1,14,7,3,1,1,3,32,2.8,1,0,0,0,0,0,0,0,1
U1817,13,16.9,15,7,4,2,2,3,38,3.4,0,0,0,0,0,1,0,0,1
U1818,17,29.6,25,13,7,2,4,4,24,3.7,0,0,0,0,0,0,0,1,0
U1819,4,12.2,3,2,0,0,0,1,39,2.3,1,0,0,0,0,0,0,0,1
U1820,9,13.7,11,5,3,1,1,3,36,2.4,0,0,0,1,0,0,0,0,1
U1821,22,38.3,25,14,10,3,4,4,18,3.8,0,0,0,0,0,0,1,0,0
U1822,9,15.7,9,5,3,0,1,2,31,2.7,0,1,0,0,0,0,0,0,1
U1823,14,30.1,18,9,4,1,2,3,34,2.7,0,0,0,0,1,0,0,0,0
U1824,22,36.6,27,14,9,3,3,4,20,3.3,0,0,0,0,1,0,0,0,0
U1825,15,24.6,20,11,5,2,2,3,22,3.3,0,0,0,0,0,0,0,1,0
U1826,10,13.7,5,4,3,1,1,2,44,2.3,1,0,0,0,0,0,0,0,1
U1827,10,26.2,15,9,5,1,2,3,36,2.5,0,0,0,0,0,0,0,1,1
U1828,15,26.6,18,11,6,2,3,3,28,2.8,0,0,0,1,0,0,0,0,0
U1829,22,39.4,34,17,13,4,6,5,13,4.3,0,0,0,0,0,0,1,0,0
U1830,28,53.7,35,18,14,5,8,5,6,4.5,0,1,0,0,0,0,0,0,0
U1831,21,33.8,22,12,8,2,3,3,15,3.5,0,0,0,0,0,0,0,1,0
U1832,2,0.0,3,1,0,1,0,2,52,1.7,0,0,0,0,0,0,0,1,1
U1833,27,48.0,36,17,14,5,7,4,2,4.5,0,0,0,0,0,0,0,1,0
U1834,18,36.9,25,10,6,2,3,3,22,3.6,1,0,0,0,0,0,0,0,1
U1835,18,28.6,17,10,6,2,3,3,28,2.7,0,0,0,0,0,0,0,1,1
U1836,15,28.6,18,11,5,2,3,3,21,3.2,0,0,0,0,0,0,0,1,1
U1837,19,33.7,27,14,10,3,4,3,14,3.4,0,0,0,0,1,0,0,0,0
U1838,11,17.7,11,4,2,0,1,2,40,2.3,0,0,0,1,0,0,0,0,1
U1839,7,16.6,14,4,3,0,1,2,39,2.5,0,0,0,0,0,0,1,0,1
U1840,15,31.2,21,11,7,2,3,4,24,3.4,0,0,0,0,0,0,0,1,0
U1841,26,46.9,32,20,13,5,7,5,3,4.5,0,1,0,0,0,0,0,0,0
U1842,17,31.2,23,14,9,2,3,4,19,3.5,0,1,0,0,0,0,0,0,0
U1843,6,14.2,8,5,3,0,1,2,43,2.5,0,0,0,0,0,0,1,0,1
U1844,0,4.3,0,1,1,0,0,1,55,1.8,0,0,0,0,0,0,0,1,1
U1845,11,10.6,10,6,3,1,1,1,42,2.1,0,0,0,0,1,0,0,0,1
U1846,15,35.8,20,11,6,2,3,3,26,3.5,0,0,0,0,1,0,0,0,0
U1847,9,19.6,14,6,3,0,2,3,35,2.9,0,1,0,0,0,0,0,0,1
U1848,23,44.0,32,12,9,3,4,4,9,3.9,1,0,0,0,0,0,0,0,0
U1849,8,11.3,10,6,4,1,1,2,44,2.5,0,0,0,1,0,0,0,0,1
U1850,16,27.3,21,9,5,1,2,2,33,3.1,1,0,0,0,0,0,0,0,1
U1851,25,44.1,33,15,10,3,5,4,9,3.5,0,0,0,0,0,1,0,0,0
U1852,7,15.8,12,4,3,1,0,2,36,2.3,1,0,0,0,0,0,0,0,1
U1853,14,23.2,15,8,5,1,2,2,29,2.7,0,0,0,0,1,0,0,0,1
U1854,10,24.3,16,8,4,1,2,3,30,2.8,0,0,0,1,0,0,0,0,1
U1855,15,24.7,18,12,6,1,2,3,34,2.9,0,1,0,0,0,0,0,0,1
U1856,17,23.1,23,12,5,1,2,3,27,3.2,0,0,0,0,0,0,0,1,1
U1857,5,7.2,6,1,1,0,0,2,49,2.1,0,0,0,0,0,0,0,1,1
U1858,7,11.7,9,7,3,1,1,2,42,2.3,0,0,0,0,0,0,1,0,1
U1859,9,19.4,16,9,4,1,2,2,33,2.7,0,0,0,1,0,0,0,0,1
U1860,14,18.2,15,8,4,1,1,2,34,2.2,0,0,1,0,0,0,0,0,1
U1861,22,41.6,31,14,9,3,4,4,13,4.2,0,0,0,1,0,0,0,0,0
U1862,28,46.8,30,17,12,4,7,4,6,4.1,0,0,0,0,0,1,0,0,0
U1863,23,43.5,32,12,7,2,3,4,11,4.3,1,0,0,0,0,0,0,0,0
U1864,6,7.1,9,4,2,0,0,2,42,2.1,0,0,0,0,0,1,0,0,1
U1865,27,44.4,31,18,13,5,6,5,4,4.5,0,0,0,0,0,0,0,1,0
U1866,21,36.5,26,13,7,1,3,4,23,3.5,0,0,0,0,0,0,1,0,1
U1867,15,21.3,22,10,5,1,2,3,29,2.8,0,0,0,1,0,0,0,0,1
U1868,12,21.9,15,9,6,2,2,3,31,3.1,0,0,0,0,0,0,0,1,1
U1869,22,51.4,30,15,10,4,5,4,9,3.7,0,0,1,0,0,0,0,0,0
U1870,22,41.0,31,17,12,4,6,4,15,4.0,0,0,0,1,0,0,0,0,0
U1871,21,39.1,27,15,9,3,4,4,20,3.7,1,0,0,0,0,0,0,0,0
U1872,0,0.0,2,2,1,1,0,1,50,1.5,0,0,0,0,0,0,1,0,1
U1873,26,47.7,31,16,13,5,7,4,10,4.5,0,0,0,0,0,0,0,1,0
U1874,6,9.0,5,3,1,0,0,2,42,2.2,0,0,0,1,0,0,0,0,1
U1875,19,33.3,20,13,9,2,4,3,23,3.8,0,0,0,0,0,1,0,0,0
U1876,17,39.6,23,14,11,3,4,4,15,3.8,0,0,0,0,0,0,0,1,0
U1877,19,36.7,26,13,10,3,4,4,15,3.9,0,0,0,0,0,0,1,0,0
U1878,5,11.5,8,5,2,0,0,2,47,1.6,0,0,0,0,1,0,0,0,1
U1879,25,38.1,28,15,10,4,5,4,17,4.1,1,0,0,0,0,0,0,0,0
U1880,14,27.3,21,9,6,2,1,3,24,3.2,0,1,0,0,0,0,0,0,1
U1881,14,28.4,17,11,7,2,3,3,28,2.9,0,0,0,0,1,0,0,0,0
U1882,13,17.1,10,6,4,1,1,2,38,2.4,0,0,0,0,0,1,0,0,1
U1883,22,36.4,30,14,10,3,5,4,12,3.7,0,1,0,0,0,0,0,0,0
U1884,26,44.5,32,18,14,5,8,5,8,4.4,1,0,0,0,0,0,0,0,0
U1885,9,21.7,15,8,3,0,2,2,38,2.3,0,0,0,0,0,1,0,0,1
U1886,17,31.3,19,11,6,2,2,3,25,2.8,0,0,0,0,0,0,0,1,1
U1887,24,42.8,31,13,8,3,4,4,10,4.1,0,0,0,0,1,0,0,0,0
U1888,6,14.9,5,3,1,0,0,1,44,2.0,0,0,0,0,1,0,0,0,1
U1889,22,39.9,27,17,11,3,5,4,14,3.8,1,0,0,0,0,0,0,0,0
U1890,25,44.4,31,17,12,5,6,4,16,4.0,0,0,1,0,0,0,0,0,0
U1891,10,17.7,15,8,4,1,2,3,38,3.0,0,0,0,0,0,0,1,0,1
U1892,28,45.3,34,16,11,4,5,5,8,4.6,0,0,0,0,0,1,0,0,0
U1893,22,43.9,32,13,8,3,4,4,13,3.7,0,0,0,0,0,0,1,0,0
U1894,12,25.0,16,10,7,1,3,3,29,2.9,0,1,0,0,0,0,0,0,1
U1895,10,10.2,9,7,4,1,1,2,37,2.3,0,0,0,0,0,0,0,1,1
U1896,9,13.0,12,5,2,1,1,2,45,2.3,0,0,0,0,0,0,0,1,1
U1897,20,46.9,29,14,7,2,2,4,10,4.4,0,0,1,0,0,0,0,0,0
U1898,23,44.3,31,18,12,5,6,4,12,3.8,0,0,0,0,0,0,0,1,0
U1899,15,29.4,17,7,4,1,1,3,37,3.1,1,0,0,0,0,0,0,0,1
U1900,9,21.9,14,10,6,1,1,2,31,3.0,0,0,0,0,0,0,1,0,1
U1901,20,34.4,24,13,8,2,3,3,17,3.2,1,0,0,0,0,0,0,0,0
U1902,24,40.4,32,14,10,4,5,4,13,3.9,0,0,1,0,0,0,0,0,0
U1903,20,28.8,26,13,8,3,3,4,25,3.3,0,0,0,0,0,0,0,1,0
U1904,28,54.8,37,18,15,5,8,4,0,4.9,0,0,1,0,0,0,0,0,0
U1905,21,40.5,26,13,9,3,4,4,18,3.8,1,0,0,0,0,0,0,0,0
U1906,6,8.8,7,4,1,0,0,1,50,1.6,0,0,0,0,0,0,0,1,1
U1907,17,28.2,21,10,6,2,2,3,24,3.9,0,1,0,0,0,0,0,0,0
U1908,20,38.8,28,13,9,3,4,4,14,4.2,0,0,0,0,0,0,1,0,0
U1909,14,22.9,20,10,6,2,2,3,33,3.2,0,0,0,0,0,0,0,1,1
U1910,13,26.7,22,10,5,1,3,3,25,3.1,0,0,0,0,0,0,0,1,0
U1911,5,5.6,5,3,1,0,0,2,50,1.5,0,0,0,1,0,0,0,0,1
U1912,13,25.0,16,8,4,2,2,2,31,2.8,1,0,0,0,0,0,0,0,1
U1913,9,20.0,15,6,4,1,2,2,37,2.8,1,0,0,0,0,0,0,0,1
U1914,14,23.2,14,6,3,1,1,3,33,2.8,0,0,0,0,1,0,0,0,1
U1915,17,27.6,16,11,5,2,2,3,28,2.9,0,0,0,0,0,0,1,0,1
U1916,20,36.3,26,13,8,2,4,4,17,3.3,0,0,0,0,0,1,0,0,0
U1917,7,3.5,3,4,3,0,1,2,51,1.6,1,0,0,0,0,0,0,0,1
U1918,31,51.3,39,20,15,6,8,5,2,4.1,1,0,0,0,0,0,0,0,0
U1919,22,41.6,30,15,11,4,6,4,13,3.8,1,0,0,0,0,0,0,0,0
U1920,28,47.7,32,17,11,5,5,4,10,4.5,0,0,0,0,0,0,0,1,0
U1921,12,16.2,15,6,3,1,0,2,39,2.3,0,0,0,0,0,0,0,1,1
U1922,21,37.4,24,16,10,3,4,4,12,3.5,1,0,0,0,0,0,0,0,0
U1923,20,32.5,25,13,8,2,4,4,17,3.6,0,0,0,1,0,0,0,0,0
U1924,12,20.8,17,10,5,2,2,3,29,2.8,0,0,0,0,0,0,0,1,1
U1925,9,27.8,11,9,4,1,1,3,30,2.7,0,0,0,0,0,0,1,0,1
U1926,9,13.0,11,5,1,0,0,2,42,2.0,0,0,0,0,0,1,0,0,1
U1927,18,33.0,21,12,7,2,3,3,23,3.7,0,0,0,0,0,0,1,0,1
U1928,9,21.1,16,7,2,0,0,2,31,2.8,1,0,0,0,0,0,0,0,1
U1929,29,56.9,37,19,14,5,7,4,4,4.8,0,0,0,0,0,0,0,1,0
U1930,17,33.5,25,13,8,3,3,4,25,3.3,1,0,0,0,0,0,0,0,1
U1931,4,4.9,0,1,0,1,0,1,51,2.0,0,0,0,0,0,0,0,1,1
U1932,15,24.7,15,8,3,1,0,3,32,2.8,0,0,0,1,0,0,0,0,1
U1933,12,24.3,15,7,5,1,2,2,33,3.1,0,1,0,0,0,0,0,0,0
U1934,15,24.4,17,8,5,1,2,3,32,2.7,0,0,0,0,0,0,0,1,1
U1935,16,26.2,20,11,5,2,2,3,27,2.7,0,0,0,1,0,0,0,0,0
U1936,6,9.7,9,4,2,0,0,2,44,2.4,0,0,0,0,0,1,0,0,1
U1937,19,36.7,24,12,7,2,3,4,19,3.5,0,1,0,0,0,0,0,0,0
U1938,15,29.6,18,12,6,2,2,3,22,3.6,1,0,0,0,0,0,0,0,0
U1939,9,20.5,12,7,1,1,0,2,33,2.3,0,0,0,0,0,1,0,0,1
U1940,16,31.1,27,14,10,4,5,3,25,3.1,0,1,0,0,0,0,0,0,0
U1941,13,20.3,16,9,5,1,1,3,29,2.8,1,0,0,0,0,0,0,0,1
U1942,14,27.4,22,10,6,2,2,4,20,3.3,0,0,0,1,0,0,0,0,0
U1943,4,9.9,7,5,2,0,1,2,48,1.7,0,0,0,0,0,1,0,0,1
U1944,28,45.5,35,17,13,5,8,4,5,4.3,0,0,0,1,0,0,0,0,0
U1945,8,17.0,5,2,0,0,1,2,44,1.9,0,0,0,1,0,0,0,0,1
U1946,8,24.4,14,5,2,1,0,2,36,2.6,1,0,0,0,0,0,0,0,1
U1947,6,12.6,7,3,2,1,0,2,49,2.6,0,0,0,0,0,0,1,0,1
U1948,9,16.6,17,4,2,1,0,2,34,2.4,0,0,0,1,0,0,0,0,1
U1949,16,28.6,20,9,7,2,3,3,28,3.1,0,0,0,0,0,0,1,0,1
U1950,2,3.5,4,2,0,0,0,1,53,1.7,0,0,0,1,0,0,0,0,1
U1951,22,43.0,28,15,9,3,3,4,17,4.4,0,0,0,0,0,0,0,1,0
U1952,18,33.9,27,12,6,2,2,4,21,3.1,0,0,0,0,0,0,0,1,1
U1953,8,11.1,12,5,2,2,1,2,48,2.4,0,1,0,0,0,0,0,0,1
U1954,8,10.8,5,5,3,1,1,2,43,2.8,0,1,0,0,0,0,0,0,1
U1955,20,35.0,26,11,6,2,2,4,21,3.3,0,0,0,0,0,0,0,1,0
U1956,18,27.8,26,13,7,2,2,3,17,3.4,0,0,0,0,0,1,0,0,0
U1957,10,15.4,12,7,3,0,1,2,36,2.8,0,0,1,0,0,0,0,0,1
U1958,12,21.5,11,6,4,1,1,3,32,3.1,0,0,0,0,0,0,0,1,1
U1959,3,4.4,6,3,1,0,0,2,56,2.3,1,0,0,0,0,0,0,0,1
U1960,26,45.1,35,17,12,4,6,4,4,4.1,0,0,1,0,0,0,0,0,0
U1961,16,29.8,21,8,4,2,1,3,22,2.8,0,0,0,1,0,0,0,0,1
U1962,19,31.7,24,10,6,2,3,4,21,3.2,1,0,0,0,0,0,0,0,0
U1963,4,5.4,6,3,3,1,1,1,49,1.6,0,0,1,0,0,0,0,0,1
U1964,8,16.7,14,8,5,1,1,3,41,2.5,0,1,0,0,0,0,0,0,1
U1965,3,5.9,4,3,3,0,1,1,49,2.1,0,0,0,0,0,0,1,0,1
U1966,17,30.9,19,13,10,3,4,4,21,3.5,1,0,0,0,0,0,0,0,0
U1967,22,38.3,28,16,11,3,5,3,16,3.6,0,0,0,0,0,0,1,0,0
U1968,17,23.4,19,9,5,1,2,3,31,3.3,0,0,1,0,0,0,0,0,0
U1969,21,33.3,21,13,9,3,3,3,17,3.6,0,0,1,0,0,0,0,0,0
U1970,18,28.3,16,12,8,2,3,3,28,3.4,1,0,0,0,0,0,0,0,0
U1971,19,38.8,27,12,8,2,3,4,11,3.9,0,0,0,0,0,1,0,0,0
U1972,23,43.3,26,15,10,3,4,4,15,3.8,0,0,0,0,0,0,1,0,0
U1973,4,7.7,4,4,3,1,1,1,48,1.9,0,0,0,0,0,1,0,0,1
U1974,10,20.3,15,6,2,1,0,3,31,2.4,0,0,0,1,0,0,0,0,1
U1975,17,30.1,19,14,8,2,3,4,26,3.1,0,0,0,1,0,0,0,0,1
U1976,12,20.6,17,9,5,1,2,2,31,2.7,0,0,0,1,0,0,0,0,1
U1977,6,18.3,13,6,3,1,1,2,40,2.9,0,0,0,0,0,1,0,0,1
U1978,18,36.7,19,10,7,2,3,3,20,4.0,0,0,0,0,0,1,0,0,0
U1979,9,16.5,11,6,3,1,1,2,39,2.8,0,1,0,0,0,0,0,0,1
U1980,16,30.8,21,11,7,2,3,4,24,3.1,0,0,0,0,0,0,0,1,1
U1981,11,23.5,17,9,4,0,1,3,33,2.8,1,0,0,0,0,0,0,0,1
U1982,9,14.8,11,3,1,0,0,1,45,2.1,1,0,0,0,0,0,0,0,1
U1983,13,26.1,12,8,4,1,1,3,34,2.5,0,0,0,0,0,0,1,0,1
U1984,18,34.7,26,14,8,3,3,4,19,3.9,0,0,0,0,1,0,0,0,0
U1985,14,21.6,12,7,4,1,1,2,34,2.3,0,0,0,0,1,0,0,0,1
U1986,16,28.3,25,13,8,3,3,3,14,3.4,0,0,0,0,0,0,1,0,0
U1987,15,30.3,17,10,6,2,3,3,21,3.1,0,0,0,0,0,1,0,0,1
U1988,4,7.6,5,3,1,0,1,1,50,2.4,0,0,0,1,0,0,0,0,1
U1989,3,3.8,6,3,1,0,0,2,46,1.9,0,0,0,0,1,0,0,0,1
U1990,11,19.2,13,6,3,1,1,2,35,2.6,0,0,0,0,0,1,0,0,1
U1991,5,4.5,7,2,0,0,0,2,43,2.0,0,1,0,0,0,0,0,0,1
U1992,28,58.1,39,21,17,7,9,5,1,4.4,0,0,0,0,0,0,0,1,0
U1993,23,47.1,26,16,10,4,6,4,15,3.9,1,0,0,0,0,0,0,0,0
U1994,8,22.2,17,9,4,1,2,2,30,3.1,1,0,0,0,0,0,0,0,1
U1995,13,19.9,18,7,4,1,2,3,35,2.7,0,0,1,0,0,0,0,0,1
U1996,14,20.2,12,9,6,1,2,2,32,2.9,1,0,0,0,0,0,0,0,1
U1997,18,41.5,29,14,9,4,4,4,16,3.7,0,1,0,0,0,0,0,0,0
U1998,13,23.8,14,10,4,1,1,3,27,2.5,1,0,0,0,0,0,0,0,1
U1999,12,17.3,19,10,6,1,1,3,35,2.8,0,0,0,0,0,0,1,0,1
U2000,21,40.1,26,14,9,3,4,4,16,3.8,1,0,0,0,0,0,0,0,0
U2001,14,21.6,15,8,4,0,2,2,38,2.7,1,0,0,0,0,0,0,0,1
U2002,4,8.3,5,1,2,1,1,1,49,2.0,0,0,1,0,0,0,0,0,1
U2003,23,44.6,33,16,12,4,6,4,16,4.4,0,0,0,0,1,0,0,0,0
U2004,14,38.3,25,14,8,3,3,4,19,3.4,0,0,0,1,0,0,0,0,1
U2005,17,34.2,24,13,7,2,3,3,22,3.2,1,0,0,0,0,0,0,0,0
U2006,21,43.9,29,15,10,3,5,4,15,3.8,0,0,0,0,0,0,1,0,0
U2007,21,37.6,26,14,9,3,4,4,17,3.6,0,0,0,0,1,0,0,0,0
U2008,9,19.3,9,6,3,0,1,3,38,2.2,0,0,1,0,0,0,0,0,1
U2009,6,9.0,6,2,0,0,0,2,51,2.1,1,0,0,0,0,0,0,0,1
U2010,22,49.0,29,15,10,4,5,4,12,4.2,0,0,0,0,0,0,0,1,0
U2011,15,29.7,13,11,4,1,1,3,23,3.3,0,0,0,1,0,0,0,0,1
U2012,0,0.9,4,0,0,0,0,1,53,1.4,1,0,0,0,0,0,0,0,1
U2013,17,29.8,23,11,5,2,2,4,22,3.7,0,0,0,0,0,1,0,0,0
U2014,5,11.7,10,5,2,0,1,1,44,2.3,0,0,0,0,0,1,0,0,1
U2015,11,16.7,14,8,3,0,0,3,32,3.0,0,0,1,0,0,0,0,0,1
U2016,9,25.5,14,11,6,1,2,3,27,3.4,1,0,0,0,0,0,0,0,1
U2017,12,28.4,18,9,5,1,2,3,34,3.2,0,1,0,0,0,0,0,0,1
U2018,32,52.9,34,18,13,4,7,5,5,4.7,0,0,0,0,0,1,0,0,0
U2019,4,10.4,5,4,2,1,1,2,46,2.1,0,0,0,1,0,0,0,0,1
U2020,21,35.1,23,13,9,3,4,3,26,3.1,0,0,0,1,0,0,0,0,0
U2021,14,29.3,18,9,5,1,2,3,32,2.4,0,0,0,0,0,0,1,0,1
U2022,8,19.9,6,6,0,0,0,2,39,2.3,0,0,0,1,0,0,0,0,1
U2023,21,34.1,26,13,10,4,4,4,18,3.8,1,0,0,0,0,0,0,0,0
U2024,17,36.3,23,10,6,2,2,3,30,2.9,0,0,0,0,0,0,0,1,1
U2025,6,15.6,9,4,3,1,1,2,41,2.2,0,1,0,0,0,0,0,0,1
U2026,20,33.9,25,15,9,3,3,4,21,3.8,0,0,1,0,0,0,0,0,0
U2027,15,20.2,22,9,4,1,2,3,31,2.6,0,0,0,0,0,0,1,0,1
U2028,23,47.3,31,14,9,3,4,4,11,4.3,0,0,0,0,1,0,0,0,0
U2029,18,35.7,23,12,9,2,4,3,18,3.6,0,0,1,0,0,0,0,0,0
U2030,17,32.5,21,13,8,2,5,3,22,3.5,1,0,0,0,0,0,0,0,0
U2031,11,25.2,14,9,5,0,3,3,31,2.6,1,0,0,0,0,0,0,0,1
U2032,28,50.4,33,19,15,6,8,5,10,4.4,0,0,0,0,0,1,0,0,0
U2033,13,20.1,20,11,6,1,2,3,24,3.1,0,0,0,0,1,0,0,0,1
U2034,4,5.1,3,2,1,0,1,1,60,1.2,1,0,0,0,0,0,0,0,1
U2035,15,28.0,19,11,5,2,2,3,29,3.2,0,0,1,0,0,0,0,0,0
U2036,20,39.3,23,12,9,3,3,3,22,3.3,0,0,0,1,0,0,0,0,0
U2037,12,24.1,16,9,4,0,1,3,40,2.6,0,0,0,1,0,0,0,0,1
U2038,8,21.6,12,7,3,1,1,2,34,2.6,0,0,0,0,1,0,0,0,1
U2039,15,26.5,19,11,3,1,1,3,25,3.2,0,1,0,0,0,0,0,0,0
U2040,4,7.5,4,2,1,1,1,2,49,2.1,0,0,0,0,0,0,0,1,1
U2041,20,38.7,29,14,9,3,4,4,21,3.6,0,0,0,1,0,0,0,0,0
U2042,20,29.4,19,9,5,2,2,3,25,3.2,1,0,0,0,0,0,0,0,1
U2043,29,52.5,33,18,12,5,6,5,13,4.0,0,0,0,1,0,0,0,0,0
U2044,23,40.2,28,15,10,4,4,4,13,3.9,1,0,0,0,0,0,0,0,0
U2045,14,24.9,17,8,3,1,1,3,23,2.8,0,0,0,0,0,0,0,1,1
U2046,6,21.1,12,6,1,1,0,2,33,2.6,0,0,0,0,0,0,0,1,1
U2047,22,37.3,21,15,10,3,4,3,18,3.7,0,0,0,1,0,0,0,0,0
U2048,25,36.8,28,16,12,3,5,4,17,3.7,1,0,0,0,0,0,0,0,0
U2049,9,10.9,15,6,3,0,2,1,42,2.2,1,0,0,0,0,0,0,0,1
U2050,8,11.4,12,7,3,1,1,2,37,1.8,1,0,0,0,0,0,0,0,1
U2051,24,51.4,28,15,10,4,4,5,5,4.4,1,0,0,0,0,0,0,0,0
U2052,16,34.7,22,13,7,2,3,3,18,3.6,0,1,0,0,0,0,0,0,0
U2053,13,30.8,19,8,5,2,2,3,26,3.3,1,0,0,0,0,0,0,0,0
U2054,14,29.9,18,10,6,2,2,3,29,3.1,1,0,0,0,0,0,0,0,0
U2055,22,42.6,27,15,11,4,6,4,16,4.3,0,0,0,1,0,0,0,0,0
U2056,12,26.6,13,9,5,2,3,2,36,2.6,0,1,0,0,0,0,0,0,1
U2057,14,22.8,19,7,4,0,1,3,31,2.7,0,1,0,0,0,0,0,0,1
U2058,7,23.1,13,4,1,1,1,2,46,2.7,0,0,0,1,0,0,0,0,1
U2059,7,15.6,10,5,2,1,1,2,40,2.3,1,0,0,0,0,0,0,0,1
U2060,13,30.5,19,8,4,1,2,3,23,3.4,0,1,0,0,0,0,0,0,1
U2061,28,50.5,36,19,15,6,9,5,0,4.9,0,0,0,0,0,1,0,0,0
U2062,17,30.7,21,11,7,2,3,3,23,3.4,0,0,0,1,0,0,0,0,0
U2063,20,31.8,25,14,9,2,3,4,14,3.3,0,1,0,0,0,0,0,0,0
U2064,7,17.1,7,5,0,0,0,2,45,2.1,0,1,0,0,0,0,0,0,1
U2065,18,35.6,24,15,10,3,4,3,21,3.5,0,0,1,0,0,0,0,0,0
U2066,17,37.5,25,12,6,2,2,3,28,4.0,1,0,0,0,0,0,0,0,0
U2067,15,22.3,19,10,4,1,1,2,32,2.9,0,0,0,0,1,0,0,0,1
U2068,20,44.4,28,15,11,4,5,4,7,4.0,1,0,0,0,0,0,0,0,0
U2069,28,48.8,33,17,12,4,6,4,11,4.1,0,0,0,0,1,0,0,0,0
U2070,10,23.4,20,8,4,1,2,3,31,2.9,0,0,0,0,0,0,0,1,0
U2071,20,34.0,24,14,9,2,4,3,20,3.3,0,0,0,0,0,0,0,1,0
U2072,25,41.0,29,14,10,3,4,5,13,3.9,0,1,0,0,0,0,0,0,0
U2073,25,50.9,36,19,14,5,6,5,5,4.0,0,0,0,0,1,0,0,0,0
U2074,20,36.5,21,13,8,3,3,4,21,3.7,0,0,0,0,0,0,0,1,0
U2075,21,35.8,28,14,11,3,5,4,15,4.0,0,0,0,0,0,0,1,0,0
U2076,20,25.4,23,12,8,2,4,4,22,3.0,0,0,0,0,0,0,0,1,0
U2077,17,33.8,25,15,10,3,4,4,16,3.2,1,0,0,0,0,0,0,0,0
U2078,11,25.8,14,6,3,1,1,2,33,2.4,0,0,0,0,0,1,0,0,1
U2079,19,34.5,23,11,8,2,3,3,21,3.5,0,1,0,0,0,0,0,0,0
U2080,14,19.0,16,6,4,1,1,3,34,2.8,0,1,0,0,0,0,0,0,1
U2081,21,33.6,26,14,10,4,3,4,18,4.0,0,0,0,0,0,0,1,0,0
U2082,9,18.8,10,5,3,0,1,2,39,2.1,1,0,0,0,0,0,0,0,1
U2083,17,28.0,24,12,8,2,3,4,21,3.3,0,0,1,0,0,0,0,0,0
U2084,9,21.9,15,7,4,1,1,2,39,2.4,1,0,0,0,0,0,0,0,1
U2085,14,22.8,16,8,4,1,1,2,36,2.9,0,0,0,0,0,0,1,0,1
U2086,27,53.5,30,17,14,5,7,4,4,4.3,0,0,0,0,0,0,1,0,0
U2087,20,36.6,27,17,11,3,6,4,12,3.6,0,0,0,0,0,0,1,0,0
U2088,6,17.5,8,6,2,1,0,1,46,2.2,0,0,0,1,0,0,0,0,1
U2089,22,41.1,29,14,9,3,4,4,21,3.7,0,0,0,1,0,0,0,0,0
U2090,23,35.2,27,15,10,4,4,4,19,4.1,0,0,1,0,0,0,0,0,0
U2091,17,32.3,22,10,5,3,3,4,20,3.4,0,0,0,0,0,1,0,0,0
U2092,22,42.1,32,15,10,4,4,4,15,3.9,0,0,0,0,0,0,0,1,0
U2093,16,26.6,23,11,6,2,2,3,22,2.9,0,1,0,0,0,0,0,0,1
U2094,11,20.6,13,7,3,1,1,2,38,3.0,0,0,0,0,1,0,0,0,1
U2095,12,15.8,11,7,2,0,0,2,35,2.6,0,0,0,0,0,0,1,0,1
U2096,16,33.0,18,13,7,2,2,3,19,3.5,1,0,0,0,0,0,0,0,0
U2097,20,45.1,25,14,10,3,5,4,17,3.9,0,1,0,0,0,0,0,0,0
U2098,13,23.2,17,9,3,1,2,2,33,3.1,0,0,0,0,0,0,0,1,1
U2099,13,22.0,15,6,3,1,1,3,35,3.2,0,0,0,0,0,0,0,1,1
U2100,10,20.7,9,4,2,1,1,2,39,1.9,0,0,0,1,0,0,0,0,1
U2101,13,27.5,16,7,4,1,1,2,25,2.9,0,0,0,1,0,0,0,0,1
U2102,16,23.5,21,11,6,2,2,2,34,3.3,1,0,0,0,0,0,0,0,1
U2103,11,24.5,18,11,5,1,1,2,34,2.8,0,1,0,0,0,0,0,0,1
U2104,8,1.9,11,5,2,1,1,2,44,2.2,0,0,0,0,0,0,0,1,1
U2105,23,42.0,30,16,11,4,5,4,14,4.1,1,0,0,0,0,0,0,0,0
U2106,26,51.6,35,18,15,5,8,4,3,4.3,0,0,0,1,0,0,0,0,0
U2107,11,18.1,15,9,5,1,2,2,34,2.4,0,1,0,0,0,0,0,0,1
U2108,20,32.7,26,14,9,4,3,4,25,3.3,1,0,0,0,0,0,0,0,0
U2109,8,13.0,11,4,2,1,1,2,46,2.1,1,0,0,0,0,0,0,0,1
U2110,11,15.7,12,7,5,1,1,3,35,2.7,1,0,0,0,0,0,0,0,1
U2111,1,0.0,0,0,0,0,1,2,48,1.7,1,0,0,0,0,0,0,0,1
U2112,8,19.5,14,8,3,1,1,3,37,2.7,0,0,0,1,0,0,0,0,1
U2113,18,35.2,23,12,7,2,3,4,25,2.9,1,0,0,0,0,0,0,0,0
U2114,11,24.4,17,7,3,0,2,3,26,2.8,0,0,0,0,1,0,0,0,1
U2115,16,24.1,16,10,5,1,0,2,28,2.8,0,0,0,0,0,0,0,1,1
U2116,24,36.8,31,14,11,3,5,3,17,3.6,0,0,0,0,0,0,0,1,0
U2117,14,27.2,17,10,5,1,3,3,31,3.2,0,1,0,0,0,0,0,0,0
U2118,8,13.0,14,6,3,0,0,2,33,2.7,0,0,0,0,1,0,0,0,1
U2119,20,35.7,26,16,9,3,5,4,16,4.0,0,0,0,0,0,1,0,0,0
U2120,12,21.0,18,8,5,2,2,3,33,2.8,1,0,0,0,0,0,0,0,1
U2121,27,46.2,30,18,12,4,7,5,3,4.7,0,0,0,0,0,0,1,0,0
U2122,18,27.7,19,10,5,1,2,3,32,2.6,0,1,0,0,0,0,0,0,1
U2123,6,9.2,6,3,0,0,0,2,44,2.0,0,0,0,0,0,0,0,1,1
U2124,12,20.1,13,8,3,1,0,3,39,2.8,0,0,0,0,1,0,0,0,1
U2125,19,32.1,24,11,6,2,2,3,18,3.4,0,0,1,0,0,0,0,0,0
U2126,25,47.1,33,17,11,3,5,4,12,4.2,0,1,0,0,0,0,0,0,0
U2127,10,23.0,12,7,4,1,1,3,31,2.9,0,0,1,0,0,0,0,0,1
U2128,6,8.9,8,4,1,0,0,2,41,2.2,1,0,0,0,0,0,0,0,1
U2129,8,14.5,12,5,3,1,0,2,41,2.3,0,0,0,0,1,0,0,0,1
U2130,4,11.2,7,2,2,0,0,2,47,2.4,0,0,0,0,0,1,0,0,1
U2131,20,35.0,23,12,9,2,4,3,20,3.6,0,0,0,0,1,0,0,0,0
U2132,13,22.3,18,8,3,1,1,2,32,2.8,0,0,0,1,0,0,0,0,1
U2133,19,37.4,25,16,9,2,4,4,19,3.6,0,0,1,0,0,0,0,0,0
U2134,24,39.9,24,14,9,3,4,4,16,3.6,0,0,0,0,0,1,0,0,0
U2135,11,23.2,15,8,4,1,1,3,36,3.0,0,1,0,0,0,0,0,0,1
U2136,24,42.4,30,15,11,3,6,4,12,3.7,0,0,0,1,0,0,0,0,0
U2137,2,0.7,4,1,1,0,0,1,50,1.4,0,0,0,1,0,0,0,0,1
U2138,15,30.8,22,13,7,2,2,3,23,3.8,0,0,0,0,0,0,0,1,0
U2139,22,46.3,29,13,8,3,4,4,20,4.2,0,1,0,0,0,0,0,0,0
U2140,16,17.7,17,10,5,2,3,3,33,3.0,0,0,0,1,0,0,0,0,0
U2141,11,24.7,10,6,3,1,0,3,36,2.8,1,0,0,0,0,0,0,0,1
U2142,23,47.9,29,16,11,4,5,5,9,4.1,0,0,0,1,0,0,0,0,0
U2143,8,14.7,11,6,2,0,0,2,40,2.2,0,0,0,0,0,0,1,0,1
U2144,15,23.8,21,11,7,2,3,3,20,2.7,0,0,0,0,0,0,0,1,0
U2145,11,16.9,10,6,2,0,1,2,37,2.2,0,1,0,0,0,0,0,0,1
U2146,11,19.2,16,7,4,1,3,3,35,2.5,0,1,0,0,0,0,0,0,1
U2147,5,18.2,11,3,1,0,0,2,40,2.4,0,1,0,0,0,0,0,0,1
U2148,27,46.6,33,18,13,5,7,4,6,4.8,1,0,0,0,0,0,0,0,0
U2149,9,15.8,12,5,3,0,0,2,43,2.1,0,1,0,0,0,0,0,0,1
U2150,9,17.9,13,9,4,1,1,2,39,2.7,0,0,0,0,0,0,1,0,1
U2151,18,33.0,26,13,8,3,4,3,16,3.7,1,0,0,0,0,0,0,0,0
U2152,17,30.0,21,8,4,1,0,3,23,2.7,1,0,0,0,0,0,0,0,1
U2153,10,19.3,12,7,3,0,0,2,38,2.3,0,0,0,0,1,0,0,0,1
U2154,12,13.6,12,8,4,1,2,3,33,2.7,0,1,0,0,0,0,0,0,1
U2155,15,29.7,23,12,6,2,3,3,27,3.3,0,1,0,0,0,0,0,0,0
U2156,11,20.9,15,6,3,0,1,2,39,2.9,0,0,0,1,0,0,0,0,1
U2157,20,40.8,26,13,8,3,4,4,19,3.7,0,0,0,1,0,0,0,0,0
U2158,19,36.7,26,13,9,3,4,4,25,3.2,0,1,0,0,0,0,0,0,0
U2159,16,35.3,24,10,5,2,2,4,23,3.4,0,0,0,0,0,0,0,1,1
U2160,16,29.9,20,11,6,1,3,3,27,3.0,0,0,0,0,0,0,1,0,0
U2161,15,20.7,16,9,3,1,1,3,30,2.4,0,0,0,0,0,0,0,1,1
U2162,13,23.4,19,10,5,2,2,3,28,3.2,0,0,0,0,1,0,0,0,1
U2163,13,18.6,18,9,5,2,2,3,32,3.1,0,0,1,0,0,0,0,0,1
U2164,30,46.3,36,15,11,4,6,4,11,4.2,0,0,0,0,0,0,0,1,0
U2165,6,15.2,12,5,2,0,0,2,37,2.7,0,0,1,0,0,0,0,0,1
U2166,11,17.0,17,7,3,1,1,2,31,2.4,0,0,0,0,0,0,1,0,1
U2167,14,25.4,12,10,5,2,2,3,34,3.0,0,0,0,0,0,0,0,1,1
U2168,19,29.9,19,13,9,2,3,3,27,3.1,0,0,0,0,1,0,0,0,0
U2169,21,42.6,29,15,10,3,4,4,6,4.3,0,0,1,0,0,0,0,0,0
U2170,14,18.7,17,7,5,1,1,2,30,3.1,0,0,1,0,0,0,0,0,1
U2171,14,31.5,20,7,3,1,1,3,30,2.8,0,0,0,0,0,1,0,0,1
U2172,21,42.5,26,15,10,3,4,3,18,3.6,0,0,0,0,0,0,0,1,0
U2173,25,40.7,28,15,10,4,5,4,14,4.0,0,1,0,0,0,0,0,0,0
U2174,20,40.9,27,14,10,4,5,3,16,3.5,0,0,0,0,0,0,0,1,0
U2175,9,17.8,11,6,2,1,0,3,34,2.7,0,0,0,0,0,1,0,0,1
U2176,7,11.4,10,3,0,0,0,1,41,2.3,1,0,0,0,0,0,0,0,1
U2177,11,19.2,14,8,4,1,1,2,37,2.8,0,1,0,0,0,0,0,0,1
U2178,20,35.8,24,15,9,3,4,4,21,3.4,0,0,0,1,0,0,0,0,0
U2179,19,29.3,21,11,6,2,2,4,22,3.1,0,0,0,0,0,1,0,0,0
U2180,17,30.6,23,10,6,2,3,4,29,2.9,0,0,0,0,0,0,1,0,1
U2181,11,25.2,11,7,2,1,1,3,32,2.8,0,0,0,1,0,0,0,0,1
U2182,27,55.1,34,18,13,5,7,5,7,4.0,0,0,0,0,1,0,0,0,0
U2183,26,42.6,28,17,13,5,6,4,6,4.1,0,0,0,0,0,0,0,1,0
U2184,15,27.2,17,8,3,1,2,3,34,3.2,0,0,0,0,0,0,1,0,1
U2185,5,12.3,9,7,3,0,1,2,46,2.6,0,0,0,0,0,0,1,0,1
U2186,30,54.9,39,18,14,6,7,5,2,4.7,0,0,0,0,1,0,0,0,0
U2187,26,52.2,36,22,18,7,9,5,0,4.6,0,0,0,0,0,1,0,0,0
U2188,27,47.5,31,17,12,4,6,4,16,3.8,0,0,1,0,0,0,0,0,0
U2189,14,17.5,14,9,5,1,1,2,35,2.6,0,0,0,1,0,0,0,0,1
U2190,16,36.2,16,10,6,2,2,3,35,2.9,1,0,0,0,0,0,0,0,1
U2191,9,14.4,10,4,2,1,0,2,42,2.4,0,0,0,0,0,1,0,0,1
U2192,23,44.7,27,17,12,4,5,4,13,3.9,0,0,0,0,1,0,0,0,0
U2193,17,29.1,24,13,9,2,3,3,25,3.9,1,0,0,0,0,0,0,0,0
U2194,12,22.9,16,9,6,2,2,3,31,3.1,0,0,0,1,0,0,0,0,1
U2195,8,7.0,7,5,2,1,0,2,44,2.3,0,0,0,0,0,1,0,0,1
U2196,17,37.3,24,12,7,2,3,3,23,3.5,0,0,0,0,0,0,1,0,0
U2197,22,38.2,30,12,9,4,4,4,16,3.7,0,0,0,0,0,1,0,0,0
U2198,24,43.0,31,14,12,4,6,4,9,3.9,0,0,0,0,0,0,0,1,0
U2199,12,22.2,16,8,4,1,2,3,33,2.7,0,0,0,1,0,0,0,0,1
U2200,22,41.8,26,14,10,4,5,4,13,4.1,0,0,0,0,0,1,0,0,0
U2201,5,11.2,10,5,2,1,0,2,42,2.6,0,0,0,0,0,0,0,1,1
U2202,12,24.7,15,8,4,1,1,3,33,2.9,0,0,0,0,0,0,0,1,1
U2203,21,39.1,24,12,6,2,3,3,18,3.6,0,0,0,0,0,0,1,0,0
U2204,22,39.4,29,13,8,2,4,4,18,4.1,0,1,0,0,0,0,0,0,0
U2205,9,18.1,11,6,3,0,1,3,40,2.2,0,0,0,0,0,0,0,1,1
U2206,8,13.9,8,5,1,0,1,2,47,2.2,0,1,0,0,0,0,0,0,1
U2207,19,37.1,24,12,8,3,3,4,23,3.2,1,0,0,0,0,0,0,0,0
U2208,21,34.9,25,15,10,4,5,4,19,3.6,0,0,0,0,0,1,0,0,0
U2209,19,37.4,22,12,8,3,3,3,22,3.8,0,0,0,1,0,0,0,0,0
U2210,4,11.4,2,4,1,0,1,2,48,1.7,0,0,0,0,1,0,0,0,1
U2211,30,55.6,38,18,14,6,7,5,8,4.8,0,0,0,0,0,0,0,1,0
U2212,17,32.0,21,11,8,3,4,3,25,3.4,1,0,0,0,0,0,0,0,1
U2213,16,35.0,26,12,7,3,3,4,21,3.4,0,0,0,1,0,0,0,0,1
U2214,23,41.6,33,16,10,4,5,4,14,4.0,1,0,0,0,0,0,0,0,0
U2215,23,40.5,32,16,11,5,5,4,11,3.8,0,0,0,0,1,0,0,0,0
U2216,25,45.1,29,17,12,4,6,4,13,3.8,0,0,0,1,0,0,0,0,0
U2217,11,23.8,15,6,2,1,0,2,40,2.3,0,0,0,0,0,0,0,1,1
U2218,26,45.4,32,16,11,4,6,4,11,4.1,0,0,0,1,0,0,0,0,0
U2219,18,34.4,22,13,9,3,3,3,18,3.5,0,0,0,0,0,0,0,1,0
U2220,8,22.3,14,8,5,1,1,3,29,2.5,1,0,0,0,0,0,0,0,1
U2221,14,21.3,15,9,4,1,1,3,33,2.7,0,0,0,1,0,0,0,0,1
U2222,19,39.8,25,13,10,4,5,4,20,3.8,0,0,0,0,0,0,1,0,0
U2223,15,30.9,23,9,4,1,1,3,33,2.7,0,0,0,1,0,0,0,0,1
U2224,20,43.7,21,16,10,3,4,4,17,3.2,0,0,0,1,0,0,0,0,0
U2225,16,28.2,25,13,8,2,3,3,22,3.2,0,0,0,0,0,1,0,0,0
U2226,10,20.4,16,6,4,1,1,2,34,2.6,0,0,0,0,0,0,0,1,1
U2227,23,44.1,30,18,12,5,6,4,8,4.0,0,0,0,0,0,0,0,1,0
U2228,29,47.4,33,19,14,5,7,5,4,4.7,0,1,0,0,0,0,0,0,0
U2229,11,23.5,15,8,4,1,3,3,26,2.8,0,0,0,0,0,0,0,1,0
U2230,17,34.9,22,14,8,3,3,3,21,3.2,1,0,0,0,0,0,0,0,0
U2231,19,33.6,23,13,7,2,3,4,20,3.0,0,0,0,1,0,0,0,0,0
U2232,23,34.7,26,14,8,3,4,4,15,3.6,0,0,0,0,0,1,0,0,0
U2233,30,54.0,37,21,17,7,9,5,0,4.7,1,0,0,0,0,0,0,0,0
U2234,16,30.7,25,13,8,2,3,4,18,3.6,0,0,0,0,0,1,0,0,0
U2235,3,4.5,5,0,0,0,0,1,42,1.8,0,0,0,1,0,0,0,0,1
U2236,25,45.5,31,15,9,4,4,4,9,4.0,1,0,0,0,0,0,0,0,0
U2237,10,11.5,8,3,2,0,1,2,42,2.2,0,0,1,0,0,0,0,0,1
U2238,15,27.5,22,13,6,2,2,3,21,3.2,0,1,0,0,0,0,0,0,0
U2239,11,28.8,18,9,5,0,2,3,36,2.6,0,0,0,1,0,0,0,0,1
U2240,11,23.4,14,8,5,1,2,3,39,2.8,0,0,0,0,0,0,0,1,1
U2241,10,19.5,12,7,5,1,2,3,35,2.8,0,0,1,0,0,0,0,0,1
U2242,17,27.4,23,10,5,1,3,3,18,2.9,0,0,0,0,0,0,0,1,0
U2243,27,50.7,35,16,12,4,6,4,10,4.2,0,0,0,0,1,0,0,0,0
U2244,22,47.4,27,16,11,3,5,4,14,3.5,0,0,0,0,0,0,0,1,0
U2245,7,15.2,4,6,2,0,1,1,39,2.1,0,1,0,0,0,0,0,0,1
U2246,16,20.6,17,10,6,2,1,3,27,2.8,0,0,0,0,0,0,0,1,0
U2247,14,26.2,17,9,3,1,0,3,27,3.1,1,0,0,0,0,0,0,0,0
U2248,3,6.8,8,3,1,0,0,1,43,1.7,1,0,0,0,0,0,0,0,1
U2249,10,14.0,12,7,4,0,1,2,36,2.6,1,0,0,0,0,0,0,0,1
U2250,26,54.0,32,18,13,5,6,5,0,5.0,1,0,0,0,0,0,0,0,0
U2251,26,53.6,35,18,14,5,8,5,9,4.5,1,0,0,0,0,0,0,0,0
U2252,12,28.9,20,8,3,1,1,2,34,3.2,0,0,0,1,0,0,0,0,1
U2253,11,25.6,16,8,5,2,2,3,29,2.8,1,0,0,0,0,0,0,0,1
U2254,18,30.5,21,11,6,2,2,3,27,3.0,1,0,0,0,0,0,0,0,0
U2255,14,25.3,16,7,4,1,2,3,29,2.8,1,0,0,0,0,0,0,0,1
U2256,14,20.7,16,9,4,1,1,2,32,3.0,0,0,1,0,0,0,0,0,1
U2257,16,31.9,22,8,4,1,1,3,24,3.1,0,0,0,0,0,0,0,1,0
U2258,12,19.6,17,9,4,1,1,3,35,2.7,0,0,0,1,0,0,0,0,0
U2259,12,17.5,12,6,3,0,0,2,39,2.8,0,0,0,0,0,0,0,1,1
U2260,18,33.5,24,12,8,2,4,3,21,3.5,0,0,0,0,0,0,0,1,0
U2261,7,4.2,9,6,2,1,0,2,40,1.9,1,0,0,0,0,0,0,0,1
U2262,3,9.2,5,2,1,0,1,1,42,2.0,0,0,0,0,0,0,0,1,1
U2263,23,36.0,28,13,8,2,4,4,19,3.8,0,0,0,0,0,1,0,0,0
U2264,17,34.4,22,12,6,1,2,3,22,3.7,0,0,0,0,0,0,0,1,0
U2265,6,7.4,4,6,3,0,1,2,44,2.1,0,0,0,0,1,0,0,0,1
U2266,19,35.2,25,14,8,2,3,4,17,3.5,1,0,0,0,0,0,0,0,0
U2267,25,40.2,29,15,11,4,6,4,12,4.1,0,0,0,0,0,1,0,0,0
U2268,3,7.7,1,1,0,0,1,1,48,1.7,0,0,0,0,0,0,1,0,1
U2269,12,31.2,20,9,5,1,1,3,30,3.1,0,0,0,0,0,0,0,1,1
U2270,8,17.3,10,4,3,1,2,2,40,2.6,0,0,0,0,0,0,0,1,1
U2271,16,30.1,18,11,6,2,2,4,24,3.1,1,0,0,0,0,0,0,0,0
U2272,21,39.2,31,14,9,3,4,4,14,3.7,0,0,0,0,0,0,1,0,0
U2273,17,30.9,20,10,7,2,3,3,28,2.5,0,0,0,1,0,0,0,0,1
U2274,6,14.0,11,2,1,0,0,2,33,2.7,1,0,0,0,0,0,0,0,1
U2275,22,46.2,31,16,10,3,5,4,11,4.0,0,1,0,0,0,0,0,0,0
U2276,16,29.4,21,11,6,2,3,4,25,3.2,0,0,0,1,0,0,0,0,0
U2277,12,21.8,14,6,2,1,1,3,36,2.8,0,0,1,0,0,0,0,0,1
U2278,17,37.7,20,11,7,2,4,3,25,3.8,0,0,0,1,0,0,0,0,0
U2279,20,38.7,31,14,11,4,5,4,13,3.6,1,0,0,0,0,0,0,0,0
U2280,5,5.3,5,2,2,1,0,2,45,1.8,0,0,0,0,1,0,0,0,1
U2281,23,43.2,31,17,11,4,6,4,11,4.1,1,0,0,0,0,0,0,0,0
U2282,18,31.6,21,10,6,1,2,3,25,3.0,1,0,0,0,0,0,0,0,0
U2283,2,0.0,4,1,1,0,0,1,52,1.4,0,0,0,1,0,0,0,0,1
U2284,9,16.7,14,6,2,0,0,3,40,2.1,1,0,0,0,0,0,0,0,1
U2285,18,31.0,20,16,11,3,5,3,23,3.7,0,0,0,0,0,0,0,1,0
U2286,19,40.9,28,13,9,3,4,4,13,3.5,1,0,0,0,0,0,0,0,0
U2287,21,45.9,29,16,12,4,5,4,13,4.6,0,0,0,0,0,0,1,0,0
U2288,11,25.6,16,9,5,0,1,3,32,3.2,1,0,0,0,0,0,0,0,1
U2289,25,49.8,34,18,13,5,6,5,5,4.0,0,0,0,0,0,1,0,0,0
U2290,26,47.3,32,17,12,5,6,5,5,3.9,0,0,0,0,0,0,1,0,0
U2291,22,37.0,27,14,10,3,5,4,13,3.5,0,0,0,0,1,0,0,0,0
U2292,26,40.4,28,13,9,3,5,4,14,3.9,1,0,0,0,0,0,0,0,0
U2293,6,9.3,10,3,1,0,1,2,46,2.1,0,0,0,0,0,0,0,1,1
U2294,23,39.6,30,14,10,4,5,4,12,3.6,0,0,0,0,0,0,1,0,0
U2295,12,24.9,20,9,5,1,2,3,29,3.0,0,0,0,0,1,0,0,0,0
U2296,16,28.3,20,10,5,1,1,3,28,3.1,0,0,0,0,0,0,0,1,0
U2297,18,25.0,19,9,6,2,2,4,25,2.9,0,0,1,0,0,0,0,0,1
U2298,5,5.7,7,2,2,0,0,1,49,2.4,1,0,0,0,0,0,0,0,1
U2299,7,15.9,14,6,2,0,0,2,40,2.5,0,0,0,1,0,0,0,0,1
U2300,25,47.4,29,15,10,4,5,4,15,4.3,0,1,0,0,0,0,0,0,0
U2301,4,10.3,5,3,2,0,0,1,45,2.6,1,0,0,0,0,0,0,0,1
U2302,22,42.1,30,13,9,3,4,4,9,3.6,0,1,0,0,0,0,0,0,0
U2303,19,37.5,24,14,10,3,5,4,18,3.9,0,0,0,0,0,0,1,0,0
U2304,6,19.3,13,7,5,1,2,2,40,2.9,0,0,0,0,0,0,0,1,1
U2305,18,36.1,25,14,9,3,4,3,18,3.9,0,1,0,0,0,0,0,0,0
U2306,11,15.8,11,8,3,1,2,2,34,2.7,1,0,0,0,0,0,0,0,1
U2307,11,15.4,7,7,4,1,1,2,37,2.1,0,0,0,0,1,0,0,0,1
U2308,16,33.9,20,8,4,1,2,3,25,3.3,0,1,0,0,0,0,0,0,0
U2309,15,34.2,17,9,5,1,1,3,30,2.8,1,0,0,0,0,0,0,0,1
U2310,15,29.5,21,10,5,1,2,3,25,3.1,1,0,0,0,0,0,0,0,0
U2311,18,33.0,26,13,9,3,4,4,17,3.9,0,1,0,0,0,0,0,0,0
U2312,15,35.1,19,13,8,1,3,4,28,3.3,0,1,0,0,0,0,0,0,0
U2313,14,23.4,14,11,6,2,1,3,34,2.7,0,1,0,0,0,0,0,0,1
U2314,14,27.3,20,9,5,2,2,2,29,2.7,0,1,0,0,0,0,0,0,1
U2315,2,5.0,4,3,2,1,0,1,47,1.6,0,0,0,1,0,0,0,0,1
U2316,19,39.9,26,13,8,3,4,3,13,3.8,0,0,0,0,0,1,0,0,0
U2317,19,35.2,24,14,9,3,3,4,15,4.0,1,0,0,0,0,0,0,0,0
U2318,19,40.4,28,12,8,2,4,3,21,3.7,0,1,0,0,0,0,0,0,0
U2319,9,18.5,16,7,4,1,1,3,37,2.6,0,0,0,0,0,0,1,0,1
U2320,15,32.3,20,10,6,2,2,3,24,3.2,1,0,0,0,0,0,0,0,0
U2321,28,49.1,28,16,11,4,4,5,10,4.2,0,0,0,0,0,1,0,0,0
U2322,17,28.5,19,9,6,1,2,3,27,3.4,0,0,0,0,0,0,0,1,0
U2323,21,28.5,23,12,8,3,2,3,15,3.2,0,0,0,0,1,0,0,0,0
U2324,19,35.9,27,13,9,3,4,4,14,4.0,1,0,0,0,0,0,0,0,0
U2325,21,39.9,23,14,9,3,4,4,17,3.9,0,0,0,0,0,1,0,0,0
U2326,14,27.5,21,9,4,1,2,2,34,3.0,0,0,0,0,0,0,0,1,1
U2327,22,38.0,24,15,8,3,3,4,19,4.5,0,0,0,1,0,0,0,0,0
U2328,21,34.1,22,13,9,2,3,4,14,3.7,1,0,0,0,0,0,0,0,0
U2329,21,43.6,28,16,10,5,5,4,8,4.0,0,1,0,0,0,0,0,0,0
U2330,19,38.5,23,12,7,2,3,4,19,3.8,0,0,0,0,0,1,0,0,0
U2331,5,16.0,3,4,2,0,0,2,46,2.0,1,0,0,0,0,0,0,0,1
U2332,21,33.2,28,15,10,3,4,4,13,3.6,0,0,0,0,0,0,0,1,0
U2333,17,39.8,28,12,9,3,4,3,20,3.5,0,1,0,0,0,0,0,0,0
U2334,6,8.2,5,2,1,0,0,2,45,1.9,0,0,0,0,0,0,0,1,1
U2335,10,11.5,8,4,2,0,0,2,39,1.9,0,1,0,0,0,0,0,0,1
U2336,7,12.6,11,5,2,0,0,2,40,1.9,0,0,0,1,0,0,0,0,1
U2337,14,33.5,22,10,4,1,3,3,22,3.3,0,0,0,0,0,1,0,0,1
U2338,12,25.6,12,7,5,2,2,2,33,2.6,1,0,0,0,0,0,0,0,1
U2339,10,13.4,12,4,3,0,1,2,42,3.0,0,0,0,0,1,0,0,0,1
U2340,11,15.9,15,7,3,1,1,2,38,2.7,0,1,0,0,0,0,0,0,1
U2341,22,35.7,26,15,11,4,5,3,16,3.9,0,0,0,0,0,0,0,1,0
U2342,10,15.9,11,6,3,1,1,3,39,2.5,0,1,0,0,0,0,0,0,1
U2343,9,18.7,12,8,4,1,0,2,38,2.5,0,0,0,1,0,0,0,0,1
U2344,20,40.6,24,13,8,3,4,4,16,3.9,0,0,0,1,0,0,0,0,0
U2345,23,41.5,28,15,10,3,5,4,12,3.8,0,0,0,0,0,0,1,0,0
U2346,23,43.4,29,15,9,3,4,4,16,4.0,0,0,0,0,1,0,0,0,0
U2347,27,44.0,33,18,14,5,7,4,5,4.2,0,0,0,0,1,0,0,0,0
U2348,6,14.1,4,3,1,1,0,1,43,2.3,0,0,0,1,0,0,0,0,1
U2349,19,36.9,27,13,9,3,4,4,23,3.2,1,0,0,0,0,0,0,0,0
U2350,2,3.7,3,1,1,1,0,2,46,1.3,0,0,0,0,1,0,0,0,1
U2351,14,25.8,21,10,6,2,3,3,28,3.0,1,0,0,0,0,0,0,0,1
U2352,24,45.9,32,16,12,4,6,4,13,4.4,0,0,0,0,1,0,0,0,0
U2353,8,6.7,3,4,1,0,0,2,40,2.4,1,0,0,0,0,0,0,0,1
U2354,23,39.6,31,16,10,3,5,4,10,4.2,0,0,1,0,0,0,0,0,0
U2355,28,45.7,34,18,13,5,6,4,10,4.4,1,0,0,0,0,0,0,0,0
U2356,7,11.6,8,5,2,0,1,2,45,2.2,1,0,0,0,0,0,0,0,1
U2357,20,29.1,21,13,8,2,3,3,26,3.1,0,0,0,0,0,0,0,1,0
U2358,16,27.1,22,10,6,2,2,3,26,3.1,0,0,0,0,0,0,1,0,0
U2359,29,49.7,32,20,15,6,9,5,5,4.6,0,0,0,1,0,0,0,0,0
U2360,12,21.3,16,7,5,1,2,3,34,2.9,0,0,0,0,0,0,0,1,1
U2361,2,2.6,5,2,0,1,1,1,46,1.8,0,0,0,0,1,0,0,0,1
U2362,21,39.6,31,14,9,3,4,4,16,3.8,0,0,0,0,0,1,0,0,0
U2363,27,50.1,30,15,11,5,5,5,7,4.1,0,0,0,0,1,0,0,0,0
U2364,27,49.3,34,18,13,5,6,5,9,4.4,1,0,0,0,0,0,0,0,0
U2365,7,22.1,11,7,2,1,0,2,38,2.9,0,1,0,0,0,0,0,0,1
U2366,13,19.1,16,9,4,1,2,2,37,3.3,0,0,0,0,0,0,0,1,1
U2367,20,39.1,30,16,11,3,5,4,14,3.7,0,0,0,0,0,0,1,0,0
U2368,9,15.3,8,4,3,1,1,2,41,2.6,1,0,0,0,0,0,0,0,1
U2369,18,33.9,26,13,8,1,4,3,25,3.6,1,0,0,0,0,0,0,0,0
U2370,12,23.0,19,8,4,1,2,3,34,3.1,0,0,0,0,1,0,0,0,1
U2371,10,16.6,13,5,1,0,0,3,42,3.0,1,0,0,0,0,0,0,0,1
U2372,14,22.6,17,10,6,2,3,3,30,3.4,0,0,0,1,0,0,0,0,1
U2373,6,3.2,7,5,3,1,0,2,50,1.8,0,1,0,0,0,0,0,0,1
U2374,23,48.3,33,16,12,4,6,5,11,4.2,0,0,0,0,0,1,0,0,0
U2375,13,27.6,16,9,5,1,2,3,37,2.7,0,0,0,0,1,0,0,0,1
U2376,14,22.0,15,10,6,1,2,3,32,2.9,0,1,0,0,0,0,0,0,1
U2377,3,7.8,10,2,2,0,1,1,52,2.6,0,0,0,0,0,0,0,1,1
U2378,16,24.5,19,6,3,1,1,3,31,3.2,0,0,0,0,1,0,0,0,0
U2379,3,9.7,9,5,2,0,0,2,41,2.2,0,0,0,0,0,0,0,1,1
U2380,3,12.5,10,5,2,0,1,2,43,1.9,0,0,0,0,0,0,0,1,1
U2381,8,13.6,12,4,2,0,1,2,38,2.4,0,0,0,1,0,0,0,0,1
U2382,3,6.9,2,2,1,0,0,2,49,2.1,0,0,0,0,0,0,1,0,1
U2383,5,9.1,5,3,2,0,1,2,45,1.9,0,0,1,0,0,0,0,0,1
U2384,15,24.0,23,11,6,2,2,3,30,3.6,0,1,0,0,0,0,0,0,0
U2385,14,21.9,15,6,3,1,1,2,33,3.0,0,1,0,0,0,0,0,0,1
U2386,9,18.8,4,4,2,0,0,2,38,2.0,0,0,1,0,0,0,0,0,1
U2387,17,29.8,17,12,7,2,2,3,24,3.7,1,0,0,0,0,0,0,0,0
U2388,19,35.0,22,13,8,2,3,4,18,3.2,0,0,0,0,0,1,0,0,0
U2389,19,36.2,24,15,8,3,3,4,18,3.2,0,0,0,0,1,0,0,0,0
U2390,27,44.3,30,17,12,4,5,4,11,4.2,0,1,0,0,0,0,0,0,0
U2391,11,25.0,15,6,2,0,0,3,34,2.9,0,0,0,1,0,0,0,0,1
U2392,18,26.9,18,12,6,2,2,3,22,3.1,1,0,0,0,0,0,0,0,1
U2393,18,30.5,22,13,8,2,3,4,25,3.1,0,0,0,1,0,0,0,0,1
U2394,10,21.0,15,7,4,1,2,2,41,2.5,0,0,0,1,0,0,0,0,1
U2395,21,38.2,28,15,10,3,5,4,17,3.9,0,0,0,0,0,0,0,1,0
U2396,26,45.4,30,17,12,4,6,5,6,4.2,1,0,0,0,0,0,0,0,0
U2397,3,10.4,3,3,1,0,0,2,40,1.8,0,0,0,1,0,0,0,0,1
U2398,19,34.5,27,11,8,3,4,4,20,3.3,0,0,0,0,0,0,1,0,0
U2399,26,46.0,29,18,14,5,8,5,10,4.1,0,0,0,0,0,0,0,1,0
U2400,9,13.5,15,7,4,1,1,2,40,2.2,0,0,0,0,1,0,0,0,1
U2401,17,35.0,22,13,8,2,3,4,23,3.5,0,0,1,0,0,0,0,0,0
U2402,17,32.7,20,10,7,2,2,4,20,3.7,0,0,0,0,0,1,0,0,0
U2403,11,20.9,17,7,3,1,1,2,38,2.6,1,0,0,0,0,0,0,0,1
U2404,17,29.3,22,10,6,1,2,3,24,3.5,0,1,0,0,0,0,0,0,0
U2405,19,34.1,24,12,8,2,3,4,19,3.9,1,0,0,0,0,0,0,0,0
U2406,25,50.6,36,19,14,6,7,4,7,4.2,0,0,0,1,0,0,0,0,0
U2407,17,30.3,23,10,7,3,3,3,21,3.5,0,0,0,0,0,0,1,0,0
U2408,27,48.8,36,20,15,6,7,5,1,4.4,1,0,0,0,0,0,0,0,0
U2409,11,19.8,17,9,5,1,2,3,33,2.4,0,1,0,0,0,0,0,0,1
U2410,17,29.9,21,12,6,2,3,3,26,3.2,1,0,0,0,0,0,0,0,0
U2411,16,35.4,23,11,7,2,2,3,28,3.2,0,0,0,1,0,0,0,0,0
U2412,24,35.0,21,11,8,3,3,3,12,3.5,0,0,0,0,1,0,0,0,0
U2413,12,14.1,14,9,4,1,1,2,37,2.5,0,0,0,1,0,0,0,0,1
U2414,28,52.0,38,17,11,4,5,5,10,4.2,0,0,0,0,0,0,1,0,0
U2415,16,29.3,18,12,7,2,3,3,24,3.7,0,0,0,1,0,0,0,0,0
U2416,8,25.0,18,8,3,1,1,2,36,2.2,0,0,0,0,0,0,1,0,1
U2417,7,16.9,11,6,3,1,1,2,46,2.0,0,0,0,0,0,1,0,0,1
U2418,8,15.8,6,5,3,1,1,2,44,2.3,1,0,0,0,0,0,0,0,1
U2419,6,15.5,8,4,2,1,1,2,42,2.0,0,0,0,0,0,0,1,0,1
U2420,6,6.4,9,5,1,0,0,2,46,2.4,0,0,0,1,0,0,0,0,1
U2421,20,37.1,30,15,10,2,5,4,14,4.0,0,0,0,0,1,0,0,0,0
U2422,11,23.0,14,7,4,1,2,2,35,2.8,1,0,0,0,0,0,0,0,1
U2423,16,29.2,22,13,9,3,4,4,21,3.3,0,0,0,0,1,0,0,0,1
U2424,13,22.2,20,9,5,1,1,3,30,2.9,0,0,0,0,0,0,0,1,1
U2425,17,35.9,25,13,8,3,3,4,23,3.2,0,1,0,0,0,0,0,0,0
U2426,22,43.2,32,17,12,4,7,4,12,4.1,0,0,0,1,0,0,0,0,0
U2427,16,28.8,17,9,4,1,1,3,31,2.7,1,0,0,0,0,0,0,0,1
U2428,16,26.6,20,9,5,1,3,4,31,3.1,0,0,1,0,0,0,0,0,1
U2429,14,23.3,21,7,3,1,1,3,31,2.9,0,1,0,0,0,0,0,0,0
U2430,15,32.1,17,9,6,2,2,3,30,3.0,0,0,0,0,1,0,0,0,1
U2431,16,29.5,24,13,7,2,2,4,19,3.3,0,0,0,0,1,0,0,0,0
U2432,20,34.8,22,13,8,2,3,4,22,3.4,0,0,0,1,0,0,0,0,0
U2433,10,12.0,13,7,3,0,1,2,35,1.9,0,1,0,0,0,0,0,0,1
U2434,11,20.4,7,4,3,0,1,2,40,2.8,0,0,0,1,0,0,0,0,1
U2435,23,47.8,27,15,10,4,4,4,15,4.0,0,0,1,0,0,0,0,0,0
U2436,16,30.8,25,12,8,2,3,4,30,3.3,0,0,0,0,1,0,0,0,0
U2437,13,25.9,16,10,3,1,1,3,29,2.7,0,0,0,0,0,0,0,1,1
U2438,28,49.0,34,15,12,4,5,5,0,4.3,0,0,0,0,0,0,0,1,0
U2439,0,4.4,6,1,0,1,0,1,52,1.7,0,0,0,1,0,0,0,0,1
U2440,15,26.1,18,10,5,2,2,3,26,3.4,0,0,1,0,0,0,0,0,1
U2441,12,20.1,13,8,4,1,2,3,31,2.4,0,0,1,0,0,0,0,0,1
U2442,24,40.1,24,12,8,2,4,4,15,3.4,0,1,0,0,0,0,0,0,0
U2443,18,31.6,27,13,8,3,4,3,20,3.1,0,0,1,0,0,0,0,0,0
U2444,15,26.2,22,10,5,1,2,3,21,3.3,0,0,1,0,0,0,0,0,0
U2445,24,43.3,26,16,11,4,5,4,7,3.8,0,0,0,1,0,0,0,0,0
U2446,5,8.5,6,3,1,0,0,2,45,2.3,0,0,0,1,0,0,0,0,1
U2447,16,30.2,18,9,4,1,2,3,26,3.1,0,0,0,0,1,0,0,0,0
U2448,17,28.0,20,12,7,2,3,3,22,3.5,0,0,1,0,0,0,0,0,1
U2449,26,47.4,29,20,14,5,6,4,9,4.3,0,0,0,1,0,0,0,0,0
U2450,28,47.0,35,16,12,4,5,4,7,4.4,0,0,0,0,0,0,0,1,0
U2451,24,42.9,29,17,11,4,4,4,11,4.3,0,0,0,1,0,0,0,0,0
U2452,11,18.9,14,8,4,2,1,3,34,2.5,0,1,0,0,0,0,0,0,1
U2453,8,20.7,10,7,1,0,0,3,35,2.0,0,0,1,0,0,0,0,0,1
U2454,14,19.4,16,7,3,1,1,3,36,2.8,0,1,0,0,0,0,0,0,1
U2455,9,14.1,8,8,3,1,1,2,39,2.4,0,0,0,0,0,1,0,0,1
U2456,9,9.4,8,3,1,1,1,2,46,1.9,0,0,0,1,0,0,0,0,1
U2457,22,42.7,32,15,10,3,5,4,13,3.9,1,0,0,0,0,0,0,0,0
U2458,26,43.4,33,15,11,4,5,3,12,3.5,0,1,0,0,0,0,0,0,0
U2459,14,29.9,21,11,5,1,3,3,26,3.0,1,0,0,0,0,0,0,0,0
U2460,12,22.7,16,10,6,2,2,3,31,3.2,0,0,1,0,0,0,0,0,1
U2461,22,38.4,23,15,11,3,5,4,19,3.9,0,1,0,0,0,0,0,0,0
U2462,15,15.0,20,9,4,1,2,3,36,3.1,0,0,0,0,0,1,0,0,1
U2463,13,21.1,16,8,5,1,2,3,30,2.7,0,0,0,1,0,0,0,0,1
U2464,10,27.7,17,9,6,2,3,3,34,3.0,0,0,0,0,0,0,1,0,1
U2465,23,44.6,31,15,12,5,5,4,11,4.4,0,1,0,0,0,0,0,0,0
U2466,7,12.2,11,6,2,1,1,2,39,2.6,1,0,0,0,0,0,0,0,1
U2467,19,38.0,27,14,10,3,4,4,17,4.0,0,0,0,0,0,1,0,0,0
U2468,18,30.8,22,11,7,2,3,4,21,2.8,0,0,0,0,0,0,1,0,1
U2469,23,51.7,35,19,15,5,8,4,5,4.5,1,0,0,0,0,0,0,0,0
U2470,12,22.5,11,6,3,1,1,2,41,2.6,0,0,0,0,0,0,1,0,1
U2471,7,8.2,4,3,2,1,1,2,45,1.9,0,0,0,0,0,0,0,1,1
U2472,19,31.2,20,9,5,2,2,3,25,3.5,1,0,0,0,0,0,0,0,0
U2473,6,9.8,12,5,2,0,1,2,47,2.3,0,0,0,0,0,1,0,0,1
U2474,5,10.3,9,5,0,0,0,2,48,2.3,0,0,0,0,0,0,1,0,1
U2475,25,42.0,29,15,10,4,4,4,11,3.9,0,0,0,0,0,0,0,1,0
U2476,27,44.9,31,15,11,4,5,5,6,3.9,1,0,0,0,0,0,0,0,0
U2477,16,27.3,18,9,3,1,1,3,26,3.5,0,0,0,0,0,0,0,1,1
U2478,15,28.3,18,9,5,1,2,2,27,2.6,1,0,0,0,0,0,0,0,1
U2479,14,24.7,20,9,6,2,3,3,29,2.8,0,1,0,0,0,0,0,0,0
U2480,21,36.4,31,16,10,3,5,4,12,4.0,0,1,0,0,0,0,0,0,0
U2481,12,20.7,14,8,5,1,2,2,35,3.0,0,0,0,0,0,0,1,0,1
U2482,0,2.6,6,1,1,0,0,1,51,1.7,0,0,0,0,0,0,1,0,1
U2483,8,13.1,10,5,3,0,2,2,40,2.5,1,0,0,0,0,0,0,0,1
U2484,8,21.5,12,6,3,1,0,2,39,2.6,0,0,0,0,0,0,1,0,1
U2485,12,22.0,17,7,3,1,0,3,33,2.5,1,0,0,0,0,0,0,0,1
U2486,23,39.7,28,13,9,2,4,4,14,3.4,0,0,0,0,1,0,0,0,0
U2487,24,37.8,34,19,14,4,7,4,12,4.3,0,0,0,0,0,1,0,0,0
U2488,8,13.4,9,6,3,0,1,3,42,2.6,0,0,0,0,0,0,1,0,1
U2489,14,28.3,19,10,6,2,3,3,32,3.7,0,1,0,0,0,0,0,0,0
U2490,21,43.2,32,15,10,4,5,4,15,3.8,0,0,1,0,0,0,0,0,0
U2491,10,16.2,10,5,2,1,1,2,37,2.5,0,0,0,0,1,0,0,0,1
U2492,24,45.0,26,16,11,3,5,5,9,4.1,0,0,0,0,0,0,0,1,0
U2493,7,15.4,6,3,1,0,0,2,44,1.9,1,0,0,0,0,0,0,0,1
U2494,15,25.3,18,11,7,1,3,3,29,2.9,0,0,0,0,0,0,0,1,1
U2495,12,24.1,22,9,7,1,3,3,31,3.1,1,0,0,0,0,0,0,0,1
U2496,22,35.2,22,14,10,3,4,3,25,3.7,0,0,0,0,0,0,0,1,0
U2497,6,14.2,6,5,2,0,0,2,42,2.1,0,0,1,0,0,0,0,0,1
U2498,22,39.3,27,15,10,4,5,4,12,3.8,0,0,0,0,0,1,0,0,0
U2499,18,33.8,20,10,7,2,3,3,22,3.8,0,1,0,0,0,0,0,0,0
U2500,21,35.9,23,14,9,2,4,3,18,3.7,0,0,0,1,0,0,0,0,0
U2501,15,21.2,12,9,5,1,1,3,30,2.7,0,0,1,0,0,0,0,0,0
U2502,14,34.8,18,10,6,2,3,3,29,3.6,1,0,0,0,0,0,0,0,1
U2503,19,34.0,30,12,8,3,2,4,19,3.8,0,0,0,0,1,0,0,0,0
U2504,18,39.1,27,15,10,3,4,4,22,3.4,1,0,0,0,0,0,0,0,0
U2505,15,21.6,21,11,7,3,4,2,32,3.3,0,0,0,1,0,0,0,0,0
U2506,8,17.0,9,4,3,0,0,2,32,2.1,0,0,0,0,0,1,0,0,1
U2507,10,27.5,12,7,3,1,1,2,33,2.4,0,0,0,1,0,0,0,0,1
U2508,20,39.8,26,14,10,3,4,4,19,3.5,0,0,0,0,0,0,0,1,0
U2509,11,26.9,16,8,3,2,0,3,29,2.6,0,0,0,0,0,0,0,1,0
U2510,9,11.4,8,3,2,1,0,2,43,2.0,0,0,0,0,0,0,0,1,1
U2511,18,38.1,28,12,6,2,3,4,17,3.3,1,0,0,0,0,0,0,0,0
U2512,17,34.0,21,12,7,2,3,3,20,3.5,0,0,0,0,0,0,0,1,0
U2513,8,28.1,13,9,4,1,2,2,38,2.5,0,0,1,0,0,0,0,0,0
U2514,3,6.5,8,2,2,1,0,2,49,1.7,0,1,0,0,0,0,0,0,1
U2515,27,55.3,37,18,14,5,6,5,3,4.6,1,0,0,0,0,0,0,0,0
U2516,15,29.8,18,10,6,1,2,3,24,3.1,0,0,0,1,0,0,0,0,1
U2517,19,29.8,23,13,8,3,4,3,23,3.4,0,0,0,1,0,0,0,0,0
U2518,12,25.0,14,12,5,2,3,3,23,2.9,1,0,0,0,0,0,0,0,1
U2519,10,11.5,12,6,3,1,1,2,41,3.0,0,0,0,0,0,0,0,1,1
U2520,19,23.3,22,11,7,2,2,3,24,3.4,0,0,0,1,0,0,0,0,0
U2521,7,8.1,8,3,1,0,0,2,40,2.1,0,0,0,0,0,1,0,0,1
U2522,19,30.8,20,13,9,2,4,3,27,3.5,0,0,0,1,0,0,0,0,1
U2523,24,48.1,35,16,13,6,7,4,5,4.4,0,0,1,0,0,0,0,0,0
U2524,17,25.0,21,11,5,1,1,3,23,3.4,0,0,0,0,0,1,0,0,1
U2525,12,17.1,14,8,3,0,2,2,38,2.6,0,0,0,0,0,0,0,1,1
U2526,9,13.9,9,5,2,0,1,3,38,2.4,0,0,0,0,0,0,0,1,1
U2527,15,20.7,18,7,3,1,1,3,30,3.0,0,0,0,0,1,0,0,0,0
U2528,14,21.8,14,10,5,1,2,3,31,3.2,0,0,0,0,0,1,0,0,0
U2529,24,44.3,32,17,11,4,5,5,7,4.1,0,0,0,0,0,0,1,0,0
U2530,14,36.4,25,12,6,2,3,4,27,3.0,0,1,0,0,0,0,0,0,0
U2531,17,30.3,21,14,8,2,3,4,15,3.2,0,0,0,1,0,0,0,0,0
U2532,9,21.2,12,7,3,0,1,2,38,2.7,0,0,0,0,0,1,0,0,1
U2533,13,29.7,19,10,5,1,1,3,32,3.0,0,0,0,0,0,0,1,0,1
U2534,18,34.8,24,14,8,2,3,3,22,3.3,0,0,1,0,0,0,0,0,0
U2535,3,5.7,5,3,0,0,1,1,49,1.8,0,0,0,0,1,0,0,0,1
U2536,3,3.5,6,1,0,0,0,1,55,1.7,0,0,0,1,0,0,0,0,1
U2537,3,6.2,2,2,1,1,0,1,44,1.6,0,1,0,0,0,0,0,0,1
U2538,13,28.4,14,9,6,2,2,2,33,2.3,1,0,0,0,0,0,0,0,1
U2539,21,44.0,25,15,10,3,4,4,18,3.7,0,0,0,1,0,0,0,0,0
U2540,10,13.4,11,4,0,0,0,2,44,2.5,0,1,0,0,0,0,0,0,1
U2541,6,9.8,10,5,3,1,1,2,39,2.7,1,0,0,0,0,0,0,0,1
U2542,11,20.0,14,7,4,1,0,2,35,2.4,1,0,0,0,0,0,0,0,1
U2543,13,23.8,16,11,5,2,2,2,34,2.7,0,0,0,1,0,0,0,0,1
U2544,8,22.8,13,9,5,1,2,2,34,3.1,0,0,0,0,1,0,0,0,1
U2545,7,13.2,7,6,3,1,0,2,38,2.5,0,1,0,0,0,0,0,0,1
U2546,8,17.2,9,4,3,1,1,2,38,2.4,0,0,0,1,0,0,0,0,1
U2547,27,51.2,35,19,14,6,7,5,2,4.5,0,0,0,1,0,0,0,0,0
U2548,2,6.5,3,2,1,1,1,1,45,2.2,0,0,0,1,0,0,0,0,1
U2549,18,36.6,23,12,8,2,4,4,18,3.3,0,0,0,0,0,0,1,0,0
U2550,24,49.4,35,16,13,5,7,4,13,4.0,0,0,0,0,0,0,0,1,0
U2551,23,39.0,30,18,12,4,5,4,15,3.5,0,0,0,1,0,0,0,0,0
U2552,7,8.9,9,5,3,1,0,2,42,2.2,0,0,1,0,0,0,0,0,1
U2553,22,40.0,31,15,11,4,5,5,9,4.3,0,1,0,0,0,0,0,0,0
U2554,3,8.3,5,4,2,0,0,2,45,2.1,0,0,0,0,0,1,0,0,1
U2555,9,22.6,16,10,5,2,2,2,38,3.0,0,0,0,0,0,0,0,1,1
U2556,14,27.7,17,7,3,1,2,3,26,2.8,0,0,0,1,0,0,0,0,0
U2557,6,15.7,9,5,2,0,0,2,40,2.5,1,0,0,0,0,0,0,0,1
U2558,16,25.9,18,9,4,1,3,3,27,3.2,0,0,0,0,1,0,0,0,1
U2559,10,16.3,11,7,3,1,0,2,30,2.7,0,1,0,0,0,0,0,0,1
U2560,28,43.4,29,15,13,5,7,4,3,4.3,0,0,0,0,0,0,1,0,0
U2561,13,29.9,17,10,5,1,1,3,31,3.1,0,0,0,0,1,0,0,0,0
U2562,22,44.9,25,15,10,3,4,4,16,3.9,0,0,0,0,0,0,0,1,0
U2563,29,46.4,35,16,12,4,7,5,1,4.4,0,0,0,0,0,0,1,0,0
U2564,16,36.6,21,12,8,3,2,3,23,3.7,0,0,0,1,0,0,0,0,0
U2565,25,48.1,33,17,13,5,7,4,2,3.8,0,0,0,0,0,0,1,0,0
U2566,20,34.7,31,16,11,3,4,3,15,3.5,0,0,0,0,0,0,1,0,0
U2567,19,35.4,23,11,6,2,3,4,17,3.5,0,0,0,1,0,0,0,0,0
U2568,15,28.9,19,11,6,2,2,3,30,3.3,0,0,0,0,0,0,1,0,0
U2569,4,8.6,6,3,2,1,1,2,49,1.9,0,1,0,0,0,0,0,0,1
U2570,10,22.1,15,10,4,0,2,3,30,2.9,0,0,0,0,0,0,1,0,1
U2571,9,15.6,12,7,3,1,1,3,37,2.2,0,0,0,0,0,0,1,0,1
U2572,23,43.2,32,15,10,3,5,5,8,4.1,0,0,0,1,0,0,0,0,0
U2573,9,15.5,13,6,3,0,1,2,42,2.4,0,1,0,0,0,0,0,0,1
U2574,16,28.5,19,12,7,1,3,3,25,3.4,0,0,0,0,0,1,0,0,0
U2575,20,35.2,24,14,8,2,3,4,18,3.9,0,0,0,0,0,1,0,0,0
U2576,7,15.9,6,5,3,0,0,2,37,2.8,1,0,0,0,0,0,0,0,1
U2577,12,21.9,18,9,4,1,2,3,31,3.3,0,0,0,0,0,0,0,1,1
U2578,13,17.8,14,8,3,1,0,2,37,2.8,1,0,0,0,0,0,0,0,0
U2579,16,29.4,22,10,6,2,2,3,24,3.7,0,1,0,0,0,0,0,0,1
U2580,4,10.3,12,5,2,0,1,2,40,2.5,0,0,0,1,0,0,0,0,1
U2581,26,51.0,32,20,15,5,8,5,5,4.4,1,0,0,0,0,0,0,0,0
U2582,19,34.2,24,11,6,1,3,3,16,3.4,0,0,0,1,0,0,0,0,0
U2583,28,58.4,35,18,13,5,6,5,5,4.8,0,0,0,0,0,0,1,0,0
U2584,20,35.9,26,13,10,3,4,4,16,3.6,0,0,0,1,0,0,0,0,0
U2585,11,22.7,19,10,5,1,2,3,33,2.9,0,1,0,0,0,0,0,0,1
U2586,21,36.9,28,15,10,4,3,4,15,3.4,0,0,0,1,0,0,0,0,0
U2587,20,48.2,30,15,11,4,5,4,15,3.9,0,0,0,0,0,0,0,1,0
U2588,20,43.8,28,15,10,3,5,4,19,4.1,0,0,1,0,0,0,0,0,0
U2589,15,23.4,20,10,5,1,3,3,30,2.9,0,0,0,0,0,0,0,1,0
U2590,11,15.4,9,6,3,1,1,2,39,2.6,0,0,0,0,1,0,0,0,1
U2591,23,43.0,33,14,9,3,4,4,12,3.4,0,0,1,0,0,0,0,0,0
U2592,22,38.6,27,15,9,4,3,4,13,4.1,0,0,0,0,0,0,0,1,0
U2593,15,21.6,17,7,4,2,1,2,30,2.6,1,0,0,0,0,0,0,0,1
U2594,5,15.0,9,6,3,1,1,1,43,2.2,0,0,0,0,1,0,0,0,1
U2595,20,43.4,22,14,9,2,5,4,17,4.1,0,0,0,0,1,0,0,0,0
U2596,8,18.7,9,6,2,0,0,1,42,2.4,0,0,0,0,1,0,0,0,1
U2597,9,24.4,15,8,4,2,1,2,32,3.0,0,0,1,0,0,0,0,0,1
U2598,21,38.7,26,17,10,3,5,4,11,4.0,0,1,0,0,0,0,0,0,0
U2599,9,16.6,10,3,0,0,1,2,42,2.6,0,0,0,1,0,0,0,0,1
U2600,6,11.3,4,1,0,0,0,1,49,2.2,0,0,0,0,0,0,1,0,1
U2601,6,5.4,5,4,2,1,0,2,50,1.9,0,0,0,0,0,0,0,1,1
U2602,20,37.1,23,13,9,3,4,3,19,4.0,0,0,0,0,1,0,0,0,0
U2603,19,32.7,28,13,9,3,5,4,21,3.7,0,1,0,0,0,0,0,0,0
U2604,17,21.4,18,9,4,1,1,3,30,3.0,0,0,0,0,0,0,1,0,1
U2605,23,39.5,29,16,10,3,5,4,9,4.3,0,0,1,0,0,0,0,0,0
U2606,10,19.2,15,9,5,1,2,3,35,2.9,0,1,0,0,0,0,0,0,1
U2607,17,26.6,15,9,5,1,2,3,32,2.9,0,1,0,0,0,0,0,0,1
U2608,12,21.3,18,8,4,1,2,2,33,3.2,0,0,0,1,0,0,0,0,1
U2609,0,7.5,7,3,2,0,0,1,45,1.9,1,0,0,0,0,0,0,0,1
U2610,13,17.0,14,6,3,0,1,3,32,2.4,1,0,0,0,0,0,0,0,1
U2611,2,13.6,6,2,1,1,0,2,40,1.7,0,0,0,1,0,0,0,0,1
U2612,10,18.2,8,4,2,1,1,2,37,2.4,1,0,0,0,0,0,0,0,1
U2613,22,38.9,26,15,10,4,3,3,15,3.6,0,0,0,1,0,0,0,0,0
U2614,4,7.7,2,1,1,0,1,2,50,2.0,0,1,0,0,0,0,0,0,1
U2615,13,20.5,13,7,2,0,0,2,40,2.5,0,0,0,0,1,0,0,0,1
U2616,12,15.9,15,8,4,1,1,2,39,2.3,0,0,0,0,0,0,0,1,1
U2617,20,33.7,20,10,6,2,1,4,23,3.4,0,0,0,0,1,0,0,0,0
U2618,7,11.4,13,4,2,0,0,2,39,1.9,0,1,0,0,0,0,0,0,1
U2619,18,34.7,22,11,8,2,4,4,17,3.5,1,0,0,0,0,0,0,0,0
U2620,8,13.4,7,2,0,0,0,2,42,2.4,0,0,0,1,0,0,0,0,1
U2621,23,43.8,26,14,8,2,4,3,12,3.7,1,0,0,0,0,0,0,0,0
U2622,17,34.5,23,15,9,3,3,4,19,3.1,0,0,0,0,1,0,0,0,0
U2623,18,32.9,21,10,5,1,2,3,33,3.1,0,1,0,0,0,0,0,0,0
U2624,9,16.3,13,6,4,1,2,2,36,2.5,1,0,0,0,0,0,0,0,1
U2625,5,11.6,7,3,1,0,0,2,51,1.8,0,0,0,0,0,1,0,0,1
U2626,15,24.5,16,9,4,1,2,3,30,3.0,0,0,0,0,0,0,1,0,1
U2627,22,40.1,25,16,10,3,4,4,19,3.9,1,0,0,0,0,0,0,0,0
U2628,5,9.3,11,4,2,1,2,2,41,2.4,0,0,0,0,0,0,0,1,1
U2629,21,46.4,30,15,10,3,5,4,12,3.7,0,0,0,1,0,0,0,0,0
U2630,18,40.4,28,15,10,3,5,4,12,3.8,0,0,0,1,0,0,0,0,0
U2631,8,17.0,9,6,2,0,1,2,33,2.8,1,0,0,0,0,0,0,0,1
U2632,16,25.9,21,11,5,1,3,3,22,3.4,0,0,0,0,0,1,0,0,0
U2633,25,51.1,35,16,12,4,6,4,10,4.2,0,1,0,0,0,0,0,0,0
U2634,12,22.6,12,6,2,0,1,2,36,2.7,0,0,0,1,0,0,0,0,1
U2635,20,37.8,22,13,8,3,3,3,18,3.0,0,0,0,0,1,0,0,0,0
U2636,10,13.1,9,4,1,0,1,2,42,2.8,0,1,0,0,0,0,0,0,1
U2637,16,34.5,20,11,5,1,3,3,30,2.8,1,0,0,0,0,0,0,0,1
U2638,10,20.4,14,6,3,1,0,2,33,2.6,0,0,0,0,1,0,0,0,1
U2639,17,26.7,23,12,8,2,3,3,25,3.1,0,0,0,0,0,0,0,1,0
U2640,23,43.3,30,13,10,4,5,4,8,3.7,0,0,0,0,0,0,0,1,0
U2641,13,27.9,16,10,5,1,2,3,20,3.3,0,0,0,0,0,0,0,1,1
U2642,13,25.2,15,7,3,1,1,3,28,2.9,1,0,0,0,0,0,0,0,1
U2643,7,15.5,9,6,3,0,1,2,40,2.3,0,0,0,0,0,0,1,0,1
U2644,25,50.4,33,17,10,4,4,4,8,4.3,0,1,0,0,0,0,0,0,0
U2645,29,50.2,34,18,13,5,7,5,4,4.6,0,1,0,0,0,0,0,0,0
U2646,17,29.8,20,10,6,2,3,4,26,3.4,0,0,0,0,0,0,1,0,0
U2647,27,47.1,33,19,14,6,8,5,2,4.6,0,0,0,0,0,1,0,0,0
U2648,19,32.1,29,14,7,2,2,4,13,3.2,0,0,0,0,0,0,1,0,0
U2649,2,2.6,2,1,0,0,0,1,55,1.5,1,0,0,0,0,0,0,0,1
U2650,5,9.3,9,5,1,0,0,2,47,1.9,0,0,0,0,0,1,0,0,1
U2651,10,19.4,17,8,4,1,1,2,36,2.9,0,0,0,0,0,0,1,0,1
U2652,18,32.2,22,12,7,2,2,4,22,3.7,0,0,0,0,0,0,0,1,0
U2653,7,3.2,6,3,2,0,1,1,52,2.0,0,0,1,0,0,0,0,0,1
U2654,16,30.6,22,14,7,1,4,3,26,3.1,0,0,0,1,0,0,0,0,1
U2655,22,44.8,33,16,12,4,5,5,8,3.7,0,0,0,0,0,0,1,0,0
U2656,12,21.5,14,9,4,1,1,2,31,2.4,0,0,0,0,0,0,0,1,1
U2657,15,29.0,21,12,9,2,3,3,20,3.3,0,0,0,1,0,0,0,0,0
U2658,19,39.1,24,11,7,2,4,3,23,3.0,0,0,0,0,0,1,0,0,0
U2659,17,34.6,20,11,5,2,2,4,25,3.5,0,0,0,1,0,0,0,0,0
U2660,9,20.7,13,7,4,1,2,2,31,2.5,0,0,0,0,0,0,0,1,1
U2661,23,38.4,26,14,9,3,4,4,19,3.6,0,0,0,0,0,0,0,1,0
U2662,12,19.3,17,8,5,2,2,3,36,2.7,0,0,0,0,0,0,0,1,1
U2663,17,29.3,26,13,8,2,3,4,29,3.0,0,0,0,1,0,0,0,0,0
U2664,15,24.7,21,11,6,2,2,3,29,3.2,1,0,0,0,0,0,0,0,0
U2665,9,20.8,17,6,3,1,1,2,36,2.4,0,1,0,0,0,0,0,0,1
U2666,17,30.3,13,12,6,1,2,3,28,3.2,1,0,0,0,0,0,0,0,0
U2667,25,40.3,30,17,12,4,6,4,8,4.3,0,0,0,0,0,0,1,0,0
U2668,3,9.2,5,3,0,0,0,2,47,1.5,0,0,0,0,0,1,0,0,1
U2669,15,25.0,20,9,5,1,2,3,24,2.7,0,0,0,0,0,0,1,0,1
U2670,6,15.8,4,5,2,0,1,1,45,2.0,0,0,0,0,1,0,0,0,1
U2671,2,11.0,6,3,2,1,1,2,47,1.9,0,1,0,0,0,0,0,0,1
U2672,6,9.7,6,4,3,0,1,2,38,2.5,0,0,0,0,0,1,0,0,1
U2673,22,45.2,34,18,13,5,6,4,11,4.2,0,1,0,0,0,0,0,0,0
U2674,16,34.4,17,11,5,1,1,3,23,3.3,1,0,0,0,0,0,0,0,1
U2675,14,23.0,17,7,3,1,1,3,33,2.8,1,0,0,0,0,0,0,0,1
U2676,10,19.8,16,6,3,1,1,2,39,2.8,0,0,0,0,0,0,0,1,1
U2677,20,29.3,24,12,9,3,4,4,25,3.3,0,0,0,0,0,1,0,0,0
U2678,18,28.8,21,12,8,2,3,3,30,3.1,0,0,0,0,0,1,0,0,0
U2679,11,20.6,14,8,4,1,1,2,36,2.6,0,0,0,1,0,0,0,0,1
U2680,4,4.1,4,5,3,0,1,2,47,2.1,1,0,0,0,0,0,0,0,1
U2681,10,16.1,11,5,2,1,1,2,42,2.3,1,0,0,0,0,0,0,0,1
U2682,26,44.5,35,16,12,4,7,4,2,4.2,0,0,0,0,1,0,0,0,0
U2683,16,31.6,21,10,5,1,2,3,19,3.2,1,0,0,0,0,0,0,0,1
U2684,10,19.1,14,8,3,0,1,2,35,2.6,0,0,0,0,0,1,0,0,1
U2685,19,33.3,22,13,6,2,2,4,27,4.0,1,0,0,0,0,0,0,0,0
U2686,20,40.5,28,14,9,3,3,3,13,3.7,0,1,0,0,0,0,0,0,0
U2687,13,20.2,13,7,3,1,1,2,38,2.3,1,0,0,0,0,0,0,0,1
U2688,14,30.1,15,9,4,0,2,3,29,3.0,0,1,0,0,0,0,0,0,1
U2689,14,30.6,18,10,6,2,3,3,32,2.5,0,0,0,1,0,0,0,0,1
U2690,23,38.4,32,15,11,4,6,5,15,4.0,1,0,0,0,0,0,0,0,0
U2691,24,49.6,33,17,12,4,6,4,5,4.2,0,0,1,0,0,0,0,0,0
U2692,14,25.1,17,9,5,2,2,3,28,3.5,1,0,0,0,0,0,0,0,1
U2693,21,38.9,28,15,11,4,5,4,15,4.0,0,0,0,0,0,1,0,0,0
U2694,1,0.0,2,1,1,0,1,1,53,2.1,0,0,0,0,0,0,0,1,1
U2695,10,17.5,14,7,4,1,2,2,40,2.6,1,0,0,0,0,0,0,0,1
U2696,21,46.5,28,15,12,4,5,5,14,4.1,1,0,0,0,0,0,0,0,0
U2697,16,27.3,19,8,5,2,3,2,34,2.9,0,0,0,0,0,0,0,1,1
U2698,18,36.4,26,14,8,3,3,4,25,3.4,0,1,0,0,0,0,0,0,0
U2699,12,11.6,14,8,5,1,2,3,35,2.9,0,0,0,1,0,0,0,0,1
U2700,19,31.9,26,12,8,2,2,4,25,3.7,0,0,0,0,0,0,0,1,0
U2701,18,26.8,19,11,7,2,3,3,24,2.8,0,0,0,0,0,0,0,1,0
U2702,22,33.4,27,12,7,3,3,4,18,4.2,0,0,0,0,0,0,0,1,0
U2703,10,10.0,5,6,4,1,1,2,43,2.4,1,0,0,0,0,0,0,0,1
U2704,4,6.0,3,4,2,1,0,1,48,1.8,0,0,0,0,0,1,0,0,1
U2705,7,13.8,8,4,2,1,1,2,48,2.3,0,1,0,0,0,0,0,0,1
U2706,22,38.8,28,15,8,3,3,4,12,3.8,1,0,0,0,0,0,0,0,0
U2707,4,9.7,4,2,0,0,0,1,48,2.2,1,0,0,0,0,0,0,0,1
U2708,13,22.5,13,7,5,1,2,3,34,2.8,0,1,0,0,0,0,0,0,1
U2709,10,19.3,14,6,3,1,1,2,41,2.6,0,0,0,0,0,0,1,0,1
U2710,21,35.8,23,13,7,2,3,4,12,3.5,0,0,0,1,0,0,0,0,0
U2711,17,26.2,15,10,5,2,2,3,23,3.1,1,0,0,0,0,0,0,0,1
U2712,21,39.3,25,13,8,2,4,4,15,3.8,1,0,0,0,0,0,0,0,0
U2713,2,3.9,4,2,2,0,0,1,48,2.1,1,0,0,0,0,0,0,0,1
U2714,10,17.8,9,7,2,1,1,2,39,2.3,0,0,0,1,0,0,0,0,1
U2715,20,35.7,27,12,9,3,4,4,12,3.7,0,0,0,0,0,1,0,0,0
U2716,14,25.7,18,8,5,2,2,4,31,3.2,0,0,0,0,0,0,0,1,1
U2717,13,25.2,17,9,6,1,2,2,29,3.2,0,0,0,0,0,1,0,0,1
U2718,14,25.8,20,9,5,2,2,2,30,3.0,0,1,0,0,0,0,0,0,1
U2719,11,24.6,16,9,4,2,2,3,31,3.4,1,0,0,0,0,0,0,0,1
U2720,13,17.6,14,11,6,1,2,3,35,2.8,0,0,0,0,0,1,0,0,1
U2721,6,7.1,5,7,2,1,1,2,44,1.8,0,0,0,0,0,0,1,0,1
U2722,20,36.1,26,13,8,3,4,3,19,3.4,0,0,0,0,0,0,0,1,0
U2723,22,38.6,26,13,10,3,4,3,24,3.6,0,0,0,0,1,0,0,0,0
U2724,10,15.2,12,6,2,1,1,2,40,2.4,0,0,0,0,0,0,1,0,1
U2725,12,24.9,14,7,4,1,2,4,33,2.8,0,0,0,0,0,0,0,1,1
U2726,17,26.6,21,12,7,3,3,3,25,3.9,0,0,0,0,0,0,0,1,0
U2727,25,45.0,30,17,11,4,5,5,11,4.0,0,0,0,0,0,0,1,0,0
U2728,14,22.6,19,11,7,2,2,3,31,2.8,0,0,0,0,0,0,0,1,1
U2729,14,22.3,16,10,6,2,3,3,30,3.3,0,1,0,0,0,0,0,0,1
U2730,15,24.0,21,10,6,2,2,3,30,2.6,0,0,1,0,0,0,0,0,1
U2731,14,33.9,19,8,5,2,3,3,28,3.1,0,0,1,0,0,0,0,0,1
U2732,12,27.3,16,8,3,1,1,3,29,3.0,1,0,0,0,0,0,0,0,1
U2733,17,26.7,21,9,5,1,1,3,30,3.2,0,0,0,0,0,0,0,1,0
U2734,14,23.8,12,7,2,0,1,3,37,2.5,0,0,0,0,0,1,0,0,1
U2735,27,49.3,35,20,15,7,8,5,0,4.3,1,0,0,0,0,0,0,0,0
U2736,9,21.4,13,8,5,2,1,2,41,2.6,1,0,0,0,0,0,0,0,1
U2737,29,47.3,37,19,15,5,8,5,5,4.7,0,0,0,0,0,0,0,1,0
U2738,11,19.2,14,6,2,1,2,3,34,2.4,1,0,0,0,0,0,0,0,1
U2739,20,41.1,22,15,9,3,5,3,21,3.5,0,0,0,0,0,1,0,0,0
U2740,18,31.5,21,11,6,3,3,4,20,3.1,0,0,0,0,1,0,0,0,0
U2741,14,37.8,25,11,7,2,2,4,20,3.4,0,0,0,0,0,0,1,0,0
U2742,12,21.1,16,9,4,1,1,2,38,2.6,0,0,0,0,0,1,0,0,1
U2743,22,38.9,25,16,10,4,5,4,12,3.8,0,0,0,0,0,0,1,0,0
U2744,9,10.6,8,7,3,0,1,2,42,2.2,1,0,0,0,0,0,0,0,1
U2745,16,34.8,22,12,7,2,3,3,27,3.0,1,0,0,0,0,0,0,0,0
U2746,12,15.2,11,7,3,0,1,2,36,2.5,0,0,0,0,1,0,0,0,1
U2747,10,24.2,17,8,2,1,0,2,40,2.6,0,0,0,0,0,0,1,0,1
U2748,4,7.7,5,3,0,0,0,1,47,1.9,0,0,0,1,0,0,0,0,1
U2749,15,28.8,22,10,6,2,3,3,35,3.5,0,0,0,0,0,1,0,0,0
U2750,19,35.5,23,12,7,2,3,3,23,3.4,1,0,0,0,0,0,0,0,0
U2751,21,40.6,25,13,8,2,4,4,20,4.0,0,1,0,0,0,0,0,0,0
U2752,22,39.7,22,14,9,3,4,4,13,4.2,0,0,0,1,0,0,0,0,0
U2753,5,6.8,7,3,1,0,0,2,42,2.6,1,0,0,0,0,0,0,0,1
U2754,24,44.4,31,17,10,3,5,4,14,3.7,0,0,0,0,0,1,0,0,0
U2755,22,46.2,34,17,13,5,6,4,8,4.3,0,0,0,0,0,1,0,0,0
U2756,24,47.6,28,17,12,4,6,4,11,3.9,0,0,0,0,0,0,0,1,0
U2757,8,13.1,11,6,3,1,0,2,46,2.4,0,0,0,1,0,0,0,0,1
U2758,8,13.7,8,4,2,1,2,2,44,2.5,0,0,0,0,0,0,0,1,1
U2759,22,43.9,31,15,11,3,6,5,16,4.0,0,0,0,0,1,0,0,0,0
U2760,9,15.8,11,4,2,0,1,2,40,2.4,0,0,0,1,0,0,0,0,1
U2761,7,17.0,9,6,2,1,1,2,42,2.6,0,0,0,1,0,0,0,0,1
U2762,24,50.1,30,15,10,3,5,4,7,3.9,0,0,0,0,0,0,1,0,0
U2763,15,26.5,19,9,6,1,3,3,29,3.1,0,0,0,0,0,0,1,0,0
U2764,14,28.7,20,11,6,2,2,3,28,3.1,0,0,0,1,0,0,0,0,1
U2765,9,20.6,13,7,4,2,2,2,39,2.8,0,0,0,0,1,0,0,0,1
U2766,26,52.0,35,18,13,5,7,5,4,4.0,0,0,0,1,0,0,0,0,0
U2767,5,13.0,4,5,3,0,0,1,43,1.9,0,0,0,0,0,0,1,0,1
U2768,15,27.4,14,11,5,2,2,3,27,2.7,0,0,0,0,0,0,1,0,1
U2769,15,29.0,17,8,4,1,1,3,31,3.0,0,1,0,0,0,0,0,0,1
U2770,14,24.9,18,8,4,1,2,3,34,3.1,1,0,0,0,0,0,0,0,1
U2771,18,32.4,22,13,9,3,4,4,18,3.5,0,0,0,0,0,1,0,0,0
U2772,10,21.8,15,8,4,1,2,4,33,2.9,0,0,0,0,0,0,0,1,1
U2773,3,0.5,2,0,1,0,1,2,53,2.2,1,0,0,0,0,0,0,0,1
U2774,15,24.5,19,10,5,1,2,3,32,2.8,0,0,1,0,0,0,0,0,0
U2775,13,25.9,16,8,3,1,2,3,32,2.9,0,1,0,0,0,0,0,0,1
U2776,4,3.0,3,0,0,0,0,1,53,2.0,0,0,0,1,0,0,0,0,1
U2777,14,25.6,17,9,5,0,1,3,29,2.7,0,0,0,0,0,0,0,1,1
U2778,6,11.9,6,4,1,0,0,2,45,2.2,0,0,0,1,0,0,0,0,1
U2779,13,28.3,19,11,5,1,2,2,26,3.0,1,0,0,0,0,0,0,0,1
U2780,4,11.1,6,3,0,0,1,2,44,1.6,0,0,0,0,0,0,1,0,1
U2781,12,25.9,15,12,6,1,2,3,26,3.1,0,1,0,0,0,0,0,0,1
U2782,17,30.2,21,14,7,2,3,3,26,3.6,0,0,0,0,0,0,1,0,0
U2783,26,48.7,33,18,14,5,7,5,7,4.6,0,0,0,0,0,1,0,0,0
U2784,19,34.4,24,12,8,2,4,4,23,3.2,1,0,0,0,0,0,0,0,0
U2785,20,44.0,30,14,9,3,3,4,18,4.4,0,0,0,0,0,0,1,0,0
U2786,13,22.5,17,8,4,1,1,3,34,3.0,0,0,0,0,0,0,1,0,1
U2787,17,33.8,19,13,8,2,3,3,21,3.4,0,1,0,0,0,0,0,0,0
U2788,16,23.7,15,11,7,2,3,4,23,3.5,0,0,0,0,0,0,1,0,0
U2789,6,11.3,12,5,1,1,0,2,42,2.2,0,0,0,1,0,0,0,0,1
U2790,12,23.4,17,9,6,1,2,2,29,2.8,1,0,0,0,0,0,0,0,0
U2791,19,19.3,18,10,6,2,2,3,32,3.0,0,0,0,0,0,0,0,1,0
U2792,19,29.0,22,14,8,3,4,4,22,3.6,0,0,1,0,0,0,0,0,0
U2793,28,51.6,31,19,15,5,8,5,2,4.4,0,0,0,0,0,0,1,0,0
U2794,21,37.6,22,14,8,3,4,4,20,3.5,0,0,0,1,0,0,0,0,0
U2795,23,46.1,30,18,13,4,7,4,11,4.1,0,0,0,0,0,0,0,1,0
U2796,21,32.2,28,13,9,3,5,4,13,4.1,0,0,0,0,0,0,1,0,0
U2797,16,30.0,22,10,4,1,1,4,29,3.1,1,0,0,0,0,0,0,0,1
U2798,12,23.0,14,7,5,1,2,3,39,2.9,0,0,0,0,0,0,0,1,1
U2799,8,6.5,9,5,1,1,1,1,42,2.1,0,0,0,0,0,0,0,1,1
U2800,15,35.3,20,9,6,2,2,4,21,3.3,0,0,0,1,0,0,0,0,0
U2801,13,30.1,16,9,6,1,2,3,32,2.5,0,0,0,0,0,1,0,0,1
U2802,23,37.4,26,16,9,3,3,4,14,4.0,0,0,0,0,0,0,0,1,0
U2803,17,28.7,17,12,7,2,3,3,25,2.6,0,0,0,0,0,0,1,0,1
U2804,5,8.2,3,2,1,0,1,1,46,2.0,0,0,0,0,0,0,0,1,1
U2805,21,35.7,28,18,13,4,6,4,14,4.0,0,0,0,0,0,1,0,0,0
U2806,2,1.7,0,0,1,0,0,1,49,1.7,0,0,0,0,0,0,1,0,1
U2807,21,41.3,24,12,8,3,3,4,17,3.3,0,0,0,0,0,0,1,0,0
U2808,11,17.3,14,8,4,1,1,2,33,2.9,0,1,0,0,0,0,0,0,1
U2809,21,47.1,24,15,11,4,6,4,11,4.3,0,0,0,0,1,0,0,0,0
U2810,8,18.4,15,8,5,1,2,2,38,3.0,1,0,0,0,0,0,0,0,1
U2811,12,15.0,16,4,3,0,0,2,43,2.5,0,0,0,1,0,0,0,0,1
U2812,16,27.5,21,10,5,2,3,3,23,3.0,0,0,0,0,1,0,0,0,1
U2813,6,7.1,9,5,3,1,1,2,46,1.9,1,0,0,0,0,0,0,0,1
U2814,18,34.9,24,11,8,2,3,3,22,3.6,0,0,0,0,1,0,0,0,0
U2815,15,20.7,16,6,2,0,1,2,22,3.1,0,0,0,1,0,0,0,0,1
U2816,10,16.0,12,8,4,1,1,2,37,2.5,0,1,0,0,0,0,0,0,1
U2817,22,37.1,29,14,9,3,4,4,24,4.1,0,0,0,0,0,0,1,0,1
U2818,24,45.7,28,18,14,5,6,4,3,3.5,0,1,0,0,0,0,0,0,0
U2819,12,23.1,16,7,3,1,1,2,36,2.6,0,0,0,0,0,0,1,0,0
U2820,5,9.4,10,5,2,1,0,1,43,2.4,0,0,0,0,0,1,0,0,1
U2821,11,22.4,14,8,5,1,2,2,33,2.2,0,0,0,0,0,0,0,1,1
U2822,18,30.3,23,11,5,2,2,3,27,3.0,0,0,0,0,0,1,0,0,0
U2823,12,15.4,15,5,2,0,1,2,38,2.4,0,0,1,0,0,0,0,0,1
U2824,13,25.2,17,10,5,1,2,3,29,3.1,0,0,0,0,0,0,0,1,1
U2825,21,46.7,28,13,10,4,5,4,10,4.1,1,0,0,0,0,0,0,0,0
U2826,18,37.0,25,11,6,2,2,3,21,3.3,0,0,0,0,0,0,1,0,0
U2827,15,29.3,18,11,6,2,2,3,31,2.8,0,0,0,1,0,0,0,0,1
U2828,7,22.2,10,6,1,0,1,2,40,2.2,0,0,0,0,0,0,0,1,1
U2829,14,23.2,18,11,6,2,3,3,31,3.1,0,0,0,0,0,0,1,0,0
U2830,22,38.1,27,15,10,3,5,3,14,4.0,0,0,0,0,0,0,1,0,0
U2831,7,11.4,11,5,2,0,1,2,41,2.6,0,0,0,0,0,0,1,0,1
U2832,5,17.6,13,5,3,1,1,2,37,2.8,0,1,0,0,0,0,0,0,1
U2833,7,14.2,8,4,2,0,0,2,35,2.5,0,0,0,0,0,1,0,0,1
U2834,16,34.3,22,11,7,2,3,3,23,3.0,0,0,0,0,0,1,0,0,0
U2835,8,16.3,15,7,3,1,1,3,31,2.8,1,0,0,0,0,0,0,0,1
U2836,24,39.8,25,18,14,5,6,4,13,3.6,0,1,0,0,0,0,0,0,0
U2837,16,22.2,22,8,3,1,1,3,32,2.9,0,0,1,0,0,0,0,0,0
U2838,19,37.8,24,13,7,2,4,3,21,3.5,1,0,0,0,0,0,0,0,0
U2839,13,24.1,17,8,3,0,1,3,31,3.0,0,1,0,0,0,0,0,0,1
U2840,16,27.5,20,13,8,2,4,3,19,3.6,0,0,0,0,0,0,0,1,0
U2841,14,24.9,22,8,4,1,1,3,31,3.0,0,0,0,1,0,0,0,0,0
U2842,5,13.6,7,4,1,1,0,1,48,2.1,0,0,0,0,0,0,1,0,1
U2843,10,19.8,7,7,3,1,2,2,39,2.7,0,1,0,0,0,0,0,0,1
U2844,13,31.6,18,11,7,3,2,3,22,3.0,0,0,0,1,0,0,0,0,0
U2845,12,23.7,14,9,5,1,2,3,34,3.1,0,0,1,0,0,0,0,0,1
U2846,4,2.4,2,1,0,0,0,2,46,1.9,0,0,0,1,0,0,0,0,1
U2847,16,31.8,17,10,6,2,3,3,23,2.7,1,0,0,0,0,0,0,0,1
U2848,29,48.1,37,19,14,5,8,4,5,4.6,0,0,0,0,0,1,0,0,0
U2849,17,27.7,23,13,7,2,3,3,18,3.7,0,0,0,0,0,0,0,1,0
U2850,4,16.1,12,7,3,1,1,2,36,2.9,0,0,0,1,0,0,0,0,1
U2851,22,35.6,26,11,6,2,2,4,22,3.5,0,0,0,0,1,0,0,0,0
U2852,25,46.3,30,16,11,4,5,4,6,4.2,1,0,0,0,0,0,0,0,0
U2853,23,38.7,23,13,9,2,3,3,17,3.8,0,0,0,0,0,0,0,1,0
U2854,15,33.1,16,9,5,1,1,3,32,3.3,0,1,0,0,0,0,0,0,0
U2855,7,13.0,5,5,3,0,1,2,45,2.1,1,0,0,0,0,0,0,0,1
U2856,14,23.3,12,7,2,0,1,2,32,2.7,0,0,0,1,0,0,0,0,1
U2857,20,39.0,32,14,9,2,3,4,15,3.8,0,0,1,0,0,0,0,0,0
U2858,18,33.9,19,10,7,2,3,3,24,3.4,0,0,0,0,0,0,1,0,0
U2859,26,43.7,34,17,11,3,5,4,7,4.2,0,1,0,0,0,0,0,0,0
U2860,8,12.2,7,4,2,0,0,2,43,2.1,0,0,0,1,0,0,0,0,1
U2861,15,25.5,17,9,5,1,1,3,31,3.3,0,0,0,0,0,1,0,0,1
U2862,7,22.4,13,8,3,2,1,2,42,2.6,0,1,0,0,0,0,0,0,1
U2863,26,43.4,33,16,11,4,5,4,13,4.0,0,1,0,0,0,0,0,0,0
U2864,14,20.1,12,10,4,1,1,3,35,2.6,0,1,0,0,0,0,0,0,1
U2865,4,6.1,3,1,1,0,0,1,48,1.5,0,0,0,0,0,0,0,1,1
U2866,16,28.7,23,14,6,1,2,3,30,2.9,1,0,0,0,0,0,0,0,0
U2867,16,27.7,23,11,6,1,2,3,22,2.9,0,0,0,0,0,0,0,1,0
U2868,28,60.1,32,20,15,6,8,5,2,4.2,0,0,0,0,0,1,0,0,0
U2869,22,31.6,24,12,8,3,4,4,19,3.7,0,0,0,0,0,1,0,0,0
U2870,3,12.6,2,2,0,0,0,2,46,1.3,0,0,0,0,0,0,1,0,1
U2871,25,39.2,30,17,13,5,7,4,10,4.0,0,1,0,0,0,0,0,0,0
U2872,10,21.5,14,6,3,0,0,3,35,2.3,0,0,0,0,0,1,0,0,1
U2873,7,15.3,12,5,3,1,1,2,44,2.6,0,0,1,0,0,0,0,0,1
U2874,15,35.6,21,11,6,1,1,3,20,3.9,0,1,0,0,0,0,0,0,0
U2875,23,35.7,26,16,10,3,5,4,13,3.9,0,0,0,0,1,0,0,0,0
U2876,14,19.7,19,7,3,1,2,3,35,3.1,0,0,0,0,1,0,0,0,0
U2877,9,21.4,15,9,5,1,2,3,30,2.7,0,0,1,0,0,0,0,0,1
U2878,10,8.6,13,5,2,1,1,2,44,2.0,0,1,0,0,0,0,0,0,1
U2879,21,38.8,32,16,10,3,4,4,12,4.2,0,0,1,0,0,0,0,0,0
U2880,10,15.9,8,6,2,0,1,2,40,2.6,1,0,0,0,0,0,0,0,1
U2881,24,37.8,31,17,12,4,6,4,14,4.0,1,0,0,0,0,0,0,0,0
U2882,23,36.5,28,14,8,3,4,4,19,3.9,1,0,0,0,0,0,0,0,0
U2883,19,39.9,30,14,9,3,4,4,10,3.8,0,0,0,1,0,0,0,0,0
U2884,11,11.4,12,7,4,1,1,2,33,2.6,1,0,0,0,0,0,0,0,1
U2885,14,21.4,16,9,4,1,2,3,30,3.3,0,0,0,1,0,0,0,0,1
U2886,20,41.1,25,16,11,4,5,4,15,3.5,0,0,0,0,0,0,1,0,0
U2887,5,10.0,5,4,1,1,1,1,50,1.9,1,0,0,0,0,0,0,0,1
U2888,4,12.4,4,2,0,0,1,1,51,1.7,0,0,0,0,0,1,0,0,1
U2889,3,12.8,10,6,3,0,1,2,45,2.2,0,1,0,0,0,0,0,0,1
U2890,18,41.1,24,12,9,3,5,4,16,3.9,1,0,0,0,0,0,0,0,1
U2891,30,49.8,33,19,14,4,7,4,4,4.5,0,0,0,1,0,0,0,0,0
U2892,20,34.3,21,13,9,3,4,3,19,3.9,1,0,0,0,0,0,0,0,0
U2893,27,50.8,34,18,14,5,8,5,11,4.3,0,0,0,0,0,1,0,0,0
U2894,15,23.7,19,10,6,2,2,3,25,3.4,0,0,0,1,0,0,0,0,1
U2895,23,42.7,28,16,11,4,6,4,12,3.8,1,0,0,0,0,0,0,0,0
U2896,12,16.5,13,4,2,0,1,2,40,2.3,0,0,0,1,0,0,0,0,1
U2897,26,39.2,24,15,10,3,5,4,12,4.2,0,0,0,1,0,0,0,0,0
U2898,20,40.4,25,12,8,2,3,4,23,3.6,0,1,0,0,0,0,0,0,0
U2899,15,20.4,18,9,4,1,1,3,25,2.8,0,1,0,0,0,0,0,0,1
U2900,14,20.9,14,7,3,1,0,2,40,2.6,0,0,0,0,0,1,0,0,1
U2901,13,28.5,18,12,6,2,3,3,28,3.3,0,0,0,0,0,0,1,0,0
U2902,6,4.8,4,2,0,0,0,2,47,2.2,0,1,0,0,0,0,0,0,1
U2903,14,25.5,17,9,5,2,2,3,35,3.3,0,0,1,0,0,0,0,0,1
U2904,22,40.3,26,13,8,2,4,4,14,3.7,0,1,0,0,0,0,0,0,0
U2905,26,52.2,32,19,13,5,6,5,2,4.3,0,0,0,0,0,0,0,1,0
U2906,11,21.1,20,6,2,1,1,2,33,2.8,0,0,0,0,0,0,0,1,1
U2907,23,40.0,31,14,9,3,4,4,13,3.8,0,1,0,0,0,0,0,0,0
U2908,2,4.5,6,0,0,0,0,2,49,1.9,0,1,0,0,0,0,0,0,1
U2909,27,48.0,35,17,14,5,8,4,5,4.3,0,0,0,0,0,0,0,1,0
U2910,12,16.6,16,7,3,1,1,3,35,3.0,0,1,0,0,0,0,0,0,1
U2911,19,38.4,27,15,11,4,6,3,19,3.6,0,1,0,0,0,0,0,0,0
U2912,6,12.6,4,6,2,0,1,2,39,2.2,0,0,0,0,0,0,1,0,1
U2913,13,22.8,14,10,5,1,2,2,34,3.2,0,0,0,0,0,0,1,0,1
U2914,13,24.4,19,11,5,2,2,3,32,2.9,0,0,0,0,0,1,0,0,1
U2915,16,28.5,20,13,9,2,3,3,31,3.2,1,0,0,0,0,0,0,0,1
U2916,17,36.2,23,12,8,2,3,4,27,3.6,0,0,0,0,0,0,1,0,0
U2917,14,31.3,19,12,8,3,3,4,22,3.1,0,0,1,0,0,0,0,0,1
U2918,14,27.0,15,11,7,2,2,2,36,3.1,0,0,0,0,0,0,0,1,1
U2919,9,18.2,13,5,3,1,0,2,37,2.5,0,0,0,0,0,0,0,1,1
U2920,6,7.0,6,4,2,1,1,2,47,2.0,0,0,1,0,0,0,0,0,1
U2921,28,53.7,37,19,13,4,7,4,4,4.0,0,0,0,0,1,0,0,0,0
U2922,15,25.1,18,12,5,2,2,3,24,3.2,0,0,0,0,0,0,0,1,0
U2923,5,6.9,7,5,1,1,0,2,47,1.8,0,0,0,0,0,1,0,0,1
U2924,24,40.3,27,15,9,3,4,4,17,3.6,0,1,0,0,0,0,0,0,0
U2925,24,40.5,26,13,8,2,4,3,18,3.9,0,0,0,1,0,0,0,0,0
U2926,23,43.8,27,16,11,4,5,4,16,3.9,0,0,0,0,0,0,1,0,0
U2927,7,16.2,6,4,1,0,0,2,39,2.0,0,1,0,0,0,0,0,0,1
U2928,20,39.2,26,14,9,3,4,4,18,3.3,0,0,0,1,0,0,0,0,0
U2929,18,36.2,26,11,7,3,3,3,22,3.0,1,0,0,0,0,0,0,0,0
U2930,19,39.1,22,13,8,2,3,3,14,3.9,0,0,0,0,1,0,0,0,0
U2931,28,49.3,40,20,15,6,7,4,4,3.8,0,0,0,0,1,0,0,0,0
U2932,25,54.9,32,18,14,5,7,4,8,4.4,0,0,0,1,0,0,0,0,0
U2933,6,11.9,7,2,1,0,0,2,51,1.7,0,1,0,0,0,0,0,0,1
U2934,20,33.4,21,10,6,2,3,4,20,3.7,0,0,0,0,0,0,1,0,0
U2935,14,26.9,22,10,7,1,2,3,29,3.2,0,1,0,0,0,0,0,0,1
U2936,11,12.2,9,5,4,0,1,2,39,2.2,0,1,0,0,0,0,0,0,1
U2937,9,13.3,10,5,2,0,1,2,43,2.2,0,0,1,0,0,0,0,0,1
U2938,2,6.6,4,3,2,0,0,1,46,1.9,1,0,0,0,0,0,0,0,1
U2939,11,19.3,14,7,3,1,1,2,38,2.5,0,0,0,1,0,0,0,0,1
U2940,12,19.8,12,7,2,0,1,3,37,2.7,0,0,0,0,0,0,0,1,1
U2941,23,43.4,29,15,11,5,5,4,13,4.0,1,0,0,0,0,0,0,0,0
U2942,16,28.1,21,12,6,2,3,3,21,3.6,1,0,0,0,0,0,0,0,0
U2943,29,46.9,35,19,15,5,8,4,1,4.4,0,0,0,0,0,0,0,1,0
U2944,18,27.0,23,14,10,3,4,3,22,3.8,1,0,0,0,0,0,0,0,0
U2945,6,12.3,7,4,0,0,0,1,43,1.7,0,1,0,0,0,0,0,0,1
U2946,20,36.9,27,12,6,2,3,4,14,3.6,0,0,0,0,0,0,0,1,0
U2947,16,32.9,23,12,6,2,2,3,24,3.5,0,0,0,1,0,0,0,0,1
U2948,17,41.7,23,11,7,2,3,3,19,3.2,0,0,0,0,0,0,1,0,0
U2949,8,17.2,14,6,4,1,1,2,34,2.4,0,0,1,0,0,0,0,0,1
U2950,19,39.1,26,13,9,3,4,4,17,3.3,0,0,0,0,0,1,0,0,0
U2951,9,18.4,7,5,2,1,0,2,44,2.4,0,0,1,0,0,0,0,0,1
U2952,6,5.5,5,4,1,0,0,2,48,2.1,0,0,0,1,0,0,0,0,1
U2953,2,4.2,6,3,1,0,1,1,51,1.7,0,1,0,0,0,0,0,0,1
U2954,7,19.0,10,5,3,1,1,2,34,2.7,0,1,0,0,0,0,0,0,1
U2955,12,27.0,12,9,4,1,1,2,32,3.1,0,0,0,0,1,0,0,0,1
U2956,14,24.9,18,10,5,1,1,3,35,3.1,0,0,0,1,0,0,0,0,1
U2957,16,25.0,22,11,5,1,1,3,25,3.3,0,0,0,0,0,0,1,0,1
U2958,25,47.3,32,15,12,5,6,4,3,4.3,0,0,0,0,0,0,1,0,0
U2959,26,44.6,37,16,12,4,7,4,6,4.1,1,0,0,0,0,0,0,0,0
U2960,19,27.9,24,12,9,3,3,4,21,3.5,0,0,0,0,1,0,0,0,0
U2961,6,8.5,8,5,1,1,0,2,48,2.0,0,0,0,0,0,0,0,1,1
U2962,27,49.0,33,19,15,6,7,5,0,4.5,0,1,0,0,0,0,0,0,0
U2963,8,17.0,12,5,2,0,1,3,46,1.8,0,0,1,0,0,0,0,0,1
U2964,6,7.8,9,2,1,0,1,1,43,2.1,0,0,0,0,0,1,0,0,1
U2965,23,39.4,25,14,10,3,5,4,14,4.0,0,0,0,0,0,0,1,0,0
U2966,12,17.4,17,8,4,1,1,3,34,2.2,0,0,1,0,0,0,0,0,1
U2967,16,32.4,23,11,6,2,2,3,19,3.2,0,0,0,0,0,1,0,0,0
U2968,24,37.1,26,13,8,2,4,4,16,3.7,1,0,0,0,0,0,0,0,0
U2969,10,18.3,8,8,4,1,2,2,38,1.9,0,0,1,0,0,0,0,0,1
U2970,26,41.1,31,15,10,3,5,4,12,4.2,0,0,0,0,0,0,0,1,0
U2971,15,28.4,17,8,4,1,1,3,29,3.0,0,1,0,0,0,0,0,0,1
U2972,14,29.0,18,14,7,2,3,3,28,2.7,0,0,0,0,0,1,0,0,0
U2973,22,41.1,28,14,10,3,4,4,20,3.7,1,0,0,0,0,0,0,0,0
U2974,8,12.9,10,3,1,0,0,2,40,2.2,0,0,0,0,0,0,1,0,1
U2975,13,25.4,19,9,5,2,2,3,27,3.3,1,0,0,0,0,0,0,0,0
U2976,5,13.2,9,5,3,1,1,2,45,2.4,1,0,0,0,0,0,0,0,1
U2977,8,11.3,9,4,2,1,0,3,46,2.4,0,0,0,1,0,0,0,0,1
U2978,11,18.0,11,6,3,1,1,2,39,2.8,0,0,0,1,0,0,0,0,1
U2979,20,32.9,20,11,6,2,3,3,22,3.4,0,0,0,0,0,0,0,1,0
U2980,11,25.8,14,11,6,2,3,2,31,3.0,0,0,0,0,0,0,0,1,1
U2981,18,38.2,21,14,9,2,4,4,19,3.8,0,0,0,0,0,0,1,0,0
U2982,16,32.6,23,10,5,2,3,3,27,3.2,1,0,0,0,0,0,0,0,1
U2983,15,28.0,20,9,5,1,1,3,31,3.5,0,0,0,0,1,0,0,0,0
U2984,2,3.7,1,3,1,1,0,2,53,1.6,0,0,0,0,1,0,0,0,1
U2985,13,26.3,14,10,5,1,1,3,27,2.9,0,1,0,0,0,0,0,0,1
U2986,9,17.3,15,4,1,0,0,2,36,2.6,0,0,0,1,0,0,0,0,1
U2987,26,43.5,31,15,10,4,4,4,10,4.2,0,0,0,0,0,0,0,1,0
U2988,16,24.8,19,11,5,1,3,3,28,3.0,0,0,0,0,1,0,0,0,0
U2989,19,38.4,25,13,7,2,3,4,19,3.5,0,0,0,0,1,0,0,0,0
U2990,14,24.7,16,9,4,1,1,4,30,3.3,1,0,0,0,0,0,0,0,0
U2991,17,35.2,25,12,8,3,3,3,16,3.2,0,0,1,0,0,0,0,0,0
U2992,23,47.2,33,18,13,5,5,4,4,4.5,1,0,0,0,0,0,0,0,0
U2993,17,32.9,23,12,7,3,4,4,21,3.4,0,0,0,0,0,0,0,1,0
U2994,20,38.1,24,12,7,2,3,4,15,3.9,0,1,0,0,0,0,0,0,0
U2995,17,32.7,21,10,6,2,3,3,26,3.0,0,0,0,1,0,0,0,0,1
U2996,25,42.7,31,15,11,4,5,5,12,4.0,0,0,0,0,0,0,1,0,0
U2997,24,49.4,31,17,12,5,5,4,12,4.4,0,0,0,0,0,0,0,1,0
U2998,28,48.8,37,21,17,7,9,4,0,4.4,1,0,0,0,0,0,0,0,0
U2999,5,9.9,6,2,0,0,0,2,44,1.4,0,0,1,0,0,0,0,0,1
U3000,18,30.6,22,12,7,3,3,3,23,3.3,1,0,0,0,0,0,0,0,0
U3001,12,19.8,9,7,4,1,1,2,40,2.3,0,0,0,1,0,0,0,0,1
U3002,22,35.0,24,16,10,3,4,4,17,3.5,0,0,0,0,0,1,0,0,0
U3003,32,50.2,36,19,15,6,7,5,0,4.5,0,0,0,0,1,0,0,0,0
U3004,16,30.4,20,11,6,2,3,3,29,3.8,0,0,0,0,0,1,0,0,0
U3005,10,15.5,15,8,3,1,2,2,43,2.5,0,0,0,1,0,0,0,0,1
U3006,16,32.2,20,9,4,1,1,3,29,3.0,0,0,0,0,0,0,1,0,0
U3007,18,32.6,21,10,5,2,1,4,28,3.5,0,0,0,0,0,1,0,0,0
U3008,22,39.7,30,15,9,2,5,5,9,4.1,0,0,0,0,0,0,0,1,0
U3009,8,13.7,10,8,4,1,1,2,39,2.8,0,0,0,0,0,0,1,0,1
U3010,26,47.3,35,18,14,5,7,5,5,4.7,0,0,0,0,0,0,0,1,0
U3011,22,44.6,32,16,11,4,5,4,11,4.8,1,0,0,0,0,0,0,0,0
U3012,13,25.6,18,10,7,1,2,2,27,2.7,0,1,0,0,0,0,0,0,1
U3013,15,30.2,23,12,6,2,2,3,24,3.5,0,0,0,0,0,0,1,0,0
U3014,11,24.8,15,7,3,1,2,2,32,2.6,0,1,0,0,0,0,0,0,1
U3015,15,31.7,17,11,7,2,3,3,28,3.2,0,0,0,1,0,0,0,0,0
U3016,10,14.5,11,5,3,1,1,2,36,2.6,0,0,0,0,0,0,0,1,1
U3017,21,36.3,27,14,10,3,4,4,13,3.7,0,0,0,0,0,0,1,0,0
U3018,10,15.1,11,7,4,1,1,2,39,2.6,0,1,0,0,0,0,0,0,1
U3019,15,26.2,19,8,4,2,1,3,29,3.1,0,0,0,0,0,0,0,1,0
U3020,24,36.6,29,14,10,4,5,4,10,3.7,0,0,0,0,0,0,0,1,0
U3021,3,6.7,5,3,0,0,1,1,53,1.9,0,0,0,0,1,0,0,0,1
U3022,14,29.7,19,9,6,1,2,3,29,2.7,0,0,0,0,0,0,0,1,1
U3023,8,8.7,12,6,3,1,1,2,44,2.5,0,1,0,0,0,0,0,0,1
U3024,13,21.6,18,8,5,1,2,2,24,2.9,0,0,0,0,0,0,0,1,1
U3025,23,43.3,29,14,9,3,4,4,17,4.2,1,0,0,0,0,0,0,0,0
U3026,23,41.7,30,16,12,4,6,5,12,4.6,0,0,0,0,0,0,0,1,0
U3027,19,39.9,22,13,8,2,3,4,20,3.6,0,0,0,0,1,0,0,0,0
U3028,14,24.7,19,11,7,2,2,3,29,2.8,0,0,0,0,0,0,0,1,1
U3029,19,25.9,22,12,7,3,3,3,23,3.7,0,1,0,0,0,0,0,0,0
U3030,18,32.5,24,13,8,2,3,4,27,3.4,0,0,0,1,0,0,0,0,0
U3031,20,37.2,28,13,9,3,5,4,19,3.5,0,0,0,0,1,0,0,0,0
U3032,14,24.0,17,9,4,1,1,3,30,3.1,0,0,0,0,0,1,0,0,0
U3033,18,26.8,21,10,5,2,2,3,35,3.3,0,0,0,0,0,1,0,0,1
U3034,8,17.8,11,5,2,0,1,2,41,2.5,0,0,0,0,0,0,0,1,1
U3035,13,27.9,20,10,4,1,2,2,34,2.8,0,0,0,1,0,0,0,0,0
U3036,25,47.4,35,19,14,5,8,5,9,4.5,1,0,0,0,0,0,0,0,0
U3037,17,28.5,18,9,5,1,2,3,27,3.4,0,0,1,0,0,0,0,0,0
U3038,10,19.7,13,8,5,2,2,3,32,2.6,1,0,0,0,0,0,0,0,1
U3039,10,8.7,7,4,0,0,0,2,37,2.6,0,1,0,0,0,0,0,0,1
U3040,6,14.9,7,5,3,1,0,2,41,2.5,0,0,0,0,0,1,0,0,1
U3041,4,8.9,8,3,0,0,0,2,47,1.7,0,0,0,1,0,0,0,0,1
U3042,0,2.8,8,2,0,0,1,1,54,1.5,0,0,0,0,0,0,0,1,1
U3043,10,21.0,15,9,6,1,2,3,31,2.8,0,0,0,0,0,1,0,0,1
U3044,7,14.5,8,4,2,0,0,2,44,2.2,0,0,0,0,0,0,0,1,1
U3045,9,16.4,14,4,1,0,1,2,42,2.5,0,0,0,0,0,0,0,1,1
U3046,23,40.1,27,11,6,1,3,4,22,3.5,1,0,0,0,0,0,0,0,0
U3047,11,22.7,14,9,4,1,2,3,39,2.7,0,0,0,0,0,0,0,1,1
U3048,15,21.9,16,9,4,1,1,3,31,3.0,0,0,0,1,0,0,0,0,1
U3049,2,7.4,7,4,2,0,0,2,53,2.0,0,0,0,0,1,0,0,0,1
U3050,29,47.4,35,17,13,4,7,4,6,4.5,0,0,0,1,0,0,0,0,0
U3051,22,35.4,28,14,10,3,4,4,19,3.3,0,0,0,0,0,0,1,0,0
U3052,10,16.4,13,4,1,0,0,2,36,2.5,0,0,0,0,0,1,0,0,1
U3053,14,26.2,14,9,3,1,1,3,32,3.1,0,0,0,1,0,0,0,0,1
U3054,21,40.6,25,15,10,3,4,4,15,3.6,0,1,0,0,0,0,0,0,0
U3055,14,24.8,15,7,4,1,2,3,28,2.7,0,0,0,0,1,0,0,0,1
U3056,7,17.4,10,5,1,1,0,2,37,2.2,0,0,0,0,1,0,0,0,1
U3057,20,36.4,25,16,11,3,5,3,19,3.5,0,0,0,0,1,0,0,0,0
U3058,23,44.1,29,17,13,5,6,4,8,4.3,0,1,0,0,0,0,0,0,0
U3059,17,28.9,20,14,9,3,3,4,25,2.9,0,1,0,0,0,0,0,0,0
U3060,27,45.0,35,18,12,4,7,5,9,4.1,0,0,0,0,1,0,0,0,0
U3061,23,41.0,27,15,11,4,6,4,13,3.3,1,0,0,0,0,0,0,0,0
U3062,20,30.9,23,12,8,3,3,3,16,3.9,0,0,0,0,0,0,1,0,0
U3063,17,25.3,17,11,6,1,2,3,23,3.2,0,1,0,0,0,0,0,0,0
U3064,1,4.1,1,0,1,0,1,1,49,1.4,0,0,0,0,0,0,1,0,1
U3065,26,41.6,33,17,11,4,5,4,9,4.0,0,0,0,0,0,1,0,0,0
U3066,13,25.3,16,8,4,1,1,2,26,3.1,0,0,0,1,0,0,0,0,1
U3067,12,27.8,22,12,7,1,2,3,31,3.2,1,0,0,0,0,0,0,0,0
U3068,15,26.2,20,9,4,1,2,3,29,3.4,0,0,0,0,0,0,1,0,0
U3069,26,46.4,30,16,12,4,7,4,4,3.8,1,0,0,0,0,0,0,0,0
U3070,8,14.5,9,5,2,0,0,2,37,2.6,1,0,0,0,0,0,0,0,1
U3071,10,20.6,12,7,4,1,2,2,34,2.5,0,0,0,0,1,0,0,0,1
U3072,22,40.5,26,14,9,3,4,4,12,4.0,0,0,0,0,0,1,0,0,0
U3073,10,11.5,16,6,2,0,1,3,35,2.7,0,0,0,0,0,0,0,1,1
U3074,6,20.1,13,7,3,1,0,2,40,2.9,0,0,0,0,0,0,1,0,1
U3075,20,37.4,28,12,7,3,3,4,17,3.5,0,0,1,0,0,0,0,0,0
U3076,18,36.5,24,13,7,2,3,4,28,3.3,1,0,0,0,0,0,0,0,0
U3077,18,40.2,26,14,8,3,3,4,18,3.8,0,1,0,0,0,0,0,0,0
U3078,10,15.9,11,6,2,1,0,1,40,2.5,0,0,0,0,0,0,1,0,1
U3079,16,27.4,22,11,6,2,3,4,25,3.8,0,1,0,0,0,0,0,0,0
U3080,15,24.2,17,10,6,2,1,3,33,2.6,0,1,0,0,0,0,0,0,1
U3081,8,19.6,10,4,1,0,1,2,39,2.3,0,0,0,1,0,0,0,0,1
U3082,6,9.2,8,4,2,1,0,2,42,1.9,0,0,0,0,0,0,1,0,1
U3083,28,48.2,30,16,12,4,6,4,2,4.4,0,1,0,0,0,0,0,0,0
U3084,22,38.0,31,15,11,4,6,4,10,3.9,0,0,0,1,0,0,0,0,0
U3085,8,8.7,6,4,1,0,1,2,43,2.3,0,0,0,0,0,0,0,1,1
U3086,11,14.0,13,7,3,1,0,2,40,2.6,1,0,0,0,0,0,0,0,1
U3087,11,25.0,12,9,3,1,1,3,38,2.8,0,0,0,1,0,0,0,0,1
U3088,19,31.4,24,12,6,2,2,3,20,3.5,0,0,0,0,1,0,0,0,0
U3089,13,26.6,18,6,3,1,1,3,30,3.2,0,0,0,0,0,1,0,0,0
U3090,26,53.7,33,18,15,6,8,4,3,4.4,0,0,0,0,0,0,0,1,0
U3091,11,22.5,15,5,3,1,1,3,33,2.5,1,0,0,0,0,0,0,0,1
U3092,18,44.6,29,15,9,3,5,4,9,3.7,1,0,0,0,0,0,0,0,0
U3093,16,35.7,20,10,5,1,2,4,22,3.2,1,0,0,0,0,0,0,0,1
U3094,10,20.6,13,8,4,1,1,3,36,3.1,0,0,0,0,0,1,0,0,1
U3095,22,43.8,28,14,10,4,5,4,15,4.0,0,0,0,0,0,0,1,0,0
U3096,16,29.3,18,9,5,1,2,4,24,3.2,0,0,0,0,0,1,0,0,1
U3097,6,15.7,14,4,2,0,1,2,44,2.3,0,1,0,0,0,0,0,0,1
U3098,25,43.4,28,16,11,4,5,4,17,3.7,1,0,0,0,0,0,0,0,0
U3099,17,33.1,21,9,4,1,0,3,30,2.7,0,0,0,0,0,0,1,0,1
U3100,29,49.8,34,18,14,5,7,4,10,4.4,0,0,0,0,1,0,0,0,0
U3101,8,13.7,11,8,4,0,2,2,36,2.2,0,0,0,1,0,0,0,0,1
U3102,17,32.0,21,13,7,2,3,3,20,3.4,0,0,0,0,0,1,0,0,1
U3103,10,19.0,12,4,2,1,1,2,41,2.5,0,0,0,0,0,0,1,0,1
U3104,17,28.8,18,10,9,3,4,3,28,3.6,0,0,0,0,1,0,0,0,1
U3105,4,5.7,6,4,1,0,0,2,52,2.2,1,0,0,0,0,0,0,0,1
U3106,9,18.1,11,4,2,0,1,2,35,2.5,0,0,1,0,0,0,0,0,1
U3107,5,8.5,6,4,2,1,1,2,45,1.9,0,0,0,0,1,0,0,0,1
U3108,15,29.8,17,9,5,2,2,3,21,2.8,0,0,0,0,1,0,0,0,0
U3109,9,21.7,15,8,4,1,1,3,31,3.2,0,0,1,0,0,0,0,0,1
U3110,15,31.3,24,12,6,2,2,3,27,3.3,0,0,0,0,0,0,1,0,0
U3111,12,31.8,21,9,5,2,2,3,28,3.1,1,0,0,0,0,0,0,0,0
U3112,18,36.7,22,12,7,2,4,3,16,3.5,0,0,0,0,0,1,0,0,0
U3113,6,6.1,7,3,2,1,1,2,47,2.1,1,0,0,0,0,0,0,0,1
U3114,0,9.5,2,3,2,1,0,1,48,2.1,0,0,0,0,0,0,1,0,1
U3115,16,29.8,19,9,6,1,2,3,31,2.9,0,0,0,1,0,0,0,0,0
U3116,22,39.0,25,11,7,2,2,4,17,3.2,1,0,0,0,0,0,0,0,0
U3117,6,18.6,10,3,2,0,1,2,40,2.9,0,0,0,1,0,0,0,0,1
U3118,18,25.8,21,12,7,1,3,3,27,3.2,0,0,0,0,0,1,0,0,1
U3119,14,23.7,20,11,5,2,2,3,34,3.2,1,0,0,0,0,0,0,0,1
U3120,12,17.1,11,7,2,1,1,3,39,1.9,1,0,0,0,0,0,0,0,1
U3121,14,27.6,16,9,4,1,1,3,30,3.0,0,0,0,1,0,0,0,0,1
U3122,13,21.2,15,9,5,1,2,3,29,2.4,1,0,0,0,0,0,0,0,1
U3123,14,29.3,22,13,7,3,3,4,22,3.4,0,0,1,0,0,0,0,0,0
U3124,8,13.2,14,4,3,1,1,2,43,2.8,0,0,0,0,0,1,0,0,1
U3125,22,35.3,27,12,9,3,5,4,18,3.9,0,0,0,0,0,0,1,0,0
U3126,25,39.1,31,13,9,3,5,3,14,4.1,1,0,0,0,0,0,0,0,0
U3127,8,18.9,10,6,4,2,2,3,39,2.4,0,0,0,0,0,0,0,1,1
U3128,7,9.5,9,5,2,1,1,2,44,2.0,0,0,0,0,0,0,1,0,1
U3129,13,26.5,19,10,4,1,2,3,32,2.8,0,0,0,0,0,0,0,1,1
U3130,19,33.1,23,9,4,1,2,3,24,3.4,0,0,1,0,0,0,0,0,0
U3131,9,9.3,8,4,2,1,1,2,37,2.3,0,0,0,0,0,1,0,0,1
U3132,13,24.0,15,9,5,2,2,2,27,2.9,0,0,0,1,0,0,0,0,1
U3133,14,23.5,18,9,4,1,2,3,34,2.8,0,0,0,0,0,0,1,0,1
U3134,20,44.7,26,14,10,3,4,4,17,3.8,0,0,0,1,0,0,0,0,0
U3135,18,34.2,22,11,8,3,3,3,20,4.0,0,0,0,0,1,0,0,0,0
U3136,6,4.2,6,3,1,0,0,2,43,1.8,0,0,0,0,0,0,1,0,1
U3137,11,22.1,14,8,4,1,1,2,35,2.9,0,0,0,0,0,0,0,1,1
U3138,19,35.7,27,11,6,2,2,3,21,3.6,0,0,0,0,0,0,0,1,0
U3139,10,22.3,11,6,2,0,0,3,30,3.2,0,0,0,1,0,0,0,0,1
U3140,24,50.2,30,14,10,3,5,5,13,3.7,1,0,0,0,0,0,0,0,0
U3141,24,40.7,32,16,11,4,5,4,12,3.9,0,1,0,0,0,0,0,0,0
U3142,23,42.3,32,15,10,4,5,4,10,4.0,0,0,0,1,0,0,0,0,0
U3143,23,42.8,33,13,8,3,4,4,10,3.4,1,0,0,0,0,0,0,0,0
U3144,18,46.3,27,14,11,4,4,4,12,3.9,0,0,0,0,0,1,0,0,0
U3145,21,38.6,27,14,8,2,3,4,17,3.7,1,0,0,0,0,0,0,0,0
U3146,7,9.7,7,4,2,1,0,1,39,2.0,0,0,0,0,1,0,0,0,1
U3147,27,54.6,35,20,16,6,9,5,6,4.0,1,0,0,0,0,0,0,0,0
U3148,3,12.2,0,4,1,0,1,1,48,2.1,1,0,0,0,0,0,0,0,1
U3149,9,14.3,11,5,3,0,1,2,37,2.9,0,0,1,0,0,0,0,0,1
U3150,20,36.9,30,15,10,4,4,4,12,4.1,0,0,1,0,0,0,0,0,0
U3151,18,35.4,21,14,9,3,4,4,21,3.6,0,1,0,0,0,0,0,0,0
U3152,15,27.3,22,9,4,1,2,3,24,3.0,1,0,0,0,0,0,0,0,0
U3153,13,25.5,16,8,4,1,2,2,36,3.0,0,1,0,0,0,0,0,0,1
U3154,8,12.3,7,4,2,1,1,2,44,2.6,0,0,0,0,0,0,0,1,1
U3155,23,34.8,24,12,8,3,2,4,19,3.5,0,1,0,0,0,0,0,0,0
U3156,26,48.9,32,16,9,3,5,5,4,4.1,0,0,0,1,0,0,0,0,0
U3157,13,23.0,14,9,4,1,2,3,31,3.0,0,0,0,0,0,1,0,0,1
U3158,13,20.0,13,7,4,2,2,3,33,2.8,0,0,0,0,1,0,0,0,1
U3159,22,42.7,32,15,11,3,5,5,14,4.2,0,0,1,0,0,0,0,0,0
U3160,21,36.4,25,14,10,3,5,4,23,3.8,0,0,0,0,0,0,0,1,0
U3161,18,32.8,22,11,7,2,3,3,24,3.5,0,1,0,0,0,0,0,0,1
U3162,22,36.0,28,13,8,3,3,4,24,3.8,0,0,0,0,0,0,0,1,0
U3163,21,38.7,27,15,10,3,5,4,18,3.8,0,0,0,0,1,0,0,0,0
U3164,19,35.4,27,16,11,3,4,4,20,4.1,1,0,0,0,0,0,0,0,0
U3165,23,37.4,26,13,10,3,5,4,16,3.8,0,0,0,0,1,0,0,0,0
U3166,7,16.9,8,6,2,1,1,2,35,2.3,0,1,0,0,0,0,0,0,1
U3167,17,34.6,24,14,8,3,4,4,15,3.4,0,1,0,0,0,0,0,0,0
U3168,11,25.8,13,8,6,2,3,2,35,3.2,0,0,0,1,0,0,0,0,1
U3169,29,45.0,37,18,14,5,7,5,3,4.1,0,0,0,0,1,0,0,0,0
U3170,20,28.0,19,11,7,2,3,3,29,3.1,1,0,0,0,0,0,0,0,0
U3171,22,39.9,30,14,9,3,4,4,8,4.1,0,1,0,0,0,0,0,0,0
U3172,27,46.5,35,17,12,5,6,4,9,4.3,0,0,0,0,0,0,1,0,0
U3173,16,26.1,16,11,6,2,3,3,27,3.3,0,0,1,0,0,0,0,0,0
U3174,4,0.0,2,1,0,0,0,2,49,1.8,1,0,0,0,0,0,0,0,1
U3175,21,39.6,22,14,9,3,5,4,14,4.0,0,0,0,0,0,0,0,1,0
U3176,22,36.0,26,12,8,3,3,4,14,3.8,0,0,0,0,1,0,0,0,0
U3177,9,16.8,11,5,2,0,1,2,38,2.4,0,0,0,0,1,0,0,0,1
U3178,18,32.4,24,14,8,2,2,4,18,3.9,0,0,1,0,0,0,0,0,0
U3179,24,40.6,27,15,11,3,5,4,8,4.2,0,0,0,0,1,0,0,0,0
U3180,12,22.4,17,6,3,0,1,2,34,2.9,0,1,0,0,0,0,0,0,1
U3181,4,8.5,2,2,0,0,0,1,48,1.2,0,1,0,0,0,0,0,0,1
U3182,17,31.2,25,11,6,2,3,3,18,3.3,0,0,0,0,1,0,0,0,0
U3183,13,14.4,11,7,2,1,1,3,39,2.3,0,0,0,0,0,0,1,0,1
U3184,29,53.9,33,15,12,5,6,4,1,4.2,0,0,0,1,0,0,0,0,0
U3185,15,32.4,23,12,7,2,3,3,21,3.3,0,0,0,0,0,0,1,0,0
U3186,19,31.4,26,14,8,3,3,4,17,3.4,0,1,0,0,0,0,0,0,0
U3187,7,11.5,15,6,2,0,1,2,37,2.7,0,0,0,0,0,0,0,1,1
U3188,24,35.9,25,12,6,1,2,4,15,3.5,0,1,0,0,0,0,0,0,0
U3189,7,16.9,10,9,6,2,2,3,36,2.8,0,0,0,0,0,0,0,1,1
U3190,9,17.8,11,5,2,0,0,2,39,2.6,0,0,0,0,1,0,0,0,1
U3191,25,44.5,28,13,8,4,4,5,10,3.8,0,0,0,0,0,1,0,0,0
U3192,10,15.0,12,7,3,1,1,2,43,2.0,0,0,0,0,0,0,1,0,1
U3193,18,29.8,23,11,6,2,2,3,19,3.3,0,1,0,0,0,0,0,0,1
U3194,23,40.1,28,15,10,3,5,4,10,3.9,1,0,0,0,0,0,0,0,0
U3195,11,19.8,14,7,3,0,1,2,35,2.6,0,0,0,0,0,0,1,0,1
U3196,3,13.5,8,6,3,1,0,2,47,2.6,0,0,0,0,0,0,0,1,1
U3197,4,3.2,2,0,0,0,0,1,53,1.3,0,1,0,0,0,0,0,0,1
U3198,9,18.1,10,8,4,1,1,2,36,2.2,0,0,1,0,0,0,0,0,1
U3199,29,42.2,33,17,13,5,7,4,4,4.1,0,0,0,0,0,0,0,1,0
U3200,8,15.5,10,6,2,1,0,2,34,2.5,0,0,0,0,0,0,0,1,1
U3201,1,11.4,2,2,1,0,0,1,47,2.0,0,1,0,0,0,0,0,0,1
U3202,25,47.9,34,20,15,5,8,4,3,4.5,0,0,0,0,1,0,0,0,0
U3203,18,26.6,19,12,8,2,3,3,28,3.3,0,0,0,0,1,0,0,0,0
U3204,22,37.9,28,13,9,4,4,4,16,4.1,0,0,0,0,0,0,1,0,0
U3205,2,3.0,4,3,1,0,0,1,46,1.8,1,0,0,0,0,0,0,0,1
U3206,11,25.3,21,10,6,1,3,3,23,3.4,1,0,0,0,0,0,0,0,0
U3207,29,50.2,34,19,14,5,8,4,8,4.9,0,0,0,1,0,0,0,0,0
U3208,8,23.5,12,8,4,0,1,2,33,2.6,1,0,0,0,0,0,0,0,1
U3209,9,11.1,8,3,2,0,1,1,42,2.0,0,0,0,1,0,0,0,0,1
U3210,15,27.4,21,10,6,1,2,3,27,2.8,1,0,0,0,0,0,0,0,0
U3211,11,18.3,13,8,3,1,1,3,37,2.9,0,1,0,0,0,0,0,0,1
U3212,20,36.2,24,12,7,2,3,3,18,3.5,0,0,1,0,0,0,0,0,0
U3213,23,44.0,29,14,10,4,4,4,9,3.9,0,0,0,0,0,1,0,0,0
U3214,14,24.1,17,10,5,2,3,3,35,3.4,1,0,0,0,0,0,0,0,0
U3215,25,42.5,32,16,11,4,5,4,12,4.3,0,0,0,0,0,0,1,0,0
U3216,25,48.9,34,15,10,4,5,4,8,4.0,1,0,0,0,0,0,0,0,0
U3217,8,20.1,9,5,2,1,0,2,37,2.3,0,0,1,0,0,0,0,0,1
U3218,12,28.0,21,9,5,1,2,3,32,2.8,0,0,0,0,0,0,0,1,1
U3219,7,19.2,8,5,1,1,0,2,39,2.4,0,0,0,0,0,0,0,1,1
U3220,16,32.2,24,12,7,2,3,3,23,3.5,0,1,0,0,0,0,0,0,0
U3221,18,35.2,19,10,5,1,3,3,24,3.7,0,0,0,1,0,0,0,0,0
U3222,17,35.7,22,11,7,2,3,3,21,3.4,0,0,0,0,0,0,0,1,0
U3223,12,17.4,13,8,4,1,1,3,38,2.5,0,0,0,0,0,0,1,0,1
U3224,12,20.0,15,9,5,2,2,3,31,2.9,1,0,0,0,0,0,0,0,1
U3225,9,11.2,12,5,2,0,0,2,44,2.1,0,0,0,1,0,0,0,0,1
U3226,16,27.5,23,11,7,2,2,3,26,3.0,0,0,0,1,0,0,0,0,0
U3227,6,6.3,10,4,0,0,0,1,46,2.2,1,0,0,0,0,0,0,0,1
U3228,11,24.3,13,7,4,1,2,3,44,3.0,0,1,0,0,0,0,0,0,1
U3229,7,12.4,12,7,3,1,0,2,36,2.7,0,1,0,0,0,0,0,0,1
U3230,27,46.9,35,16,10,4,4,4,5,4.2,0,0,0,0,0,1,0,0,0
U3231,7,7.4,8,6,2,0,1,2,41,2.5,0,0,0,0,0,0,1,0,1
U3232,14,32.9,20,8,6,2,2,3,30,3.4,0,0,0,0,1,0,0,0,1
U3233,18,39.4,23,13,9,2,3,4,17,3.6,0,1,0,0,0,0,0,0,0
U3234,19,32.1,28,13,10,3,5,3,18,3.9,0,0,0,0,1,0,0,0,0
U3235,19,30.9,20,10,6,2,2,3,23,3.1,0,0,0,0,1,0,0,0,0
U3236,17,30.2,20,11,7,2,2,3,19,3.4,0,0,0,1,0,0,0,0,1
U3237,15,29.0,18,8,4,1,2,3,27,3.4,0,0,0,0,0,0,1,0,1
U3238,5,12.8,7,2,0,0,0,1,44,2.4,0,0,0,0,0,0,0,1,1
U3239,13,21.3,18,10,5,1,2,3,28,2.4,0,1,0,0,0,0,0,0,1
U3240,7,10.9,10,4,2,0,1,2,41,2.2,0,1,0,0,0,0,0,0,1
U3241,24,39.0,30,18,13,4,7,5,9,4.3,1,0,0,0,0,0,0,0,0
U3242,13,24.1,15,7,4,1,1,3,31,2.8,0,0,0,0,0,1,0,0,1
U3243,3,1.8,10,4,2,0,0,2,43,2.2,0,0,0,0,0,0,0,1,1
U3244,6,15.5,10,5,2,0,0,2,41,1.9,0,0,0,1,0,0,0,0,1
U3245,26,42.0,31,18,13,5,6,4,12,4.0,0,0,0,0,0,0,0,1,0
U3246,16,29.9,21,10,6,2,1,3,28,2.5,1,0,0,0,0,0,0,0,1
U3247,20,40.7,26,14,8,2,3,4,16,3.6,1,0,0,0,0,0,0,0,0
U3248,6,17.9,6,3,1,0,1,2,46,1.7,0,0,0,0,0,1,0,0,1
U3249,13,27.5,15,8,6,1,2,2,32,3.1,0,0,0,0,1,0,0,0,1
U3250,6,14.5,4,3,1,0,0,2,44,2.6,0,1,0,0,0,0,0,0,1
U3251,14,22.3,15,7,4,1,2,2,33,2.6,0,0,0,1,0,0,0,0,1
U3252,21,41.4,26,14,9,3,4,4,17,3.7,0,0,0,1,0,0,0,0,0
U3253,14,32.2,21,13,7,1,3,3,28,3.4,0,0,0,1,0,0,0,0,0
U3254,9,10.6,8,5,0,0,0,2,42,1.8,0,0,0,1,0,0,0,0,1
U3255,14,24.4,19,9,5,2,2,3,31,3.1,0,0,0,1,0,0,0,0,0
U3256,8,21.9,10,6,2,0,1,2,37,2.4,0,0,0,0,0,0,1,0,1
U3257,13,22.0,17,9,3,0,1,2,27,2.6,0,1,0,0,0,0,0,0,1
U3258,14,22.8,21,11,5,2,3,3,30,3.1,0,0,1,0,0,0,0,0,1
U3259,6,14.5,8,7,3,0,1,2,40,2.4,0,1,0,0,0,0,0,0,1
U3260,26,40.9,29,15,10,4,4,4,13,3.7,0,1,0,0,0,0,0,0,0
U3261,11,20.8,12,8,3,1,1,3,32,2.7,0,0,1,0,0,0,0,0,0
U3262,26,53.1,34,18,13,5,5,5,5,4.2,0,1,0,0,0,0,0,0,0
U3263,12,30.7,23,10,3,1,1,3,26,3.3,0,0,0,0,0,0,0,1,1
U3264,22,41.6,30,14,8,3,4,5,8,4.2,0,1,0,0,0,0,0,0,0
U3265,2,4.9,8,4,2,1,1,1,51,2.2,1,0,0,0,0,0,0,0,1
U3266,3,2.0,0,4,2,0,0,1,52,2.1,0,0,1,0,0,0,0,0,1
U3267,18,34.9,21,11,7,2,3,4,25,3.4,0,0,0,1,0,0,0,0,0
U3268,18,35.6,22,14,9,3,5,4,20,3.5,0,0,0,0,0,0,1,0,0
U3269,28,53.8,37,19,15,5,8,5,5,4.0,0,0,0,0,1,0,0,0,0
U3270,16,22.5,20,12,8,2,3,3,27,3.4,0,0,0,0,0,0,0,1,1
U3271,12,25.5,10,10,6,2,3,3,34,3.1,0,0,0,0,0,0,1,0,0
U3272,11,29.3,18,8,4,2,2,3,37,2.4,0,0,0,0,0,1,0,0,1
U3273,3,14.4,9,4,3,0,1,2,44,2.2,0,0,0,1,0,0,0,0,1
U3274,22,39.5,31,13,9,3,3,4,16,4.0,0,0,0,0,0,0,1,0,0
U3275,14,24.1,19,8,5,1,2,3,27,2.9,0,1,0,0,0,0,0,0,1
U3276,6,16.8,13,6,2,0,0,2,35,2.7,1,0,0,0,0,0,0,0,1
U3277,13,20.4,11,5,2,1,0,2,35,2.4,0,0,1,0,0,0,0,0,1
U3278,16,26.1,16,13,6,2,3,3,23,3.0,1,0,0,0,0,0,0,0,1
U3279,27,52.3,40,21,15,6,8,5,5,4.3,0,0,0,1,0,0,0,0,0
U3280,19,43.0,26,13,7,2,3,3,22,3.8,1,0,0,0,0,0,0,0,0
U3281,7,7.5,10,7,3,0,1,1,42,2.3,0,0,0,0,1,0,0,0,1
U3282,18,32.8,23,12,8,2,3,4,18,3.3,1,0,0,0,0,0,0,0,0
U3283,18,35.0,28,12,8,3,3,3,24,3.1,0,0,0,0,0,1,0,0,0
U3284,17,36.3,21,10,6,2,4,3,21,3.9,0,0,0,0,0,0,1,0,0
U3285,21,37.8,25,14,8,3,3,3,14,3.8,1,0,0,0,0,0,0,0,0
U3286,22,31.7,25,13,9,3,4,4,15,3.6,0,0,0,0,0,0,1,0,0
U3287,3,0.0,1,3,3,0,0,2,50,1.7,0,0,1,0,0,0,0,0,1
U3288,18,42.0,22,11,7,2,2,3,22,3.3,0,0,0,0,0,0,0,1,0
U3289,9,10.2,10,6,2,0,0,2,40,2.6,0,1,0,0,0,0,0,0,1
U3290,13,21.0,17,7,2,0,1,2,34,2.8,0,0,0,0,0,0,0,1,1
U3291,10,14.0,13,7,2,0,0,3,38,2.4,1,0,0,0,0,0,0,0,1
U3292,11,17.0,16,6,3,1,1,3,36,2.8,0,0,1,0,0,0,0,0,1
U3293,7,13.8,11,5,2,1,1,2,44,2.4,0,0,0,1,0,0,0,0,1
U3294,7,10.0,9,8,5,1,2,2,42,2.6,0,0,0,1,0,0,0,0,1
U3295,29,55.1,37,18,14,6,7,5,1,4.6,0,0,0,1,0,0,0,0,0
U3296,5,6.9,2,3,0,0,1,2,48,1.8,1,0,0,0,0,0,0,0,1
U3297,22,36.7,25,13,8,3,4,4,16,3.9,1,0,0,0,0,0,0,0,0
U3298,7,9.0,11,3,1,0,1,2,41,2.4,0,0,0,0,0,0,0,1,1
U3299,21,41.3,27,14,9,3,4,3,20,4.0,0,0,0,0,0,0,0,1,0
U3300,11,19.6,12,6,3,0,0,3,38,2.3,0,0,1,0,0,0,0,0,1
U3301,13,29.5,18,9,5,1,2,3,31,3.1,0,1,0,0,0,0,0,0,1
U3302,3,3.0,1,1,0,0,0,1,52,1.9,0,0,0,1,0,0,0,0,1
U3303,6,12.2,4,6,2,0,0,1,43,2.3,0,0,1,0,0,0,0,0,1
U3304,2,0.0,4,0,1,0,0,1,55,1.1,1,0,0,0,0,0,0,0,1
U3305,17,26.9,20,11,7,2,3,3,26,2.8,0,0,0,0,0,0,1,0,0
U3306,16,36.7,23,13,7,2,2,4,15,3.4,1,0,0,0,0,0,0,0,0
U3307,27,49.7,29,16,10,4,5,5,5,3.7,0,0,1,0,0,0,0,0,0
U3308,13,29.9,16,8,5,2,2,3,34,3.3,0,1,0,0,0,0,0,0,1
U3309,18,30.6,21,9,7,2,3,3,25,3.0,0,0,0,0,0,1,0,0,1
U3310,16,28.8,15,7,4,1,2,3,31,2.7,0,0,0,0,1,0,0,0,1
U3311,10,22.8,15,7,4,1,2,3,33,2.6,0,0,0,0,1,0,0,0,1
U3312,21,37.3,30,15,9,3,4,4,12,3.7,0,0,0,0,0,0,0,1,0
U3313,11,20.3,18,9,6,1,2,3,27,3.0,0,0,1,0,0,0,0,0,1
U3314,23,43.2,32,16,11,4,5,4,14,3.5,0,0,0,0,0,0,1,0,0
U3315,13,20.0,15,7,5,1,1,3,34,2.5,0,0,0,0,0,1,0,0,1
U3316,14,26.4,14,6,3,0,1,3,27,2.7,0,1,0,0,0,0,0,0,1
U3317,22,42.6,26,15,10,3,4,4,19,3.9,0,0,0,1,0,0,0,0,0
U3318,12,17.0,16,6,2,1,1,3,33,2.6,0,0,0,0,0,0,0,1,1
U3319,20,41.1,26,12,7,2,3,4,18,3.7,1,0,0,0,0,0,0,0,0
U3320,14,22.8,18,9,4,1,2,3,28,3.3,0,0,1,0,0,0,0,0,1
U3321,16,35.5,21,12,7,2,3,3,26,3.3,1,0,0,0,0,0,0,0,1
U3322,18,31.7,20,12,8,2,3,4,25,3.5,0,0,0,0,0,0,1,0,1
U3323,19,32.9,25,12,8,2,3,2,22,3.3,1,0,0,0,0,0,0,0,1
U3324,5,13.6,6,3,1,0,0,2,49,2.4,1,0,0,0,0,0,0,0,1
U3325,6,16.0,9,6,1,1,0,2,45,2.5,0,0,0,0,0,0,1,0,1
U3326,8,13.1,10,5,2,0,1,2,42,1.6,0,0,0,1,0,0,0,0,1
U3327,14,26.1,15,7,4,1,1,3,28,3.0,1,0,0,0,0,0,0,0,1
U3328,23,41.1,31,15,11,3,5,5,12,4.5,0,0,0,1,0,0,0,0,0
U3329,26,38.9,30,17,13,5,6,4,9,4.4,0,1,0,0,0,0,0,0,0
U3330,25,50.4,33,18,14,6,8,4,7,4.1,0,0,0,0,1,0,0,0,0
U3331,27,47.7,36,20,16,6,8,5,1,4.7,0,0,0,0,0,0,1,0,0
U3332,3,13.4,11,4,1,0,0,2,49,1.9,0,0,0,0,0,0,1,0,1
U3333,19,34.1,27,13,8,3,3,4,21,3.4,0,0,1,0,0,0,0,0,1
U3334,29,48.6,35,21,16,6,8,4,10,4.1,0,0,0,0,0,0,1,0,0
U3335,6,7.7,7,4,3,0,2,2,47,2.1,1,0,0,0,0,0,0,0,1
U3336,22,40.8,31,16,10,3,5,4,10,4.5,0,0,1,0,0,0,0,0,0
U3337,27,48.3,35,18,14,5,8,5,4,3.9,1,0,0,0,0,0,0,0,0
U3338,28,49.0,32,18,14,6,8,4,6,4.5,0,1,0,0,0,0,0,0,0
U3339,25,39.4,26,14,9,3,4,4,13,3.8,0,1,0,0,0,0,0,0,0
U3340,10,23.5,11,8,5,2,2,3,32,2.5,1,0,0,0,0,0,0,0,1
U3341,8,13.7,8,5,0,0,0,2,47,2.3,1,0,0,0,0,0,0,0,1
U3342,16,30.7,19,13,9,3,3,4,26,3.2,0,0,0,1,0,0,0,0,0
U3343,23,35.8,25,14,10,3,4,4,19,3.7,0,0,0,0,0,0,1,0,0
U3344,11,22.2,12,7,3,1,1,2,32,2.6,0,0,0,1,0,0,0,0,0
U3345,5,9.8,4,3,1,0,0,2,42,1.9,0,1,0,0,0,0,0,0,1
U3346,20,32.6,28,13,8,4,4,4,19,3.8,0,0,0,0,1,0,0,0,0
U3347,12,19.1,7,9,4,2,2,2,34,2.6,0,0,0,1,0,0,0,0,1
U3348,7,20.9,12,6,2,1,1,2,39,2.3,0,0,0,0,0,1,0,0,1
U3349,26,49.9,32,17,13,5,7,4,8,4.2,1,0,0,0,0,0,0,0,0
U3350,19,39.0,27,14,8,2,2,3,20,3.4,0,0,0,1,0,0,0,0,0
U3351,21,37.2,28,13,9,3,4,4,14,4.2,0,0,0,0,0,1,0,0,0
U3352,13,20.3,10,5,2,0,1,2,33,2.3,1,0,0,0,0,0,0,0,1
U3353,25,45.7,28,17,13,5,6,5,7,3.8,0,0,0,0,1,0,0,0,0
U3354,4,3.6,0,3,2,1,1,1,46,2.1,0,0,0,1,0,0,0,0,1
U3355,19,34.3,25,13,7,3,2,3,20,3.8,0,0,1,0,0,0,0,0,0
U3356,20,32.9,22,12,6,2,3,4,20,3.3,0,0,0,0,0,0,1,0,0
U3357,21,33.4,23,11,7,3,2,3,23,3.6,0,0,1,0,0,0,0,0,1
U3358,26,45.5,34,16,12,4,7,5,7,4.1,1,0,0,0,0,0,0,0,0
U3359,19,36.3,23,13,7,2,3,3,24,3.6,0,0,0,0,0,0,1,0,0
U3360,20,35.8,23,14,10,3,5,3,23,3.6,0,0,0,0,1,0,0,0,0
U3361,22,35.1,24,16,10,4,5,4,17,4.0,0,0,1,0,0,0,0,0,0
U3362,10,25.1,18,8,4,0,2,2,34,2.8,1,0,0,0,0,0,0,0,1
U3363,26,43.8,33,14,9,3,4,4,12,3.8,1,0,0,0,0,0,0,0,0
U3364,15,26.6,22,9,4,2,1,2,27,3.0,0,0,0,0,0,0,1,0,0
U3365,5,13.0,9,6,3,0,2,2,39,2.3,1,0,0,0,0,0,0,0,1
U3366,23,38.7,29,14,9,3,4,4,13,3.6,1,0,0,0,0,0,0,0,0
U3367,29,51.3,37,19,15,5,8,5,4,4.3,0,0,0,0,0,0,0,1,0
U3368,18,35.6,23,11,6,3,2,4,24,3.4,0,0,0,0,0,0,0,1,0
U3369,10,24.4,7,6,3,0,0,3,40,2.6,0,0,0,0,0,0,1,0,1
U3370,18,34.1,26,11,7,2,3,4,21,3.3,1,0,0,0,0,0,0,0,0
U3371,15,26.2,20,9,5,1,2,3,31,3.2,0,0,0,0,0,0,0,1,0
U3372,19,36.6,25,10,5,1,3,4,22,3.0,0,1,0,0,0,0,0,0,0
U3373,14,22.1,19,8,5,1,2,3,32,3.0,0,0,0,0,0,1,0,0,1
U3374,8,8.0,7,4,2,1,1,2,50,2.1,0,0,0,1,0,0,0,0,1
U3375,20,31.8,21,14,10,3,4,3,25,4.2,0,0,0,1,0,0,0,0,0
U3376,26,47.2,32,18,13,4,7,4,2,3.9,0,0,0,0,0,0,1,0,0
U3377,3,12.6,5,5,1,0,0,2,47,1.6,0,0,0,0,0,0,1,0,1
U3378,23,37.7,32,14,10,4,5,4,12,4.2,1,0,0,0,0,0,0,0,0
U3379,16,30.0,19,10,6,2,2,3,30,3.2,0,0,0,0,0,0,1,0,0
U3380,25,44.2,29,16,11,4,5,4,13,4.1,0,0,0,0,0,0,1,0,0
U3381,23,48.5,31,20,16,5,8,5,5,3.8,0,0,0,1,0,0,0,0,0
U3382,13,27.0,14,8,4,1,2,2,27,2.8,0,0,0,0,0,1,0,0,1
U3383,13,22.8,15,10,7,2,2,3,31,3.0,1,0,0,0,0,0,0,0,1
U3384,16,22.0,19,12,7,2,3,3,28,2.7,0,0,1,0,0,0,0,0,0
U3385,15,24.9,21,10,6,2,2,3,29,2.8,0,0,0,1,0,0,0,0,1
U3386,1,9.4,6,2,1,0,0,1,47,1.8,0,0,0,0,0,0,0,1,1
U3387,9,14.4,13,5,2,1,1,2,41,2.2,1,0,0,0,0,0,0,0,1
U3388,16,32.9,23,11,6,2,2,4,20,3.7,0,0,0,0,0,0,1,0,0
U3389,22,36.5,24,14,9,3,4,3,11,3.7,0,0,0,0,0,0,0,1,0
U3390,19,27.7,20,8,5,2,1,3,28,2.8,0,0,1,0,0,0,0,0,0
U3391,10,14.6,10,6,2,1,0,2,40,2.9,0,0,0,1,0,0,0,0,1
U3392,21,33.6,28,12,7,3,3,4,16,3.8,0,0,0,0,0,0,1,0,0
U3393,10,15.4,14,8,3,0,1,2,37,2.7,1,0,0,0,0,0,0,0,1
U3394,20,31.8,23,14,9,2,4,3,19,3.2,1,0,0,0,0,0,0,0,0
U3395,28,51.7,34,19,13,5,7,5,11,4.1,0,0,1,0,0,0,0,0,0
U3396,26,47.3,36,17,13,6,8,5,2,4.2,0,1,0,0,0,0,0,0,0
U3397,8,11.6,10,7,3,1,0,3,35,2.8,0,0,0,0,1,0,0,0,1
U3398,18,36.0,27,13,8,2,4,4,20,3.3,1,0,0,0,0,0,0,0,0
U3399,22,39.1,28,14,10,3,5,4,23,3.3,0,0,0,0,0,0,1,0,0
U3400,7,9.8,7,5,3,1,1,2,39,1.9,0,0,0,0,0,0,0,1,1
U3401,10,14.0,10,7,2,0,0,2,39,2.1,0,0,1,0,0,0,0,0,1
U3402,5,8.0,4,0,0,0,0,1,53,1.7,0,0,0,1,0,0,0,0,1
U3403,18,30.4,23,12,8,3,4,3,20,3.8,1,0,0,0,0,0,0,0,0
U3404,14,26.2,15,9,6,2,3,2,30,2.4,0,0,0,1,0,0,0,0,1
U3405,23,34.0,29,13,7,3,3,4,20,3.7,0,0,0,0,0,1,0,0,0
U3406,9,10.3,7,4,2,0,0,2,41,2.2,1,0,0,0,0,0,0,0,1
U3407,18,31.6,21,10,4,1,2,3,25,3.3,1,0,0,0,0,0,0,0,0
U3408,11,17.2,12,7,2,1,0,2,32,2.5,0,0,0,0,0,1,0,0,1
U3409,3,3.9,7,3,3,1,1,1,51,1.3,0,0,0,0,0,1,0,0,1
U3410,13,22.1,20,9,5,1,1,3,36,2.6,0,1,0,0,0,0,0,0,1
U3411,7,6.4,5,4,0,0,0,2,48,2.2,0,0,0,0,0,0,1,0,1
U3412,24,39.4,31,16,11,4,6,4,14,4.0,1,0,0,0,0,0,0,0,0
U3413,27,50.8,37,16,11,4,6,5,11,4.3,0,0,0,0,0,1,0,0,0
U3414,22,41.0,30,16,10,3,4,4,16,4.0,0,1,0,0,0,0,0,0,0
U3415,17,32.0,24,11,6,2,2,3,27,3.3,0,1,0,0,0,0,0,0,0
U3416,9,13.5,6,3,1,0,1,2,44,2.1,0,0,0,0,0,0,1,0,1
U3417,24,42.5,33,17,12,5,6,4,8,3.9,0,0,0,0,1,0,0,0,0
U3418,5,9.0,9,5,1,0,0,2,44,2.1,1,0,0,0,0,0,0,0,1
U3419,19,33.3,23,14,8,3,3,4,22,3.9,1,0,0,0,0,0,0,0,0
U3420,20,34.6,25,13,9,3,5,4,11,3.4,0,1,0,0,0,0,0,0,0
U3421,25,41.4,29,15,10,3,5,4,14,3.7,0,0,0,0,1,0,0,0,0
U3422,4,12.8,9,3,1,0,0,3,45,2.5,0,0,0,0,1,0,0,0,1
U3423,12,21.6,14,10,5,2,2,3,31,2.8,0,0,0,0,1,0,0,0,1
U3424,9,17.3,10,5,2,1,0,3,34,2.9,0,0,0,1,0,0,0,0,1
U3425,17,34.8,21,10,5,1,2,3,27,3.6,0,1,0,0,0,0,0,0,0
U3426,10,14.2,12,5,3,0,1,2,33,2.8,0,1,0,0,0,0,0,0,1
U3427,24,45.7,30,17,13,5,5,4,12,4.4,0,0,0,0,1,0,0,0,0
U3428,16,23.8,19,9,7,2,2,3,26,3.1,0,1,0,0,0,0,0,0,0
U3429,21,33.6,24,14,8,3,3,4,22,3.1,0,0,0,0,0,0,0,1,0
U3430,14,24.2,19,10,6,2,2,3,26,2.8,0,0,0,1,0,0,0,0,1
U3431,24,45.9,30,14,11,4,6,4,17,3.9,0,0,0,0,0,0,0,1,0
U3432,5,0.6,5,3,0,0,0,1,57,2.1,0,0,0,1,0,0,0,0,1
U3433,5,7.9,3,3,1,1,0,2,53,2.3,0,1,0,0,0,0,0,0,1
U3434,25,45.4,30,15,11,3,6,4,9,4.1,0,0,0,1,0,0,0,0,0
U3435,20,44.0,27,12,8,2,3,4,17,3.8,0,0,0,1,0,0,0,0,0
U3436,25,53.1,34,18,13,4,7,4,1,4.1,0,0,0,0,0,1,0,0,0
U3437,19,28.7,24,12,6,2,3,3,28,3.2,0,0,0,0,0,0,0,1,0
U3438,16,30.5,21,9,4,1,2,2,29,3.0,1,0,0,0,0,0,0,0,1
U3439,14,27.4,20,11,6,2,1,2,26,3.6,0,1,0,0,0,0,0,0,1
U3440,15,29.2,17,10,5,1,3,3,24,3.5,1,0,0,0,0,0,0,0,0
U3441,8,19.8,11,7,2,1,1,2,43,2.0,0,1,0,0,0,0,0,0,1
U3442,15,26.2,21,8,3,0,1,3,28,3.2,0,0,0,0,0,0,1,0,0
U3443,13,25.2,18,8,3,0,0,2,30,2.9,0,1,0,0,0,0,0,0,0
U3444,10,9.7,12,5,2,1,2,2,41,1.5,1,0,0,0,0,0,0,0,1
U3445,21,40.5,25,13,8,3,4,4,23,4.0,0,1,0,0,0,0,0,0,0
U3446,20,36.4,18,11,6,2,3,3,22,3.9,0,0,0,0,0,0,1,0,0
U3447,11,18.3,10,6,3,0,1,2,35,2.7,0,0,0,1,0,0,0,0,1
U3448,17,34.2,15,11,6,3,3,3,23,3.2,0,0,0,1,0,0,0,0,0
U3449,19,33.6,22,10,4,1,2,4,28,3.6,0,0,0,0,1,0,0,0,1
U3450,8,11.7,9,3,2,0,1,2,42,2.4,0,0,0,1,0,0,0,0,1
U3451,22,34.4,25,12,8,2,2,3,19,3.9,0,0,0,1,0,0,0,0,0
U3452,7,14.3,10,5,2,0,0,2,44,2.3,1,0,0,0,0,0,0,0,1
U3453,9,12.2,10,4,1,0,1,2,38,2.4,0,0,0,0,0,0,1,0,1
U3454,22,45.8,27,17,13,4,6,4,14,3.9,0,0,0,1,0,0,0,0,0
U3455,10,18.1,12,8,3,2,1,3,37,2.6,1,0,0,0,0,0,0,0,1
U3456,11,20.3,18,8,5,2,1,3,32,2.9,0,1,0,0,0,0,0,0,1
U3457,10,13.5,10,4,1,0,1,2,35,2.7,0,1,0,0,0,0,0,0,1
U3458,15,26.4,18,7,5,2,2,3,29,2.8,1,0,0,0,0,0,0,0,0
U3459,11,36.5,20,12,7,2,2,3,27,3.3,0,0,0,1,0,0,0,0,0
U3460,8,11.9,6,5,3,1,0,2,39,3.1,0,0,0,1,0,0,0,0,1
U3461,11,18.5,15,9,5,1,2,2,33,2.6,0,0,0,1,0,0,0,0,1
U3462,15,28.4,18,11,6,2,3,2,29,3.4,0,1,0,0,0,0,0,0,0
U3463,13,17.9,12,8,4,1,0,2,28,2.7,0,0,0,1,0,0,0,0,1
U3464,17,33.5,23,11,6,2,2,3,21,3.2,0,0,0,0,0,0,0,1,0
U3465,15,33.3,22,10,7,2,3,3,23,2.9,0,0,0,0,0,0,1,0,0
U3466,6,12.9,9,5,2,0,0,2,38,2.6,0,1,0,0,0,0,0,0,1
U3467,10,18.7,13,8,4,1,2,2,37,2.3,0,0,0,0,0,0,1,0,1
U3468,6,16.3,11,4,0,0,1,3,34,2.6,1,0,0,0,0,0,0,0,1
U3469,21,40.2,30,14,9,4,4,4,4,4.0,0,0,0,0,0,1,0,0,0
U3470,22,40.6,28,14,10,4,4,4,9,4.3,0,1,0,0,0,0,0,0,0
U3471,6,11.5,8,4,3,0,1,2,47,1.9,0,0,0,1,0,0,0,0,1
U3472,14,28.7,19,10,6,2,2,3,25,2.9,0,0,0,0,0,0,0,1,0
U3473,15,27.2,21,9,5,1,2,2,28,3.3,0,0,0,0,0,0,1,0,1
U3474,16,29.5,21,11,6,2,4,3,32,3.1,0,0,0,1,0,0,0,0,0
U3475,17,28.2,20,12,6,2,2,3,26,3.5,0,0,1,0,0,0,0,0,0
U3476,19,32.6,25,14,10,3,4,4,21,4.0,0,0,0,0,1,0,0,0,0
U3477,14,16.2,14,8,3,1,1,3,35,3.0,0,1,0,0,0,0,0,0,1
U3478,12,21.7,16,10,5,2,2,3,23,2.7,0,0,0,0,0,0,0,1,1
U3479,20,42.4,23,13,10,4,5,4,16,3.7,0,0,0,0,0,0,1,0,0
U3480,28,44.8,35,17,14,5,7,4,2,4.0,0,1,0,0,0,0,0,0,0
U3481,19,36.7,23,12,9,3,3,3,18,3.8,1,0,0,0,0,0,0,0,0
U3482,28,46.1,35,17,13,4,8,4,8,4.3,0,0,1,0,0,0,0,0,0
U3483,20,40.4,26,13,9,3,4,4,11,3.1,0,0,1,0,0,0,0,0,0
U3484,11,22.1,17,9,5,1,1,3,30,3.2,0,1,0,0,0,0,0,0,1
U3485,3,9.8,12,3,0,0,0,2,44,2.3,0,1,0,0,0,0,0,0,1
U3486,22,37.5,27,13,8,2,3,4,21,3.3,1,0,0,0,0,0,0,0,0
U3487,23,47.5,29,14,9,3,4,4,18,4.0,0,0,0,0,0,0,1,0,0
U3488,10,16.7,14,7,4,2,2,3,30,2.7,0,0,0,0,0,1,0,0,1
U3489,12,14.5,12,5,1,0,0,2,39,2.7,0,0,0,1,0,0,0,0,1
U3490,23,44.7,30,15,10,4,5,4,11,3.9,0,1,0,0,0,0,0,0,0
U3491,13,18.2,13,8,3,0,1,2,33,3.1,0,0,0,1,0,0,0,0,1
U3492,27,47.2,38,21,17,6,8,4,10,4.5,0,0,0,0,0,0,0,1,0
U3493,9,20.5,9,6,3,1,2,2,31,2.7,0,0,0,0,0,0,0,1,0
U3494,17,28.2,18,10,5,2,3,3,27,3.1,0,0,0,1,0,0,0,0,1
U3495,7,7.9,1,2,0,0,0,2,52,1.4,1,0,0,0,0,0,0,0,1
U3496,13,21.0,13,6,4,2,2,3,35,2.6,0,0,0,1,0,0,0,0,1
U3497,16,24.3,18,9,4,1,1,3,31,2.7,0,0,0,1,0,0,0,0,0
U3498,5,12.5,7,0,0,0,0,1,46,1.8,0,0,0,0,0,0,0,1,1
U3499,17,39.2,26,14,9,3,4,3,24,3.6,1,0,0,0,0,0,0,0,0
U3500,11,20.4,13,7,4,1,1,3,38,2.5,0,0,0,0,1,0,0,0,1
U3501,9,16.2,15,8,3,0,2,3,38,2.6,0,0,0,0,1,0,0,0,1
U3502,9,20.6,16,10,6,1,2,3,37,2.6,0,0,0,0,0,0,0,1,1
U3503,15,26.2,16,8,4,1,2,3,31,2.9,0,0,0,0,0,0,1,0,1
U3504,9,10.9,11,5,3,1,1,2,42,2.7,0,0,0,1,0,0,0,0,1
U3505,13,23.1,17,10,5,2,2,3,27,2.8,0,0,0,0,0,0,0,1,1
U3506,14,25.9,19,12,7,2,3,3,29,3.3,0,0,0,0,0,0,1,0,0
U3507,22,38.9,25,13,8,2,4,4,18,3.3,0,0,0,1,0,0,0,0,0
U3508,17,35.9,19,11,6,3,2,3,26,3.5,0,0,1,0,0,0,0,0,1
U3509,9,22.3,16,6,2,1,1,3,35,2.5,0,0,0,0,0,0,0,1,1
U3510,7,18.2,12,5,3,1,1,2,39,2.3,0,0,1,0,0,0,0,0,1
U3511,30,52.0,36,17,14,5,7,4,5,4.6,0,0,0,1,0,0,0,0,0
U3512,29,54.7,32,20,16,6,8,5,5,3.9,1,0,0,0,0,0,0,0,0
U3513,10,13.9,9,8,4,1,2,2,40,2.4,0,1,0,0,0,0,0,0,1
U3514,18,31.4,22,11,8,3,3,3,25,3.4,0,0,0,0,0,0,1,0,0
U3515,26,52.9,35,19,14,6,8,5,3,3.9,0,0,0,0,1,0,0,0,0
U3516,10,17.6,13,7,5,1,2,2,41,2.4,0,0,0,0,0,0,1,0,1
U3517,15,32.6,25,11,7,3,2,4,25,3.1,0,0,0,1,0,0,0,0,0
U3518,18,36.2,22,14,9,3,4,3,20,3.3,1,0,0,0,0,0,0,0,0
U3519,22,40.5,25,12,9,3,4,4,12,3.8,1,0,0,0,0,0,0,0,0
U3520,26,42.2,35,17,11,4,5,4,12,4.4,1,0,0,0,0,0,0,0,0
U3521,17,31.5,22,12,7,2,2,3,29,3.4,0,0,0,0,0,0,1,0,0
U3522,14,26.9,16,8,4,1,2,3,39,3.2,0,0,0,0,0,1,0,0,1
U3523,20,38.6,24,16,10,3,4,4,14,3.5,1,0,0,0,0,0,0,0,0
U3524,17,31.7,19,12,6,1,2,3,24,3.1,0,1,0,0,0,0,0,0,1
U3525,18,32.4,25,13,8,2,3,3,21,3.5,0,0,0,1,0,0,0,0,1
U3526,7,12.8,14,4,2,0,0,2,36,2.6,1,0,0,0,0,0,0,0,1
U3527,12,23.3,19,10,4,1,2,3,31,2.7,0,0,0,1,0,0,0,0,0
U3528,19,33.7,23,12,7,2,3,3,24,3.4,0,0,1,0,0,0,0,0,0
U3529,19,33.9,24,14,8,2,3,4,22,3.5,0,0,0,0,0,0,1,0,0
U3530,8,20.3,13,4,3,0,0,2,33,2.5,1,0,0,0,0,0,0,0,1
U3531,19,33.6,21,12,8,2,4,3,22,3.6,1,0,0,0,0,0,0,0,0
U3532,9,24.1,13,8,3,1,1,3,31,2.9,0,0,0,1,0,0,0,0,1
U3533,28,50.9,38,20,16,6,8,5,5,4.6,0,0,1,0,0,0,0,0,0
U3534,18,31.5,20,11,6,1,3,4,27,3.3,0,0,0,0,0,1,0,0,0
U3535,28,48.3,35,16,12,4,7,5,6,4.4,0,1,0,0,0,0,0,0,0
U3536,17,30.3,23,11,6,1,2,3,23,3.5,1,0,0,0,0,0,0,0,0
U3537,5,17.0,10,4,2,1,2,1,45,2.2,0,0,0,1,0,0,0,0,1
U3538,6,14.8,11,5,3,0,1,3,40,2.6,1,0,0,0,0,0,0,0,1
U3539,18,30.8,21,11,6,2,2,4,27,3.3,0,1,0,0,0,0,0,0,0
U3540,28,50.4,34,18,14,5,7,5,13,4.3,1,0,0,0,0,0,0,0,0
U3541,9,7.1,10,5,3,0,1,2,44,2.5,0,0,0,0,0,0,1,0,1
U3542,3,6.4,8,1,0,1,0,1,48,1.8,1,0,0,0,0,0,0,0,1
U3543,29,47.8,31,20,15,6,7,4,10,3.8,0,0,0,0,0,0,0,1,0
U3544,6,9.9,9,6,1,0,0,2,44,1.8,0,0,0,0,0,1,0,0,1
U3545,14,19.0,15,9,4,0,1,2,24,3.1,1,0,0,0,0,0,0,0,1
U3546,13,25.7,20,11,5,1,2,3,33,3.2,0,0,0,0,1,0,0,0,1
U3547,2,7.3,3,0,0,0,0,2,50,1.8,1,0,0,0,0,0,0,0,1
U3548,17,31.9,27,12,7,2,3,3,24,3.4,0,0,0,0,0,0,1,0,0
U3549,8,17.9,13,4,2,0,0,2,38,2.2,1,0,0,0,0,0,0,0,1
U3550,8,12.6,7,6,3,1,1,2,47,2.0,0,0,0,0,0,1,0,0,1
U3551,25,53.4,29,16,11,4,6,5,3,4.3,0,0,0,0,0,0,0,1,0
U3552,19,35.2,23,13,9,3,4,4,22,3.8,0,0,0,0,0,0,0,1,0
U3553,12,16.4,16,8,4,1,1,2,30,3.0,0,0,0,1,0,0,0,0,1
U3554,28,44.9,34,19,15,6,7,5,6,4.5,0,1,0,0,0,0,0,0,0
U3555,5,12.6,9,6,0,1,0,2,45,2.3,0,0,0,1,0,0,0,0,1
U3556,10,17.5,12,9,4,1,2,2,39,2.7,0,0,0,0,0,1,0,0,1
U3557,16,32.1,25,13,9,3,4,4,24,3.4,1,0,0,0,0,0,0,0,0
U3558,20,41.8,26,16,9,3,4,4,20,3.2,0,0,0,0,0,1,0,0,0
U3559,16,26.8,21,9,5,2,1,3,26,3.5,0,0,0,1,0,0,0,0,0
U3560,15,31.5,21,9,4,1,1,3,27,3.2,0,0,0,1,0,0,0,0,0
U3561,0,4.7,8,3,2,1,0,2,49,2.0,1,0,0,0,0,0,0,0,1
U3562,18,28.2,20,13,7,2,3,3,24,3.5,1,0,0,0,0,0,0,0,0
U3563,16,30.4,24,11,8,3,4,3,27,3.7,0,0,0,1,0,0,0,0,0
U3564,6,16.4,8,7,4,1,2,2,47,2.1,0,0,1,0,0,0,0,0,1
U3565,19,29.4,24,12,7,2,4,3,24,3.4,0,1,0,0,0,0,0,0,0
U3566,24,38.0,29,14,8,3,3,4,15,3.5,1,0,0,0,0,0,0,0,0
U3567,11,20.4,15,7,3,1,2,3,36,3.2,0,0,0,1,0,0,0,0,1
U3568,25,51.6,33,18,14,4,7,4,6,4.3,1,0,0,0,0,0,0,0,0
U3569,20,35.9,27,13,8,3,3,4,21,3.2,0,0,0,1,0,0,0,0,0
U3570,3,9.2,3,3,0,0,1,1,48,1.9,0,0,0,1,0,0,0,0,1
U3571,14,30.4,18,11,7,2,4,3,23,3.6,1,0,0,0,0,0,0,0,0
U3572,23,42.4,34,16,11,4,5,4,11,4.2,0,0,0,0,0,1,0,0,0
U3573,22,40.4,31,18,12,3,5,5,5,4.3,0,0,0,0,1,0,0,0,0
U3574,28,57.3,38,19,15,6,7,4,3,4.5,0,0,1,0,0,0,0,0,0
U3575,17,34.6,18,9,6,2,3,3,31,3.2,0,0,0,0,0,0,0,1,1
U3576,14,23.8,15,9,6,2,1,3,36,3.1,0,1,0,0,0,0,0,0,0
U3577,11,18.5,14,10,6,2,2,2,31,2.8,0,0,0,0,0,0,1,0,1
U3578,21,40.1,28,14,9,3,4,4,14,3.6,0,0,0,0,0,0,1,0,0
U3579,8,6.9,12,6,3,0,2,2,39,1.5,0,0,0,1,0,0,0,0,1
U3580,4,7.3,6,3,2,0,1,2,45,1.9,0,0,0,0,0,0,0,1,1
U3581,18,40.8,25,13,7,3,2,3,22,3.0,0,0,0,0,0,1,0,0,0
U3582,22,43.7,31,18,12,5,6,4,8,4.3,0,1,0,0,0,0,0,0,0
U3583,11,21.2,14,7,4,1,1,2,35,2.4,1,0,0,0,0,0,0,0,1
U3584,7,19.3,8,6,3,1,1,2,41,2.2,0,0,0,0,0,0,0,1,1
U3585,20,30.5,23,12,6,2,2,4,24,3.2,0,0,0,0,0,0,1,0,0
U3586,26,49.2,33,17,13,5,7,4,4,4.4,0,0,0,0,0,0,0,1,0
U3587,1,4.5,5,2,1,0,0,1,55,1.9,0,0,0,0,0,0,0,1,1
U3588,4,10.9,0,2,3,0,2,1,51,1.9,0,0,0,1,0,0,0,0,1
U3589,17,32.9,21,10,6,2,2,3,27,3.1,0,0,0,0,0,0,1,0,1
U3590,14,31.2,20,11,8,3,3,3,29,2.9,1,0,0,0,0,0,0,0,1
U3591,1,1.3,0,2,1,0,1,2,44,2.1,1,0,0,0,0,0,0,0,1
U3592,20,35.5,26,13,7,1,3,4,17,3.5,0,0,0,1,0,0,0,0,0
U3593,12,29.6,17,9,5,1,1,3,26,2.3,0,0,1,0,0,0,0,0,1
U3594,8,18.4,8,5,2,0,0,2,44,2.2,0,0,0,0,0,0,1,0,1
U3595,5,8.1,7,1,0,1,0,2,50,1.6,0,0,0,1,0,0,0,0,1
U3596,14,22.8,15,7,3,0,1,3,32,2.8,0,0,0,1,0,0,0,0,1
U3597,19,38.0,26,14,9,3,4,4,19,3.2,0,0,0,0,1,0,0,0,0
U3598,15,33.7,23,13,7,2,4,4,22,3.8,0,0,0,0,0,0,0,1,0
U3599,20,41.2,27,14,10,3,5,4,27,3.9,1,0,0,0,0,0,0,0,0
U3600,9,22.6,12,9,5,2,2,2,37,2.9,0,0,0,1,0,0,0,0,1
U3601,16,27.0,19,11,6,2,2,3,25,3.7,0,0,0,1,0,0,0,0,1
U3602,23,45.5,31,16,11,4,5,4,13,4.1,0,0,0,0,1,0,0,0,0
U3603,3,9.5,9,6,2,1,0,1,42,2.7,0,1,0,0,0,0,0,0,1
U3604,13,28.6,19,8,4,1,2,3,32,2.6,1,0,0,0,0,0,0,0,1
U3605,13,21.3,15,8,4,1,1,2,33,3.1,0,0,0,1,0,0,0,0,1
U3606,13,28.2,20,9,5,1,2,3,30,3.1,1,0,0,0,0,0,0,0,1
U3607,8,18.7,13,6,2,1,1,3,35,2.7,0,0,0,0,0,1,0,0,1
U3608,18,28.8,20,11,7,3,2,4,30,3.2,0,0,0,0,0,0,0,1,0
U3609,22,39.7,27,15,11,3,5,4,10,4.1,0,0,0,1,0,0,0,0,0
U3610,22,41.1,26,13,9,3,5,4,15,3.9,0,0,0,1,0,0,0,0,0
U3611,26,42.2,30,16,11,4,6,4,7,4.1,0,0,0,1,0,0,0,0,0
U3612,18,35.2,25,12,8,2,3,4,17,3.6,0,0,0,0,0,1,0,0,0
U3613,12,23.8,20,10,4,1,1,3,30,3.4,0,1,0,0,0,0,0,0,1
U3614,15,29.3,20,11,6,2,3,3,27,3.0,1,0,0,0,0,0,0,0,1
U3615,27,51.3,37,18,12,5,6,4,5,4.8,0,0,0,0,0,0,0,1,0
U3616,7,9.6,10,5,2,1,0,2,42,2.1,0,0,0,0,1,0,0,0,1
U3617,12,14.2,11,6,2,1,0,2,46,2.6,0,0,0,0,0,0,0,1,1
U3618,16,25.9,16,11,5,1,2,3,26,3.1,0,0,0,0,0,1,0,0,1
U3619,10,19.2,15,7,3,1,1,2,34,2.8,0,0,0,0,1,0,0,0,1
U3620,14,22.6,18,8,6,1,2,3,31,3.2,1,0,0,0,0,0,0,0,0
U3621,10,21.1,10,7,3,1,0,2,34,2.7,0,0,0,0,0,0,0,1,1
U3622,13,23.7,14,9,6,2,3,3,36,3.0,0,0,0,0,0,1,0,0,1
U3623,8,8.4,7,4,2,0,0,2,41,2.1,0,0,0,0,0,0,1,0,1
U3624,13,26.1,15,8,5,1,2,3,34,3.2,0,0,0,0,0,0,0,1,1
U3625,13,25.3,20,10,6,2,3,3,28,3.0,0,0,0,0,0,1,0,0,0
U3626,10,22.9,17,9,6,1,4,3,31,3.2,0,0,0,0,0,0,1,0,1
U3627,9,15.9,10,6,3,1,1,2,40,2.4,0,0,0,0,0,0,0,1,1
U3628,13,21.5,10,7,2,1,1,3,37,2.5,1,0,0,0,0,0,0,0,1
U3629,10,26.0,16,8,4,1,1,3,34,3.0,0,0,0,0,0,0,1,0,1
U3630,11,21.9,13,7,3,0,0,3,33,2.3,0,1,0,0,0,0,0,0,1
U3631,22,48.5,32,15,9,3,3,5,14,4.3,0,1,0,0,0,0,0,0,0
U3632,19,39.2,27,14,9,2,4,4,14,3.7,0,0,0,0,0,0,1,0,1
U3633,8,11.8,9,4,0,0,0,2,44,2.3,0,0,0,1,0,0,0,0,1
U3634,15,24.9,18,10,5,1,2,3,28,3.1,0,0,0,0,0,0,1,0,1
U3635,8,17.5,9,8,2,0,1,2,38,2.4,0,0,0,1,0,0,0,0,1
U3636,21,40.5,26,13,8,3,4,4,14,3.9,0,0,0,0,1,0,0,0,0
U3637,8,15.0,10,5,3,1,1,2,39,2.1,0,0,0,1,0,0,0,0,1
U3638,16,29.9,22,13,7,2,3,3,19,3.3,0,0,0,0,0,0,0,1,0
U3639,15,31.6,20,10,5,1,2,3,27,3.4,1,0,0,0,0,0,0,0,0
U3640,19,34.1,24,11,6,1,2,3,21,3.1,0,0,0,0,0,0,0,1,0
U3641,19,40.2,26,12,8,2,3,4,16,3.7,0,1,0,0,0,0,0,0,0
U3642,15,26.1,17,9,5,1,2,3,32,3.2,0,0,0,0,0,1,0,0,1
U3643,15,26.0,21,12,7,2,4,3,32,3.0,0,0,0,0,0,0,1,0,0
U3644,18,35.7,22,13,7,2,4,3,21,3.9,1,0,0,0,0,0,0,0,0
U3645,21,36.6,25,13,8,3,3,4,21,3.7,0,0,0,0,0,0,0,1,0
U3646,19,33.6,29,13,9,3,5,4,14,4.2,1,0,0,0,0,0,0,0,0
U3647,10,13.2,10,6,2,0,1,2,38,2.4,0,0,0,0,0,0,0,1,1
U3648,18,31.5,21,12,7,3,3,3,27,3.1,0,0,0,0,1,0,0,0,0
U3649,7,13.5,10,4,1,1,0,2,38,2.5,0,0,0,0,1,0,0,0,1
U3650,21,38.5,29,14,8,3,3,4,17,3.8,0,1,0,0,0,0,0,0,0
U3651,7,9.8,11,6,4,2,1,1,36,2.5,1,0,0,0,0,0,0,0,1
U3652,22,39.6,30,14,10,3,4,4,16,3.7,0,0,0,0,0,1,0,0,0
U3653,15,23.3,16,9,5,1,1,3,32,2.9,0,0,0,0,0,0,0,1,0
U3654,19,39.4,26,13,8,2,4,4,19,3.5,0,0,0,1,0,0,0,0,0
U3655,25,45.3,31,17,13,5,7,4,13,4.5,0,0,0,0,0,1,0,0,0
U3656,16,32.9,20,11,6,2,1,3,31,3.3,0,1,0,0,0,0,0,0,1
U3657,13,18.4,19,9,5,1,2,3,31,2.5,0,1,0,0,0,0,0,0,1
U3658,20,30.3,22,12,7,2,3,3,29,3.2,0,0,0,0,0,0,1,0,0
U3659,18,34.9,23,12,7,2,3,3,21,3.5,0,1,0,0,0,0,0,0,0
U3660,11,28.3,18,9,5,1,1,2,27,3.3,0,0,0,1,0,0,0,0,1
U3661,22,46.2,27,15,12,5,6,4,8,4.0,0,0,0,1,0,0,0,0,0
U3662,22,35.4,30,14,8,3,4,4,20,4.0,0,1,0,0,0,0,0,0,0
U3663,6,11.3,9,6,4,1,1,2,42,2.7,1,0,0,0,0,0,0,0,1
U3664,21,33.6,31,15,11,4,5,4,13,3.5,0,0,0,0,0,1,0,0,0
U3665,5,4.6,1,1,0,0,0,1,53,1.8,0,0,0,0,0,1,0,0,1
U3666,10,21.8,11,6,3,1,0,2,32,2.4,0,0,0,0,0,0,0,1,1
U3667,17,33.0,22,9,5,2,2,3,30,3.8,1,0,0,0,0,0,0,0,1
U3668,2,13.4,8,7,3,0,0,2,40,2.3,0,0,0,1,0,0,0,0,1
U3669,16,29.5,18,13,8,3,3,3,29,3.0,1,0,0,0,0,0,0,0,0
U3670,21,36.9,25,15,10,3,5,4,19,3.5,0,0,0,0,1,0,0,0,0
U3671,23,30.7,27,13,9,3,4,4,17,3.6,0,0,0,0,0,0,1,0,0
U3672,12,29.6,21,13,7,2,3,3,33,2.8,1,0,0,0,0,0,0,0,0
U3673,17,33.0,25,10,4,2,1,3,26,3.2,1,0,0,0,0,0,0,0,1
U3674,26,43.1,32,17,11,4,6,4,8,4.1,0,0,1,0,0,0,0,0,0
U3675,11,17.8,9,4,3,1,1,2,40,2.6,1,0,0,0,0,0,0,0,1
U3676,21,38.7,26,11,7,2,3,4,10,3.5,0,0,0,0,1,0,0,0,0
U3677,12,27.9,20,9,5,1,2,3,30,3.0,0,0,1,0,0,0,0,0,1
U3678,20,34.4,25,12,8,3,3,3,24,3.3,0,1,0,0,0,0,0,0,0
U3679,25,47.4,33,17,13,5,6,4,7,3.9,0,0,0,0,0,0,0,1,0
U3680,8,15.4,9,7,4,1,1,1,40,2.3,0,0,0,0,0,0,1,0,1
U3681,14,21.0,18,8,3,1,1,3,31,2.7,0,0,0,0,0,0,0,1,1
U3682,18,30.4,24,11,7,2,2,3,22,2.9,0,1,0,0,0,0,0,0,1
U3683,7,12.0,8,3,2,0,1,2,46,2.0,0,0,0,0,0,0,0,1,1
U3684,8,3.8,1,4,3,1,2,1,49,2.3,0,1,0,0,0,0,0,0,1
U3685,22,38.3,26,16,8,3,3,4,11,3.7,1,0,0,0,0,0,0,0,0
U3686,14,21.3,17,9,7,2,2,2,36,3.0,0,0,0,0,0,0,0,1,1
U3687,23,46.5,30,16,12,4,6,4,12,3.8,0,0,0,1,0,0,0,0,0
U3688,19,39.8,26,11,7,2,4,3,22,3.7,1,0,0,0,0,0,0,0,0
U3689,9,19.8,10,6,2,1,1,3,38,2.1,0,0,1,0,0,0,0,0,1
U3690,11,18.5,12,7,3,0,1,3,43,2.8,1,0,0,0,0,0,0,0,1
U3691,12,20.9,13,8,4,1,1,3,37,3.0,0,0,0,0,1,0,0,0,1
U3692,9,17.6,14,5,4,1,0,2,34,2.5,0,1,0,0,0,0,0,0,1
U3693,16,26.3,18,9,6,2,2,3,20,3.6,1,0,0,0,0,0,0,0,0
U3694,2,11.2,3,1,1,0,1,1,52,2.0,1,0,0,0,0,0,0,0,1
U3695,20,32.5,22,13,9,3,4,4,19,4.2,0,0,0,1,0,0,0,0,0
U3696,25,44.9,32,16,12,4,6,4,7,4.5,0,0,0,0,0,0,0,1,0
U3697,18,36.0,29,12,7,2,3,3,18,3.4,0,0,0,0,1,0,0,0,0
U3698,16,32.3,26,9,5,2,1,3,17,3.2,0,0,0,0,0,1,0,0,1
U3699,5,14.0,10,7,4,1,2,1,43,2.4,1,0,0,0,0,0,0,0,1
U3700,14,25.6,20,10,6,2,2,3,27,2.7,1,0,0,0,0,0,0,0,1
U3701,16,25.0,20,10,5,1,2,3,23,3.3,1,0,0,0,0,0,0,0,0
U3702,16,28.9,21,12,6,2,3,3,26,2.5,0,0,0,0,0,0,1,0,0
U3703,20,36.8,26,15,10,4,4,4,22,3.9,1,0,0,0,0,0,0,0,0
U3704,17,29.5,21,11,6,2,2,3,24,3.2,1,0,0,0,0,0,0,0,0
U3705,26,45.0,33,17,12,4,6,4,13,4.1,0,0,0,0,0,0,1,0,0
U3706,26,47.7,32,19,14,5,7,4,7,4.3,1,0,0,0,0,0,0,0,0
U3707,25,37.9,34,16,11,4,6,4,17,3.8,1,0,0,0,0,0,0,0,0
U3708,9,22.8,16,7,2,1,0,2,36,2.3,0,1,0,0,0,0,0,0,1
U3709,12,22.6,11,5,2,0,0,2,34,2.6,0,0,0,1,0,0,0,0,1
U3710,25,49.9,32,13,10,4,5,4,16,4.1,1,0,0,0,0,0,0,0,0
U3711,16,27.4,20,12,8,3,3,4,27,3.1,0,0,0,0,0,1,0,0,0
U3712,8,13.0,9,4,2,0,0,1,48,2.7,0,0,0,0,0,1,0,0,1
U3713,5,7.2,6,3,1,0,0,2,48,2.0,0,0,0,1,0,0,0,0,1
U3714,17,31.9,19,13,7,2,3,3,22,3.3,0,0,0,0,0,1,0,0,0
U3715,9,12.3,9,4,2,1,1,2,43,2.4,0,1,0,0,0,0,0,0,1
U3716,7,20.1,11,4,2,1,1,2,44,2.2,0,0,1,0,0,0,0,0,1
U3717,16,25.5,18,10,4,1,0,3,27,3.0,0,0,0,1,0,0,0,0,1
U3718,16,24.4,18,11,5,1,2,3,29,2.7,0,0,0,0,0,0,1,0,1
U3719,24,42.5,30,16,9,3,4,5,12,4.3,0,1,0,0,0,0,0,0,0
U3720,20,39.7,28,14,9,3,4,3,14,3.5,0,0,0,1,0,0,0,0,0
U3721,16,29.7,21,10,7,2,3,3,25,3.7,0,0,0,0,0,0,1,0,0
U3722,9,18.4,8,6,3,1,1,3,36,2.2,0,0,0,1,0,0,0,0,1
U3723,22,47.2,29,16,10,4,5,4,17,4.3,0,0,0,0,0,0,1,0,0
U3724,25,38.7,24,15,9,3,3,4,10,4.2,1,0,0,0,0,0,0,0,0
U3725,26,51.6,32,18,13,4,7,5,3,4.5,0,0,0,0,0,0,0,1,0
U3726,20,34.9,26,15,10,3,4,4,17,3.2,0,1,0,0,0,0,0,0,0
U3727,12,19.9,15,7,4,1,2,3,35,2.8,0,0,0,0,1,0,0,0,0
U3728,8,20.9,13,5,3,1,2,2,40,2.7,0,0,0,0,0,1,0,0,1
U3729,19,32.6,23,13,7,2,3,4,28,3.1,0,0,0,0,0,0,0,1,1
U3730,19,34.0,24,13,8,3,4,4,22,3.6,0,0,0,1,0,0,0,0,0
U3731,4,5.2,6,2,0,0,0,1,50,1.6,0,0,0,0,0,1,0,0,1
U3732,14,21.6,21,10,5,2,3,3,27,3.1,0,0,0,0,0,0,1,0,1
U3733,2,5.4,6,2,0,0,0,1,50,2.3,0,0,0,0,0,0,1,0,1
U3734,15,23.0,17,9,4,1,2,3,31,3.0,0,0,0,0,0,0,0,1,0
U3735,24,42.4,28,13,8,3,3,4,10,3.7,0,0,0,0,1,0,0,0,0
U3736,22,41.4,22,14,6,2,2,4,19,4.0,0,1,0,0,0,0,0,0,0
U3737,2,3.1,1,3,1,0,1,1,52,1.8,0,0,0,0,1,0,0,0,1
U3738,18,31.4,22,13,8,2,3,3,22,3.4,0,0,0,0,0,0,0,1,0
U3739,7,12.9,6,5,2,0,0,2,39,2.2,0,0,0,0,0,0,1,0,1
U3740,8,17.3,8,2,0,0,0,2,42,2.0,0,0,1,0,0,0,0,0,1
U3741,24,40.2,26,15,8,3,3,4,16,3.9,0,0,0,1,0,0,0,0,0
U3742,12,20.9,17,8,4,1,1,3,35,3.0,0,0,0,0,0,0,1,0,1
U3743,6,4.2,4,3,0,1,0,2,42,2.0,0,0,0,0,0,0,0,1,1
U3744,12,25.0,18,10,5,1,2,3,33,3.1,0,0,1,0,0,0,0,0,1
U3745,19,30.9,17,11,5,1,2,3,28,2.6,0,0,0,0,0,0,0,1,0
U3746,5,12.5,3,5,1,0,1,2,41,2.0,0,1,0,0,0,0,0,0,1
U3747,10,29.7,17,10,6,2,2,3,30,2.8,0,0,0,0,0,0,0,1,0
U3748,13,28.6,21,11,7,2,2,3,25,3.3,0,0,0,0,1,0,0,0,0
U3749,22,37.8,30,14,9,2,5,4,16,3.5,0,0,0,0,0,0,0,1,0
U3750,24,46.8,32,18,14,5,7,4,3,3.8,1,0,0,0,0,0,0,0,0
U3751,13,26.6,16,7,4,0,1,2,30,2.8,0,0,0,0,0,0,0,1,1
U3752,15,31.3,21,11,6,2,3,3,21,3.3,0,0,0,1,0,0,0,0,0
U3753,12,22.5,13,5,4,1,1,3,33,3.0,0,0,0,0,0,0,1,0,1
U3754,17,28.5,13,11,8,2,4,3,28,3.4,0,1,0,0,0,0,0,0,0
U3755,23,38.9,27,16,10,3,6,4,12,4.1,0,1,0,0,0,0,0,0,0
U3756,22,45.0,30,14,10,3,5,4,20,3.4,0,0,0,0,0,0,0,1,0
U3757,22,38.8,21,12,8,3,4,3,25,4.0,1,0,0,0,0,0,0,0,0
U3758,23,45.9,29,17,13,5,7,4,12,4.3,0,1,0,0,0,0,0,0,0
U3759,14,25.3,17,9,4,1,2,3,25,3.1,0,0,0,0,0,1,0,0,1
U3760,6,15.6,11,6,4,1,1,3,38,1.6,0,0,1,0,0,0,0,0,1
U3761,13,21.0,17,9,4,1,1,2,32,2.9,0,0,1,0,0,0,0,0,1
U3762,18,25.3,20,10,5,1,1,3,26,3.0,0,0,1,0,0,0,0,0,1
U3763,17,34.6,20,12,6,2,2,3,21,3.3,0,0,1,0,0,0,0,0,0
U3764,8,17.9,9,7,3,0,1,2,37,2.4,0,0,0,0,0,1,0,0,1
U3765,14,28.5,19,12,6,2,2,2,22,3.3,0,0,0,0,0,0,1,0,1
U3766,13,21.1,16,8,3,0,0,3,38,2.6,0,1,0,0,0,0,0,0,1
U3767,20,40.7,29,12,8,2,3,4,18,3.8,0,0,0,1,0,0,0,0,0
U3768,17,34.6,17,11,6,2,2,3,31,3.5,0,0,0,1,0,0,0,0,1
U3769,0,3.7,5,1,2,0,0,1,56,1.5,0,0,0,0,0,0,1,0,1
U3770,14,24.5,18,9,5,1,2,2,31,2.9,0,0,0,1,0,0,0,0,0
U3771,13,26.0,14,10,4,1,2,2,30,2.5,0,0,0,1,0,0,0,0,1
U3772,27,52.0,34,20,15,6,8,5,0,4.7,0,0,0,0,0,1,0,0,0
U3773,22,38.3,27,14,9,3,3,4,19,3.6,0,0,0,0,0,1,0,0,0
U3774,14,30.0,18,10,6,2,2,3,29,2.9,0,0,0,1,0,0,0,0,1
U3775,23,41.6,29,13,9,3,5,4,19,4.1,0,0,0,1,0,0,0,0,0
U3776,10,11.7,12,7,2,0,1,2,38,2.5,0,0,0,0,1,0,0,0,1
U3777,8,19.6,13,7,4,2,1,2,35,2.3,0,0,0,0,0,0,1,0,0
U3778,18,30.7,20,11,7,2,3,3,25,3.3,0,0,0,0,0,0,1,0,0
U3779,24,46.5,33,17,12,4,6,5,10,4.3,0,0,0,0,0,0,1,0,0
U3780,8,5.8,11,2,2,0,1,2,36,2.1,1,0,0,0,0,0,0,0,1
U3781,21,42.5,23,15,9,3,4,4,18,4.1,0,0,0,0,0,0,0,1,0
U3782,19,42.9,28,11,8,2,3,3,19,3.7,0,1,0,0,0,0,0,0,0
U3783,11,15.0,10,5,1,0,1,2,39,2.8,1,0,0,0,0,0,0,0,1
U3784,28,45.8,31,18,15,6,8,4,12,4.0,0,0,0,0,0,0,1,0,0
U3785,20,30.9,24,12,6,3,3,3,17,3.9,0,1,0,0,0,0,0,0,0
U3786,17,30.0,23,14,7,2,3,3,19,3.2,0,1,0,0,0,0,0,0,0
U3787,18,28.7,22,11,8,2,3,4,27,3.3,0,0,0,0,0,0,1,0,0
U3788,22,33.4,27,12,6,1,2,4,17,3.6,0,0,0,0,0,0,1,0,1
U3789,10,16.3,10,6,2,1,0,2,37,2.6,0,0,0,1,0,0,0,0,1
U3790,18,28.2,21,14,8,2,3,4,20,3.7,0,0,0,0,0,0,0,1,0
U3791,24,39.9,29,16,11,4,6,4,6,4.1,0,0,0,0,1,0,0,0,0
U3792,9,19.0,15,8,4,1,1,3,41,3.0,1,0,0,0,0,0,0,0,1
U3793,18,34.7,26,12,7,2,4,3,23,4.1,1,0,0,0,0,0,0,0,0
U3794,13,22.2,12,7,4,1,1,3,29,2.4,0,0,0,0,0,0,1,0,1
U3795,15,27.8,19,10,7,2,3,3,25,3.5,0,0,0,0,0,0,0,1,1
U3796,8,14.4,8,4,1,1,1,2,35,2.4,0,1,0,0,0,0,0,0,1
U3797,8,21.3,19,5,1,1,0,2,38,2.9,0,0,0,0,0,0,0,1,1
U3798,13,21.6,16,8,4,1,1,3,34,2.6,0,0,0,0,0,1,0,0,1
U3799,13,30.3,15,12,7,2,3,3,24,3.4,0,0,0,0,0,0,1,0,0
U3800,8,15.4,9,6,3,1,0,2,37,2.3,0,0,0,0,0,0,0,1,1
U3801,18,29.0,19,11,7,2,2,4,28,3.6,1,0,0,0,0,0,0,0,0
U3802,8,11.9,11,3,3,0,1,3,39,2.4,0,1,0,0,0,0,0,0,1
U3803,17,26.5,18,11,7,2,2,3,22,3.3,0,0,0,1,0,0,0,0,0
U3804,19,32.4,22,13,8,2,3,3,22,3.6,0,0,0,0,0,1,0,0,0
U3805,9,13.0,12,7,3,1,1,2,37,2.8,0,0,0,0,0,0,0,1,1
U3806,25,38.9,29,15,10,3,4,5,17,3.9,0,0,0,0,0,0,1,0,0
U3807,15,27.7,16,10,6,2,2,3,33,3.1,0,0,0,0,1,0,0,0,1
U3808,14,26.5,17,11,5,2,3,3,30,3.0,0,0,0,0,0,0,1,0,1
U3809,22,38.9,25,14,10,3,4,4,12,3.5,0,1,0,0,0,0,0,0,0
U3810,20,34.2,26,13,7,2,3,4,23,3.7,1,0,0,0,0,0,0,0,0
U3811,18,30.7,17,11,6,2,3,3,24,3.4,1,0,0,0,0,0,0,0,0
U3812,5,8.7,6,1,0,0,0,2,47,1.6,1,0,0,0,0,0,0,0,1
U3813,15,29.5,26,13,7,3,3,4,18,3.3,0,1,0,0,0,0,0,0,0
U3814,3,7.8,4,4,3,0,1,2,47,2.0,0,1,0,0,0,0,0,0,1
U3815,7,12.9,7,5,2,1,0,2,38,2.3,0,0,0,0,0,0,1,0,1
U3816,9,12.0,7,3,1,0,0,2,45,2.3,1,0,0,0,0,0,0,0,1
U3817,23,35.6,24,13,8,2,3,4,22,3.5,0,0,0,1,0,0,0,0,0
U3818,13,17.9,16,8,4,0,2,3,32,2.6,1,0,0,0,0,0,0,0,1
U3819,18,39.5,25,13,8,2,4,4,20,3.7,0,1,0,0,0,0,0,0,0
U3820,8,13.5,11,5,2,0,1,2,41,1.5,1,0,0,0,0,0,0,0,1
U3821,10,21.5,15,6,2,1,0,3,38,2.9,0,0,0,0,0,0,1,0,1
U3822,7,16.3,8,5,1,0,1,2,33,2.6,0,0,0,1,0,0,0,0,1
U3823,21,38.7,28,18,13,4,6,4,10,4.1,0,0,0,0,0,0,0,1,0
U3824,10,12.4,11,5,1,0,0,2,37,2.5,0,0,0,0,0,1,0,0,1
U3825,8,20.3,13,8,4,1,1,3,37,2.9,0,0,0,0,1,0,0,0,1
U3826,21,43.4,25,15,11,4,5,4,14,4.1,0,0,0,0,0,0,0,1,0
U3827,17,31.7,19,10,5,1,2,3,19,2.9,0,0,0,0,0,0,1,0,0
U3828,16,32.2,21,9,5,1,2,3,27,3.1,0,0,0,0,0,0,1,0,0
U3829,9,14.1,15,7,3,1,1,2,42,2.6,0,1,0,0,0,0,0,0,1
U3830,19,32.7,22,13,7,2,3,3,17,3.5,0,0,0,0,0,0,1,0,0
U3831,10,19.7,16,6,2,1,0,2,34,2.9,0,0,0,0,0,0,1,0,1
U3832,20,35.4,22,13,7,2,3,3,26,3.5,0,0,0,1,0,0,0,0,0
U3833,20,40.2,28,13,8,3,4,4,18,3.8,0,0,0,1,0,0,0,0,0
U3834,18,36.4,23,13,8,2,4,3,25,3.6,0,0,1,0,0,0,0,0,0
U3835,27,45.2,33,18,13,4,6,5,7,4.2,0,0,1,0,0,0,0,0,0
U3836,21,32.4,30,14,8,3,3,3,17,3.9,0,0,0,0,0,0,1,0,0
U3837,16,31.3,25,9,6,2,3,3,32,3.6,0,0,0,1,0,0,0,0,1
U3838,24,47.9,33,20,14,5,6,5,8,4.6,0,0,0,0,0,1,0,0,0
U3839,3,10.3,3,1,0,0,0,2,48,2.1,0,0,0,0,0,0,1,0,1
U3840,14,24.4,18,10,5,1,1,3,31,3.0,0,0,0,0,0,0,0,1,1
U3841,18,38.4,23,11,6,2,2,4,19,3.3,1,0,0,0,0,0,0,0,0
U3842,21,38.4,27,13,7,2,3,3,18,3.7,0,0,1,0,0,0,0,0,0
U3843,1,2.2,0,1,0,0,1,1,53,1.7,0,1,0,0,0,0,0,0,1
U3844,10,21.5,14,8,4,1,2,3,39,3.0,0,0,0,1,0,0,0,0,1
U3845,17,32.9,22,13,9,3,4,4,19,3.3,0,0,0,1,0,0,0,0,0
U3846,21,29.1,21,11,7,2,3,3,20,3.7,1,0,0,0,0,0,0,0,0
U3847,25,40.2,26,14,10,4,5,4,15,4.0,1,0,0,0,0,0,0,0,0
U3848,13,22.2,16,6,3,0,1,2,24,3.0,0,0,0,0,1,0,0,0,0
U3849,27,45.9,33,17,11,4,6,4,9,4.1,0,0,0,0,0,0,1,0,0
U3850,13,22.1,14,9,4,1,1,3,27,2.9,1,0,0,0,0,0,0,0,1
U3851,23,39.2,28,15,10,3,5,4,22,4.0,0,0,0,0,0,0,1,0,0
U3852,8,17.0,13,6,4,1,1,3,39,2.9,1,0,0,0,0,0,0,0,1
U3853,28,49.9,38,19,14,5,7,5,3,3.9,0,0,0,0,0,0,1,0,0
U3854,16,30.2,19,9,4,1,1,3,29,3.0,0,0,0,0,0,0,0,1,1
U3855,23,46.7,30,16,12,5,5,4,9,3.7,0,0,1,0,0,0,0,0,0
U3856,17,24.7,20,10,6,2,3,3,23,3.1,0,0,0,1,0,0,0,0,0
U3857,25,47.0,34,16,12,5,7,5,4,4.4,0,0,0,0,0,1,0,0,0
U3858,9,14.5,11,5,3,0,1,2,38,2.6,1,0,0,0,0,0,0,0,1
U3859,20,35.8,28,15,8,3,3,4,18,4.0,0,0,1,0,0,0,0,0,0
U3860,28,55.5,33,19,13,5,6,4,10,4.4,0,0,0,0,0,0,0,1,0
U3861,15,28.7,23,12,7,2,3,3,21,2.8,0,1,0,0,0,0,0,0,0
U3862,17,32.2,22,12,6,2,2,3,19,3.5,1,0,0,0,0,0,0,0,0
U3863,15,29.5,15,6,4,1,2,2,37,3.2,0,0,0,0,0,0,1,0,1
U3864,0,8.9,3,0,0,0,0,1,49,2.1,0,0,0,0,0,1,0,0,1
U3865,3,6.5,4,3,2,1,1,2,46,2.1,1,0,0,0,0,0,0,0,1
U3866,22,42.7,29,13,8,3,4,4,12,3.8,1,0,0,0,0,0,0,0,0
U3867,14,24.0,14,10,6,2,2,3,28,3.3,0,0,0,1,0,0,0,0,1
U3868,9,16.5,11,5,2,1,0,2,38,2.5,0,0,0,0,1,0,0,0,1
U3869,28,52.0,38,19,13,5,7,5,4,4.3,0,0,1,0,0,0,0,0,0
U3870,7,2.3,7,6,2,0,0,1,42,1.9,0,0,0,0,0,1,0,0,1
U3871,13,17.5,15,9,5,1,2,3,32,2.9,1,0,0,0,0,0,0,0,1
U3872,1,0.0,1,1,0,0,0,1,58,1.4,0,0,0,0,1,0,0,0,1
U3873,4,13.6,9,5,3,0,1,2,38,2.1,1,0,0,0,0,0,0,0,1
U3874,27,49.6,32,17,14,6,8,5,10,4.1,0,0,0,0,1,0,0,0,0
U3875,13,26.9,15,10,5,1,2,2,38,3.0,0,0,0,1,0,0,0,0,1
U3876,21,36.6,27,15,10,3,4,4,15,3.7,0,0,0,0,0,1,0,0,0
U3877,19,44.8,28,14,9,3,4,4,20,4.0,1,0,0,0,0,0,0,0,0
U3878,10,24.0,15,8,4,2,1,2,30,2.6,1,0,0,0,0,0,0,0,1
U3879,6,9.2,6,4,2,1,1,2,45,1.5,0,0,0,1,0,0,0,0,1
U3880,15,22.7,19,8,3,1,1,3,33,2.9,1,0,0,0,0,0,0,0,1
U3881,20,34.7,25,14,10,3,5,4,14,3.4,0,0,0,1,0,0,0,0,0
U3882,18,35.1,24,12,8,2,3,3,24,3.7,0,0,0,0,0,1,0,0,0
U3883,29,56.5,37,19,14,5,7,5,12,4.3,0,0,0,0,0,0,1,0,0
U3884,26,50.7,32,17,14,6,8,5,2,4.7,0,0,0,1,0,0,0,0,0
U3885,19,33.7,27,12,9,4,5,4,19,4.1,1,0,0,0,0,0,0,0,0
U3886,13,29.7,15,7,2,0,1,3,34,2.7,0,1,0,0,0,0,0,0,1
U3887,11,15.4,14,9,5,1,1,3,43,2.7,0,0,0,0,0,1,0,0,1
U3888,29,52.6,32,20,16,6,9,5,3,4.1,0,0,0,1,0,0,0,0,0
U3889,9,22.0,13,5,3,1,2,3,33,2.6,0,0,0,1,0,0,0,0,1
U3890,19,35.8,22,11,8,2,4,4,21,3.6,1,0,0,0,0,0,0,0,0
U3891,25,42.9,28,14,9,3,3,4,15,3.7,0,0,0,0,0,0,0,1,0
U3892,8,15.2,11,8,4,1,1,2,43,2.6,0,0,0,0,0,0,1,0,1
U3893,21,33.4,23,13,6,2,2,4,20,3.8,0,0,0,1,0,0,0,0,0
U3894,14,21.0,16,11,5,2,2,3,31,2.9,0,0,0,0,0,1,0,0,1
U3895,12,18.5,10,7,4,1,2,3,37,2.6,0,0,0,0,1,0,0,0,1
U3896,8,18.0,10,5,2,1,0,2,40,2.1,0,0,0,0,0,1,0,0,1
U3897,17,33.3,21,12,7,2,3,3,23,2.7,0,0,0,0,0,0,0,1,0
U3898,8,13.0,15,6,2,1,0,2,35,2.4,0,0,1,0,0,0,0,0,1
U3899,12,18.1,14,7,3,1,1,2,36,2.2,0,0,0,1,0,0,0,0,1
U3900,8,18.9,15,7,4,1,1,3,36,2.4,0,0,0,0,0,0,1,0,1
U3901,13,26.9,18,12,6,1,3,3,27,3.0,0,0,0,0,0,0,0,1,0
U3902,28,43.3,40,17,11,4,6,5,4,4.0,0,0,0,0,1,0,0,0,0
U3903,11,21.2,15,6,2,1,0,2,37,2.4,0,0,0,0,0,0,0,1,1
U3904,16,22.7,14,9,6,2,2,4,38,3.1,0,0,0,0,0,0,0,1,1
U3905,22,45.7,32,17,13,5,6,4,14,4.2,0,0,0,1,0,0,0,0,0
U3906,9,23.0,16,8,4,1,1,3,35,2.5,1,0,0,0,0,0,0,0,1
U3907,10,11.5,8,6,3,1,0,2,39,2.0,0,0,0,0,1,0,0,0,1
U3908,13,24.9,17,7,3,1,1,3,31,2.8,0,0,0,0,1,0,0,0,1
U3909,16,32.2,22,10,7,2,3,4,21,3.4,0,0,0,0,0,0,1,0,0
U3910,12,16.7,12,7,3,0,1,3,37,2.6,0,0,0,1,0,0,0,0,1
U3911,19,31.8,27,13,7,2,3,4,15,3.8,0,0,0,1,0,0,0,0,0
U3912,23,33.6,23,12,6,2,2,4,18,3.4,1,0,0,0,0,0,0,0,0
U3913,18,29.4,21,13,6,1,3,3,27,3.0,1,0,0,0,0,0,0,0,0
U3914,1,3.5,1,2,0,0,0,1,53,1.7,0,0,0,0,0,0,0,1,1
U3915,15,24.1,15,9,6,1,3,4,32,2.9,1,0,0,0,0,0,0,0,0
U3916,27,47.0,31,20,16,6,7,4,13,4.2,1,0,0,0,0,0,0,0,0
U3917,15,30.7,18,10,6,0,1,3,26,3.5,0,1,0,0,0,0,0,0,0
U3918,8,11.5,9,5,1,0,0,2,35,2.2,0,0,0,1,0,0,0,0,1
U3919,5,8.3,6,3,0,0,1,2,47,2.1,0,0,0,0,0,0,0,1,1
U3920,12,20.1,11,8,3,0,2,3,34,2.9,0,1,0,0,0,0,0,0,1
U3921,13,20.9,17,7,3,1,2,3,36,2.8,0,0,1,0,0,0,0,0,1
U3922,5,9.1,11,6,2,0,0,2,39,2.3,0,0,1,0,0,0,0,0,1
U3923,12,15.4,13,8,4,1,2,2,34,2.7,1,0,0,0,0,0,0,0,1
U3924,12,23.1,18,10,5,1,1,2,34,2.9,0,0,1,0,0,0,0,0,1
U3925,14,24.5,16,8,5,2,1,2,34,3.4,1,0,0,0,0,0,0,0,1
U3926,18,34.4,28,12,8,2,3,4,17,3.6,0,0,0,1,0,0,0,0,1
U3927,5,6.3,8,4,3,0,1,1,49,1.8,0,0,0,0,0,1,0,0,1
U3928,4,5.5,4,4,1,0,0,1,51,2.0,0,0,0,0,0,0,1,0,1
U3929,16,30.2,23,10,6,2,2,3,24,3.8,1,0,0,0,0,0,0,0,0
U3930,24,42.2,35,13,8,3,4,4,15,4.0,0,0,0,0,0,1,0,0,0
U3931,23,46.1,30,15,10,3,4,4,14,3.2,0,0,0,0,0,0,1,0,0
U3932,12,23.6,20,10,5,2,2,3,26,2.9,0,0,1,0,0,0,0,0,0
U3933,14,19.3,19,10,6,2,1,3,26,2.9,0,0,0,0,1,0,0,0,0
U3934,17,31.9,19,9,6,2,2,3,26,3.2,0,0,1,0,0,0,0,0,0
U3935,18,31.2,22,14,10,3,4,4,22,4.0,0,0,0,1,0,0,0,0,0
U3936,12,19.8,17,11,6,1,2,3,30,3.0,0,0,0,0,0,0,1,0,1
U3937,26,46.3,32,17,12,4,6,4,3,4.2,0,0,1,0,0,0,0,0,0
U3938,10,23.9,17,9,5,1,2,3,24,3.0,1,0,0,0,0,0,0,0,0
U3939,6,10.2,8,2,2,0,1,1,47,1.9,0,0,0,0,0,1,0,0,1
U3940,15,26.3,21,10,5,1,2,3,23,3.1,1,0,0,0,0,0,0,0,0
U3941,21,41.5,27,15,10,3,5,3,15,4.0,0,0,1,0,0,0,0,0,0
U3942,18,31.1,24,12,8,3,4,4,25,4.0,1,0,0,0,0,0,0,0,0
U3943,14,18.9,13,8,4,1,2,3,37,2.8,0,0,0,0,0,0,0,1,1
U3944,24,50.8,32,17,13,5,7,5,9,4.2,0,0,0,0,0,0,0,1,0
U3945,22,44.7,33,16,13,4,7,3,13,4.4,0,1,0,0,0,0,0,0,0
U3946,9,5.1,14,5,2,0,0,2,43,2.4,0,0,0,0,0,0,1,0,1
U3947,4,18.0,9,5,2,0,0,2,46,2.1,0,1,0,0,0,0,0,0,1
U3948,13,22.1,15,10,5,2,2,3,31,2.7,0,1,0,0,0,0,0,0,1
U3949,3,4.8,0,2,1,1,0,1,51,1.7,0,1,0,0,0,0,0,0,1
U3950,24,46.6,38,17,14,4,7,4,11,4.8,0,0,0,0,0,0,1,0,0
U3951,15,34.9,21,11,7,2,3,3,28,2.7,1,0,0,0,0,0,0,0,1
U3952,5,13.1,7,2,1,0,0,2,53,2.7,0,0,0,0,1,0,0,0,1
U3953,18,38.5,21,12,6,2,3,3,27,3.8,0,1,0,0,0,0,0,0,0
U3954,7,16.1,12,5,1,0,0,2,40,2.7,0,0,0,0,0,0,0,1,1
U3955,23,40.3,26,14,10,3,5,3,18,3.8,0,0,0,1,0,0,0,0,0
U3956,21,34.7,24,13,8,3,3,4,17,3.6,0,0,0,0,0,0,1,0,0
U3957,19,32.5,22,14,9,3,4,4,26,3.3,0,1,0,0,0,0,0,0,0
U3958,20,37.0,24,11,7,2,3,3,17,3.2,0,0,0,0,0,1,0,0,0
U3959,18,38.0,29,13,8,3,4,3,18,3.6,0,0,0,0,0,0,1,0,0
U3960,13,24.4,14,7,3,0,0,3,33,2.9,0,0,0,1,0,0,0,0,1
U3961,26,45.8,31,19,14,5,7,4,9,4.4,1,0,0,0,0,0,0,0,0
U3962,21,42.2,26,16,11,3,5,4,21,3.4,0,0,0,0,0,0,0,1,0
U3963,17,33.8,19,10,5,2,2,3,23,3.0,0,0,1,0,0,0,0,0,0
U3964,19,44.5,29,15,11,4,5,5,9,3.6,1,0,0,0,0,0,0,0,0
U3965,22,40.7,27,14,10,3,4,4,17,3.9,0,0,0,0,1,0,0,0,0
U3966,7,13.7,10,6,3,1,1,2,42,2.5,0,0,0,0,0,0,1,0,1
U3967,4,16.7,10,7,3,1,0,2,43,2.6,0,1,0,0,0,0,0,0,1
U3968,7,14.1,5,5,3,1,0,2,43,2.0,0,0,0,1,0,0,0,0,1
U3969,6,12.2,10,4,1,0,0,2,42,2.3,0,0,0,0,0,0,1,0,1
U3970,18,34.1,21,11,6,2,3,3,21,3.2,0,0,0,0,0,0,1,0,0
U3971,28,54.7,39,19,15,6,8,5,4,4.4,0,0,0,0,1,0,0,0,0
U3972,12,24.6,17,9,4,1,2,3,28,3.2,0,0,0,0,1,0,0,0,1
U3973,13,30.9,18,11,6,2,2,3,32,3.8,0,1,0,0,0,0,0,0,0
U3974,21,38.3,23,14,8,3,3,4,14,3.5,1,0,0,0,0,0,0,0,0
U3975,19,34.6,25,15,9,2,4,3,14,3.2,1,0,0,0,0,0,0,0,0
U3976,11,17.2,14,7,3,1,0,2,36,3.2,0,0,1,0,0,0,0,0,1
U3977,12,23.5,18,9,4,1,2,3,29,2.3,0,0,1,0,0,0,0,0,1
U3978,14,36.6,21,13,9,2,3,3,25,3.2,0,0,0,0,0,1,0,0,0
U3979,10,20.7,16,6,3,0,1,2,34,2.7,0,0,1,0,0,0,0,0,1
U3980,12,24.4,19,8,4,1,1,2,37,3.1,0,1,0,0,0,0,0,0,0
U3981,16,20.3,16,9,4,1,2,3,31,3.2,0,0,0,0,0,1,0,0,1
U3982,22,43.0,29,17,11,4,6,4,10,4.0,0,0,0,0,0,0,0,1,0
U3983,14,23.4,15,10,5,2,2,2,36,3.4,0,0,0,0,0,1,0,0,1
U3984,10,16.1,10,5,2,0,0,2,38,2.5,0,0,0,0,0,0,1,0,1
U3985,16,34.1,27,11,7,2,3,3,19,3.1,0,0,0,0,1,0,0,0,1
U3986,16,33.0,21,13,7,2,3,4,18,3.3,0,0,0,1,0,0,0,0,1
U3987,20,33.7,22,12,9,3,2,4,24,3.4,0,0,1,0,0,0,0,0,0
U3988,13,21.7,13,9,5,1,2,2,34,2.6,0,1,0,0,0,0,0,0,1
U3989,6,19.4,8,6,2,0,0,2,44,2.5,0,0,0,0,0,0,1,0,1
U3990,11,18.1,13,8,4,1,1,2,39,2.3,0,0,0,0,0,1,0,0,1
U3991,17,29.8,25,13,9,3,4,4,24,3.6,0,0,0,0,0,0,0,1,0
U3992,18,30.8,27,12,8,2,4,4,22,3.5,0,1,0,0,0,0,0,0,0
U3993,8,16.8,7,6,3,1,2,2,39,2.2,0,0,0,0,0,0,0,1,1
U3994,14,15.1,19,8,3,1,1,3,34,2.9,0,0,0,0,0,0,0,1,1
U3995,7,10.7,12,5,2,0,0,2,42,2.6,0,1,0,0,0,0,0,0,1
U3996,7,11.5,9,3,1,1,1,2,45,2.5,0,0,0,0,0,1,0,0,1
U3997,20,38.6,25,15,9,3,3,4,18,3.6,0,1,0,0,0,0,0,0,0
U3998,24,43.2,31,18,12,4,5,4,16,4.2,0,0,0,0,0,1,0,0,0
U3999,3,7.9,3,3,1,0,0,2,49,1.6,0,1,0,0,0,0,0,0,1
U4000,14,27.7,21,9,5,0,1,3,29,3.1,0,0,0,0,0,0,0,1,1
U4001,17,35.6,23,12,6,3,3,3,23,3.8,0,0,0,0,0,0,1,0,1
U4002,25,41.8,28,16,10,4,4,4,17,3.7,0,0,1,0,0,0,0,0,0
U4003,3,5.1,6,4,2,0,1,1,44,2.2,0,1,0,0,0,0,0,0,1
U4004,19,35.8,23,12,9,2,4,3,16,3.2,0,0,0,0,0,0,1,0,0
U4005,23,30.1,20,13,8,3,3,3,19,3.5,1,0,0,0,0,0,0,0,0
U4006,6,15.7,7,3,0,1,0,2,41,1.9,0,0,0,0,0,1,0,0,1
U4007,19,34.7,22,13,9,3,4,4,24,3.8,0,0,0,0,1,0,0,0,0
U4008,19,35.2,24,11,8,3,4,3,25,3.2,0,0,0,0,1,0,0,0,0
U4009,14,27.6,19,9,6,1,3,2,28,3.0,0,0,1,0,0,0,0,0,0
U4010,5,8.8,8,4,3,1,1,2,45,2.3,0,0,0,1,0,0,0,0,1
U4011,23,45.7,30,18,12,4,6,4,3,4.3,0,0,0,0,0,0,1,0,0
U4012,25,41.5,28,17,12,4,6,4,17,4.3,0,1,0,0,0,0,0,0,0
U4013,3,7.9,5,5,3,1,0,2,47,2.3,0,0,0,0,0,1,0,0,1
U4014,9,17.4,7,2,0,0,1,2,47,2.3,0,0,0,1,0,0,0,0,1
U4015,19,32.7,20,13,7,3,2,4,28,3.8,0,0,0,0,0,0,0,1,1
U4016,21,42.6,27,13,9,2,5,4,10,3.9,1,0,0,0,0,0,0,0,0
U4017,9,12.1,11,5,3,1,1,2,40,2.2,0,0,0,0,1,0,0,0,1
U4018,12,22.4,14,7,3,1,1,4,33,2.7,0,0,0,0,0,0,0,1,1
U4019,14,27.7,19,10,5,1,1,3,28,2.9,0,0,0,0,0,0,1,0,0
U4020,21,44.5,30,15,10,3,5,3,17,3.9,0,0,0,0,0,0,1,0,0
U4021,13,21.8,15,9,4,1,1,2,29,3.0,0,1,0,0,0,0,0,0,1
U4022,18,35.8,21,15,9,2,4,4,19,3.2,0,0,0,0,0,1,0,0,0
U4023,20,35.9,23,13,8,2,3,3,21,3.0,0,0,0,0,0,1,0,0,0
U4024,12,25.2,17,8,4,2,2,3,30,2.3,0,0,0,0,0,0,0,1,1
U4025,26,46.3,34,19,15,5,8,4,11,4.0,0,0,0,0,1,0,0,0,0
U4026,16,37.5,21,10,6,2,2,4,22,3.5,1,0,0,0,0,0,0,0,1
U4027,8,10.1,12,5,2,0,1,2,44,2.7,0,0,0,1,0,0,0,0,1
U4028,21,37.7,28,15,10,3,5,5,20,3.9,1,0,0,0,0,0,0,0,0
U4029,15,28.5,17,10,6,1,3,3,27,3.1,0,0,0,1,0,0,0,0,1
U4030,18,29.6,19,9,5,1,2,3,29,3.3,0,0,1,0,0,0,0,0,0
U4031,1,5.0,1,3,2,1,1,1,44,2.0,0,0,0,1,0,0,0,0,1
U4032,18,32.4,25,12,8,3,3,3,17,3.8,0,0,0,1,0,0,0,0,0
U4033,24,45.2,34,17,13,4,6,4,9,4.1,0,0,0,0,0,0,1,0,0
U4034,10,19.3,13,10,4,1,2,3,32,2.7,1,0,0,0,0,0,0,0,1
U4035,10,21.3,14,7,3,0,0,2,38,2.6,0,0,0,1,0,0,0,0,1
U4036,19,26.5,23,13,7,2,3,3,26,3.7,0,0,0,0,0,0,0,1,0
U4037,32,56.7,34,19,14,5,7,5,0,4.8,0,0,0,0,0,0,0,1,0
U4038,20,40.3,25,14,10,3,5,4,17,3.8,0,0,0,0,0,0,1,0,0
U4039,17,34.8,21,10,6,2,3,3,23,3.9,1,0,0,0,0,0,0,0,0
U4040,8,17.1,11,4,0,0,0,2,42,2.4,0,0,0,1,0,0,0,0,1
U4041,8,15.6,11,5,2,0,1,2,39,2.2,0,0,0,0,0,0,1,0,1
U4042,18,38.6,26,12,7,2,3,3,16,3.4,0,1,0,0,0,0,0,0,0
U4043,10,9.5,5,5,3,0,1,1,40,2.3,0,0,0,0,0,0,1,0,1
U4044,7,5.7,3,3,1,0,0,1,42,1.7,0,0,1,0,0,0,0,0,1
U4045,4,5.9,3,5,2,1,0,2,44,2.2,0,0,1,0,0,0,0,0,1
U4046,10,15.4,13,5,3,0,0,2,41,2.4,0,0,0,0,0,0,1,0,1
U4047,18,31.1,25,12,7,2,3,3,26,3.3,1,0,0,0,0,0,0,0,1
U4048,13,24.4,14,9,4,1,1,3,40,2.9,0,0,0,0,0,1,0,0,1
U4049,14,23.6,19,10,7,2,3,3,31,2.8,0,0,0,1,0,0,0,0,1
U4050,3,7.9,3,3,1,0,1,2,46,1.7,0,0,1,0,0,0,0,0,1
U4051,25,49.7,32,16,12,5,6,4,3,4.3,0,0,0,0,0,0,1,0,0
U4052,27,52.2,35,18,14,5,8,4,7,4.2,0,1,0,0,0,0,0,0,0
U4053,16,24.9,17,8,5,1,2,2,29,3.0,0,1,0,0,0,0,0,0,1
U4054,15,27.9,20,10,7,1,2,3,33,3.5,0,1,0,0,0,0,0,0,1
U4055,17,36.7,22,13,7,1,3,4,26,3.9,0,1,0,0,0,0,0,0,0
U4056,23,38.2,27,17,12,4,5,4,13,3.8,0,0,0,0,0,1,0,0,0
U4057,21,35.1,26,13,8,2,3,3,18,3.5,0,0,0,1,0,0,0,0,0
U4058,14,26.6,19,11,7,1,3,3,29,2.7,0,1,0,0,0,0,0,0,1
U4059,11,22.1,19,8,5,1,3,3,36,2.9,0,0,0,0,0,0,0,1,1
U4060,8,16.2,9,6,2,1,0,2,42,2.6,0,0,0,1,0,0,0,0,1
U4061,13,30.0,20,13,6,1,2,3,24,2.9,1,0,0,0,0,0,0,0,0
U4062,12,24.0,16,8,5,2,2,3,33,2.5,0,1,0,0,0,0,0,0,1
U4063,12,30.7,22,10,6,1,2,3,27,3.8,1,0,0,0,0,0,0,0,0
U4064,4,8.8,7,4,1,0,1,1,45,1.7,0,0,0,0,0,1,0,0,1
U4065,10,23.0,14,10,5,1,2,2,33,2.5,0,0,1,0,0,0,0,0,1
U4066,10,14.8,10,6,2,0,1,2,37,1.9,0,0,0,0,0,0,0,1,1
U4067,20,36.4,25,15,10,3,4,4,8,3.1,0,0,0,0,0,0,0,1,0
U4068,16,33.6,23,10,6,2,3,3,26,3.2,0,0,0,0,1,0,0,0,0
U4069,6,17.2,11,4,2,1,1,2,40,2.8,1,0,0,0,0,0,0,0,1
U4070,11,18.7,17,6,4,1,2,2,34,2.6,1,0,0,0,0,0,0,0,1
U4071,16,29.8,22,11,7,1,3,4,18,2.8,0,0,0,0,0,0,1,0,0
U4072,15,27.0,21,11,7,3,3,3,31,3.1,0,0,0,0,0,1,0,0,1
U4073,16,27.6,17,10,6,2,3,3,35,2.6,0,0,0,0,0,0,1,0,1
U4074,18,30.1,20,11,6,2,3,3,24,3.0,0,0,1,0,0,0,0,0,0
U4075,20,37.3,29,13,8,3,4,4,18,3.8,0,0,0,1,0,0,0,0,0
U4076,13,19.1,17,7,4,1,1,3,33,2.7,0,0,0,0,0,0,0,1,1
U4077,5,10.6,7,6,3,0,0,2,43,2.3,0,0,1,0,0,0,0,0,1
U4078,19,33.6,22,12,7,2,3,4,19,3.8,0,0,0,0,1,0,0,0,0
U4079,12,22.5,15,8,3,1,1,3,34,2.8,1,0,0,0,0,0,0,0,1
U4080,18,40.4,26,13,9,2,4,4,20,3.4,0,0,0,1,0,0,0,0,0
U4081,23,45.3,30,16,11,4,5,4,17,4.1,0,0,0,0,0,0,1,0,0
U4082,13,27.1,18,12,8,2,3,3,28,2.6,1,0,0,0,0,0,0,0,1
U4083,15,27.3,13,7,2,1,1,3,35,2.8,0,0,0,0,1,0,0,0,1
U4084,1,3.0,6,2,1,0,0,1,54,2.0,0,0,0,0,0,0,0,1,1
U4085,6,15.1,11,5,1,0,1,2,43,2.1,1,0,0,0,0,0,0,0,1
U4086,7,17.1,7,5,2,0,1,3,40,2.3,0,0,0,1,0,0,0,0,1
U4087,16,31.6,23,11,6,3,2,3,29,3.7,0,0,0,0,0,0,0,1,1
U4088,26,44.3,32,19,14,6,7,5,5,4.3,0,0,0,1,0,0,0,0,0
U4089,7,11.0,7,4,2,0,1,3,45,2.2,0,0,0,1,0,0,0,0,1
U4090,18,27.2,22,11,6,2,2,3,23,3.3,0,0,0,0,1,0,0,0,1
U4091,10,24.5,17,8,4,1,1,3,29,2.6,0,1,0,0,0,0,0,0,1
U4092,9,13.4,9,5,1,0,0,2,40,2.6,0,0,1,0,0,0,0,0,1
U4093,18,30.6,23,12,7,2,3,3,20,4.0,0,0,0,0,0,0,1,0,0
U4094,23,43.3,31,15,10,3,5,4,15,3.9,0,0,0,0,1,0,0,0,0
U4095,20,33.2,20,12,8,2,2,3,22,3.5,0,1,0,0,0,0,0,0,1
U4096,18,40.0,26,12,7,2,3,3,23,3.8,0,0,0,0,0,0,0,1,1
U4097,15,33.5,21,13,7,1,3,3,27,3.5,0,0,0,0,0,0,0,1,1
U4098,12,27.7,17,11,6,1,3,2,36,3.2,1,0,0,0,0,0,0,0,1
U4099,22,37.9,27,18,13,4,6,4,13,3.5,0,0,0,0,0,0,0,1,0
U4100,9,16.8,10,6,4,0,1,2,39,2.5,0,0,0,0,1,0,0,0,1
U4101,7,15.9,9,6,5,1,2,3,39,2.8,1,0,0,0,0,0,0,0,1
U4102,1,0.5,4,1,0,0,0,1,48,1.8,0,0,0,0,0,0,1,0,1
U4103,17,21.4,19,10,6,2,2,3,33,3.5,0,0,1,0,0,0,0,0,1
U4104,18,35.0,20,12,7,3,3,4,23,3.3,0,0,0,0,0,0,0,1,0
U4105,14,26.4,18,10,4,1,2,3,25,3.2,0,1,0,0,0,0,0,0,0
U4106,14,26.5,18,10,5,1,2,3,28,3.1,0,0,0,0,0,0,0,1,1
U4107,12,19.8,15,8,4,1,2,2,37,2.7,0,0,0,0,0,0,0,1,1
U4108,13,25.0,10,6,3,0,1,3,36,2.8,1,0,0,0,0,0,0,0,1
U4109,18,28.2,20,12,7,2,3,4,28,2.9,0,1,0,0,0,0,0,0,1
U4110,11,17.2,15,6,3,1,1,2,35,2.5,0,0,0,0,0,0,1,0,1
U4111,6,14.9,8,5,1,0,0,2,44,2.2,0,0,0,0,0,0,0,1,1
U4112,17,25.6,19,9,4,1,1,3,28,2.9,0,0,0,1,0,0,0,0,1
U4113,9,15.5,12,7,3,0,1,3,36,2.6,0,0,1,0,0,0,0,0,1
U4114,15,26.2,21,11,7,2,3,4,25,3.2,0,0,0,0,0,0,1,0,0
U4115,25,49.2,32,16,11,4,6,4,5,3.9,0,1,0,0,0,0,0,0,0
U4116,14,22.1,14,6,4,1,1,3,36,2.6,0,0,0,1,0,0,0,0,1
U4117,22,39.9,27,15,11,3,5,4,22,3.4,0,0,0,0,0,0,1,0,0
U4118,4,6.9,7,4,0,0,0,1,48,1.8,0,0,0,0,0,0,1,0,1
U4119,8,16.3,11,3,1,0,0,2,47,2.8,0,1,0,0,0,0,0,0,1
U4120,9,13.2,11,5,2,1,1,2,42,2.1,0,0,0,0,0,0,1,0,1
U4121,16,30.1,22,10,5,1,3,2,25,3.0,0,0,0,1,0,0,0,0,0
U4122,18,33.6,25,13,8,2,3,4,19,3.5,0,0,0,1,0,0,0,0,0
U4123,9,21.9,14,7,6,2,3,2,36,2.3,0,0,0,0,0,0,1,0,1
U4124,26,50.1,35,19,13,5,6,4,7,4.1,0,0,0,0,0,0,0,1,0
U4125,22,38.3,30,16,11,4,5,4,14,3.5,0,0,0,0,0,0,1,0,0
U4126,13,25.1,14,11,5,1,2,3,34,2.9,0,0,0,1,0,0,0,0,0
U4127,16,25.4,24,7,2,1,0,3,25,3.0,0,0,0,0,0,1,0,0,1
U4128,15,26.4,20,12,6,2,2,3,23,3.3,1,0,0,0,0,0,0,0,1
U4129,12,25.0,16,9,5,1,2,3,32,2.9,0,1,0,0,0,0,0,0,0
U4130,3,5.0,3,1,1,0,0,1,49,2.0,0,0,1,0,0,0,0,0,1
U4131,18,22.2,15,9,6,1,2,3,29,2.9,1,0,0,0,0,0,0,0,0
U4132,0,1.2,2,1,1,0,1,1,48,1.4,0,0,0,0,0,0,1,0,1
U4133,28,50.6,32,18,13,4,7,5,6,4.1,0,0,0,0,1,0,0,0,0
U4134,19,37.4,25,13,9,3,4,3,18,4.1,0,0,0,0,1,0,0,0,1
U4135,11,21.5,14,5,3,0,2,2,33,2.2,0,0,0,0,1,0,0,0,1
U4136,23,52.0,31,16,12,4,5,5,10,4.5,0,0,1,0,0,0,0,0,0
U4137,30,52.1,30,18,13,5,6,4,3,4.6,0,0,0,1,0,0,0,0,0
U4138,10,17.4,13,7,4,1,1,2,42,2.6,0,0,0,1,0,0,0,0,1
U4139,21,35.6,25,12,8,2,4,4,19,3.4,1,0,0,0,0,0,0,0,0
U4140,20,38.3,28,15,10,3,5,4,13,4.0,0,1,0,0,0,0,0,0,0
U4141,12,22.1,15,7,5,2,1,3,22,2.7,0,0,0,0,0,0,1,0,1
U4142,5,2.6,4,3,2,0,0,1,53,1.8,0,0,0,1,0,0,0,0,1
U4143,15,23.5,18,11,7,2,3,3,29,3.1,0,0,0,1,0,0,0,0,1
U4144,17,31.3,21,10,5,1,2,3,29,3.1,0,0,0,0,0,0,1,0,1
U4145,23,40.9,26,13,8,3,3,3,21,3.3,1,0,0,0,0,0,0,0,0
U4146,10,16.4,10,7,4,1,1,2,41,2.4,1,0,0,0,0,0,0,0,1
U4147,10,16.9,15,6,4,1,2,2,37,2.7,0,0,0,0,0,1,0,0,1
U4148,3,0.0,6,3,0,0,0,1,50,2.2,0,0,0,0,0,1,0,0,1
U4149,17,38.5,24,12,8,2,4,4,22,3.6,0,0,0,1,0,0,0,0,0
U4150,23,39.4,34,18,13,4,6,4,14,4.4,0,0,0,0,0,0,0,1,0
U4151,18,29.9,20,13,7,3,2,3,23,3.6,0,1,0,0,0,0,0,0,1
U4152,5,7.3,10,2,2,0,0,1,48,1.9,0,0,0,1,0,0,0,0,1
U4153,9,15.8,10,8,4,2,1,2,42,2.9,1,0,0,0,0,0,0,0,1
U4154,13,23.3,17,10,6,2,2,3,35,2.8,0,1,0,0,0,0,0,0,1
U4155,22,38.3,28,13,9,2,4,4,12,4.1,1,0,0,0,0,0,0,0,0
U4156,28,52.2,32,17,12,4,7,5,2,4.8,0,0,0,1,0,0,0,0,0
U4157,11,12.2,11,4,2,0,0,1,44,1.7,0,0,0,0,0,0,0,1,1
U4158,17,30.9,24,11,6,2,3,3,21,3.4,0,0,0,0,0,0,0,1,0
U4159,20,35.9,26,14,8,3,4,4,20,3.4,0,0,0,1,0,0,0,0,0
U4160,1,5.2,2,3,0,0,1,2,45,1.6,0,1,0,0,0,0,0,0,1
U4161,7,10.9,8,6,2,0,1,2,40,2.1,0,0,0,1,0,0,0,0,1
U4162,23,41.0,29,16,12,4,5,5,3,3.6,0,0,0,0,1,0,0,0,0
U4163,1,1.3,6,1,0,0,0,1,49,2.0,0,0,1,0,0,0,0,0,1
U4164,4,11.2,7,4,1,1,1,2,46,2.0,0,1,0,0,0,0,0,0,1
U4165,25,49.9,30,19,13,5,7,4,4,4.6,0,0,1,0,0,0,0,0,0
U4166,16,28.3,24,8,5,2,2,3,21,3.3,0,0,0,1,0,0,0,0,1
U4167,8,11.5,11,4,1,0,0,2,40,2.2,0,0,0,0,0,0,1,0,1
U4168,9,22.8,11,9,6,1,1,3,35,2.4,0,0,0,0,0,1,0,0,1
U4169,15,34.2,22,12,7,3,3,3,24,3.3,0,0,0,1,0,0,0,0,1
U4170,22,44.0,27,14,10,3,5,3,16,3.9,0,1,0,0,0,0,0,0,0
U4171,24,40.3,30,14,9,3,5,4,10,3.9,0,1,0,0,0,0,0,0,0
U4172,7,7.0,8,5,2,0,1,2,48,2.0,0,0,0,0,0,1,0,0,1
U4173,13,29.9,17,9,5,1,1,3,33,3.1,0,0,1,0,0,0,0,0,1
U4174,8,16.5,14,5,2,0,1,2,36,2.8,1,0,0,0,0,0,0,0,1
U4175,5,10.0,12,6,3,0,0,2,48,2.3,0,0,0,0,0,0,1,0,1
U4176,13,26.5,17,8,4,1,1,3,29,3.2,1,0,0,0,0,0,0,0,1
U4177,16,29.4,21,13,6,2,2,3,25,2.8,0,0,0,0,1,0,0,0,0
U4178,8,18.3,14,6,3,1,1,2,43,2.5,0,0,0,0,1,0,0,0,1
U4179,8,16.5,6,6,3,0,1,2,44,2.3,0,0,0,0,0,1,0,0,1
U4180,12,21.1,13,8,4,1,2,2,32,2.5,0,0,0,0,0,1,0,0,1
U4181,23,38.7,32,16,11,4,5,4,15,4.1,0,0,0,0,0,0,0,1,0
U4182,14,23.3,21,9,7,2,3,3,31,3.2,1,0,0,0,0,0,0,0,1
U4183,6,18.0,9,5,2,0,1,2,41,2.3,0,0,0,0,1,0,0,0,1
U4184,20,46.4,33,14,7,3,4,4,12,3.6,1,0,0,0,0,0,0,0,0
U4185,14,31.5,12,9,5,2,1,3,31,3.0,0,1,0,0,0,0,0,0,0
U4186,14,28.0,21,13,7,2,3,3,30,3.4,0,0,0,1,0,0,0,0,0
U4187,12,23.8,19,11,5,1,2,3,27,3.1,0,0,0,0,0,0,0,1,0
U4188,8,17.3,8,5,2,1,0,2,43,2.3,1,0,0,0,0,0,0,0,1
U4189,6,11.5,10,5,2,0,1,2,41,2.0,0,0,0,0,0,1,0,0,1
U4190,3,2.1,2,1,0,0,0,1,54,1.8,1,0,0,0,0,0,0,0,1
U4191,2,4.1,0,1,0,0,0,1,49,1.6,0,0,0,0,0,0,1,0,1
U4192,18,41.2,25,13,8,2,3,4,26,4.5,0,0,0,1,0,0,0,0,0
U4193,13,20.4,14,8,4,0,1,2,35,3.0,0,0,0,0,0,1,0,0,1
U4194,0,0.7,0,1,0,1,0,1,52,1.6,0,1,0,0,0,0,0,0,1
U4195,26,43.8,32,20,15,5,8,5,5,4.4,0,0,0,0,0,1,0,0,0
U4196,24,45.5,30,17,11,4,5,4,7,4.1,0,1,0,0,0,0,0,0,0
U4197,11,25.1,13,7,4,1,2,3,35,3.0,0,0,0,0,0,0,0,1,1
U4198,25,42.3,26,14,10,4,4,4,13,4.1,0,0,0,0,0,0,0,1,0
U4199,23,41.7,31,15,10,3,5,4,14,3.7,0,0,0,1,0,0,0,0,0
U4200,14,30.7,18,12,6,1,2,3,26,3.2,1,0,0,0,0,0,0,0,1
U4201,5,9.3,9,4,1,0,0,2,40,2.3,0,0,0,1,0,0,0,0,1
U4202,17,19.0,14,9,4,1,1,3,28,3.1,1,0,0,0,0,0,0,0,1
U4203,11,21.2,18,9,4,1,1,3,28,2.7,0,1,0,0,0,0,0,0,1
U4204,8,16.0,11,6,2,1,1,3,44,2.4,0,0,0,0,0,0,1,0,1
U4205,20,35.5,26,14,8,2,3,4,17,3.6,0,0,0,0,0,0,0,1,0
U4206,18,45.7,31,12,9,3,4,4,15,3.9,0,0,0,0,0,0,0,1,0
U4207,18,33.6,18,11,7,3,2,3,25,3.1,0,0,0,0,0,0,0,1,1
U4208,4,2.5,5,1,2,0,1,2,47,1.5,1,0,0,0,0,0,0,0,1
U4209,8,20.8,11,5,2,1,0,2,42,2.4,1,0,0,0,0,0,0,0,1
U4210,26,50.4,32,19,15,6,8,4,8,4.5,0,0,0,0,0,0,0,1,0
U4211,0,4.3,4,0,0,0,0,1,56,1.9,0,0,0,1,0,0,0,0,1
U4212,15,32.3,19,7,5,1,1,3,28,3.6,0,0,0,1,0,0,0,0,1
U4213,13,12.9,9,8,4,1,1,3,31,2.9,0,0,0,0,1,0,0,0,1
U4214,14,30.0,24,12,8,3,3,3,28,3.4,0,1,0,0,0,0,0,0,0
U4215,19,38.9,26,13,9,3,4,4,21,3.5,0,0,0,0,1,0,0,0,0
U4216,21,34.5,21,13,9,3,4,3,22,3.5,0,0,0,0,1,0,0,0,0
U4217,23,45.8,32,14,9,4,5,4,16,3.8,0,0,0,0,1,0,0,0,0
U4218,19,37.1,22,12,8,2,2,3,19,3.5,0,0,0,0,0,0,1,0,0
U4219,18,33.2,20,11,6,1,3,3,27,3.0,0,0,0,0,1,0,0,0,0
U4220,20,35.4,21,12,7,2,3,4,16,3.7,0,0,1,0,0,0,0,0,0
U4221,24,45.6,31,17,12,5,6,4,10,3.8,0,0,0,1,0,0,0,0,0
U4222,17,26.0,19,9,3,1,2,3,29,3.2,0,0,0,0,1,0,0,0,0
U4223,23,45.0,26,16,12,4,5,4,15,3.9,0,0,0,0,1,0,0,0,0
U4224,22,38.8,29,16,11,4,5,4,11,3.9,0,1,0,0,0,0,0,0,0
U4225,8,13.5,10,4,3,0,1,2,41,2.0,0,0,0,1,0,0,0,0,1
U4226,7,10.2,11,5,1,0,1,2,39,2.1,0,0,0,0,0,0,0,1,1
U4227,21,37.9,27,12,7,2,2,4,23,3.6,0,0,0,1,0,0,0,0,0
U4228,25,43.9,30,19,12,4,6,3,9,4.4,0,1,0,0,0,0,0,0,0
U4229,9,14.9,17,8,4,1,1,3,35,2.6,0,0,0,1,0,0,0,0,1
U4230,15,25.5,20,11,6,2,2,2,31,3.5,0,0,0,1,0,0,0,0,1
U4231,17,34.0,26,15,9,3,4,4,16,3.8,0,1,0,0,0,0,0,0,0
U4232,2,0.4,5,2,1,0,1,1,50,1.7,0,0,0,1,0,0,0,0,1
U4233,18,35.6,28,12,8,3,4,3,14,3.2,0,0,0,0,0,1,0,0,1
U4234,8,16.4,10,5,2,0,0,2,31,2.6,0,0,0,0,0,0,1,0,1
U4235,13,31.6,18,10,5,1,1,3,24,3.3,0,0,0,1,0,0,0,0,0
U4236,2,5.3,5,2,2,0,1,1,44,2.0,1,0,0,0,0,0,0,0,1
U4237,8,18.1,10,7,3,1,1,3,35,2.3,0,0,0,0,0,1,0,0,1
U4238,17,31.3,20,11,6,2,3,3,18,3.1,0,0,0,0,0,0,0,1,1
U4239,12,24.8,15,11,6,2,2,3,28,2.6,0,0,1,0,0,0,0,0,1
U4240,11,16.3,14,5,2,0,1,2,38,2.7,0,1,0,0,0,0,0,0,1
U4241,13,27.1,20,9,6,2,1,3,28,3.0,1,0,0,0,0,0,0,0,1
U4242,20,36.9,25,13,7,1,3,4,23,3.8,1,0,0,0,0,0,0,0,0
U4243,17,27.0,17,11,6,2,2,4,22,2.9,1,0,0,0,0,0,0,0,0
U4244,7,12.7,6,5,1,0,1,2,47,2.2,0,0,0,1,0,0,0,0,1
U4245,8,8.1,7,4,2,0,0,2,45,1.8,0,1,0,0,0,0,0,0,1
U4246,21,44.6,26,15,11,3,4,4,12,4.2,1,0,0,0,0,0,0,0,0
U4247,15,31.2,20,11,6,1,2,4,24,3.2,0,1,0,0,0,0,0,0,0
U4248,20,33.4,22,12,8,3,3,3,23,3.1,0,0,0,0,0,0,1,0,0
U4249,15,20.7,14,7,4,1,1,3,35,2.8,0,0,0,0,0,0,1,0,0
U4250,21,38.9,25,16,10,3,5,4,23,3.7,1,0,0,0,0,0,0,0,0
U4251,17,34.0,26,12,6,2,3,3,21,3.3,0,0,1,0,0,0,0,0,0
U4252,9,20.6,12,8,3,1,1,2,34,2.7,1,0,0,0,0,0,0,0,1
U4253,20,38.1,27,14,10,4,6,4,18,3.5,1,0,0,0,0,0,0,0,0
U4254,10,8.2,8,6,3,0,1,2,47,2.0,1,0,0,0,0,0,0,0,1
U4255,20,44.8,24,15,11,4,5,4,12,3.7,1,0,0,0,0,0,0,0,0
U4256,25,45.7,28,16,11,3,5,4,10,4.7,0,0,0,0,0,0,1,0,0
U4257,16,30.2,21,10,6,1,3,3,25,3.5,1,0,0,0,0,0,0,0,0
U4258,12,19.5,18,9,3,1,0,2,39,2.7,0,0,0,0,0,0,1,0,1
U4259,24,44.6,31,17,11,4,5,5,6,4.2,0,1,0,0,0,0,0,0,0
U4260,12,17.5,14,10,4,1,2,3,35,3.1,0,1,0,0,0,0,0,0,1
U4261,4,7.7,8,3,3,1,2,2,46,2.4,0,0,0,0,1,0,0,0,1
U4262,20,42.3,27,14,11,4,5,4,15,3.7,0,1,0,0,0,0,0,0,0
U4263,23,39.0,25,14,8,3,4,4,13,4.4,0,0,0,0,1,0,0,0,0
U4264,8,21.2,9,6,3,0,1,2,38,2.5,0,1,0,0,0,0,0,0,1
U4265,14,24.3,13,10,5,2,1,3,27,2.9,0,0,1,0,0,0,0,0,1
U4266,14,22.9,19,7,5,1,2,3,34,3.1,0,0,1,0,0,0,0,0,1
U4267,18,33.2,22,13,9,3,3,3,24,3.6,0,0,0,0,0,1,0,0,0
U4268,24,45.9,36,15,10,4,5,4,9,4.0,0,0,0,0,1,0,0,0,0
U4269,11,13.8,12,6,3,0,1,2,42,2.5,0,0,0,0,0,1,0,0,1
U4270,11,17.7,15,8,4,2,2,3,36,2.5,0,0,0,0,0,0,1,0,1
U4271,8,13.1,8,6,1,1,1,2,39,2.4,0,0,0,0,0,1,0,0,1
U4272,27,52.0,35,19,15,5,8,4,4,4.3,0,0,0,0,0,0,1,0,0
U4273,17,33.4,25,12,7,2,3,4,22,3.5,0,0,0,0,1,0,0,0,0
U4274,12,22.4,14,8,3,1,1,3,32,2.8,0,0,1,0,0,0,0,0,0
U4275,13,20.7,11,6,2,0,1,2,33,2.4,0,0,0,0,0,1,0,0,1
U4276,8,16.5,9,4,2,1,0,2,45,2.2,0,0,1,0,0,0,0,0,1
U4277,26,47.3,32,18,13,4,6,4,7,4.5,0,0,0,1,0,0,0,0,0
U4278,13,22.9,16,9,5,1,2,3,23,3.0,0,0,0,0,1,0,0,0,0
U4279,10,19.2,16,7,3,1,0,2,44,2.3,0,1,0,0,0,0,0,0,1
U4280,22,39.9,29,15,10,3,5,4,15,3.9,1,0,0,0,0,0,0,0,0
U4281,10,14.5,17,5,1,0,0,2,29,2.7,1,0,0,0,0,0,0,0,1
U4282,15,32.5,24,12,8,2,4,4,19,3.9,1,0,0,0,0,0,0,0,0
U4283,8,16.3,14,5,2,0,1,2,35,2.3,0,0,0,0,0,1,0,0,1
U4284,15,23.1,13,9,5,1,2,2,33,2.7,0,0,0,1,0,0,0,0,1
U4285,14,27.3,19,7,5,2,2,3,31,3.1,0,1,0,0,0,0,0,0,0
U4286,15,29.1,17,12,7,1,3,3,30,3.2,0,0,0,0,0,1,0,0,1
U4287,10,13.4,11,5,2,1,1,2,37,2.9,0,1,0,0,0,0,0,0,1
U4288,22,40.7,27,16,11,4,6,4,11,3.9,1,0,0,0,0,0,0,0,0
U4289,15,24.7,24,10,6,1,4,3,27,3.1,0,0,0,1,0,0,0,0,1
U4290,12,27.5,17,9,4,1,1,3,27,2.7,1,0,0,0,0,0,0,0,0
U4291,14,28.6,18,10,4,1,2,2,30,2.6,0,1,0,0,0,0,0,0,0
U4292,24,41.7,27,16,11,3,6,4,14,4.0,0,0,0,0,0,0,1,0,0
U4293,18,37.2,24,13,8,2,3,4,18,3.3,0,0,0,1,0,0,0,0,0
U4294,9,11.9,12,6,1,0,1,3,45,1.9,1,0,0,0,0,0,0,0,1
U4295,18,37.2,25,13,8,3,4,3,16,3.4,0,0,0,1,0,0,0,0,0
U4296,14,11.0,10,7,4,1,1,2,36,2.2,0,0,0,0,0,0,0,1,1
U4297,27,52.4,32,17,13,4,6,5,7,4.3,0,1,0,0,0,0,0,0,0
U4298,14,23.3,19,10,6,1,3,3,24,2.7,1,0,0,0,0,0,0,0,1
U4299,22,36.3,25,13,8,2,3,3,20,3.5,0,0,0,0,0,1,0,0,0
U4300,11,30.8,16,10,6,2,3,2,30,3.2,1,0,0,0,0,0,0,0,1
U4301,4,4.8,5,3,1,0,1,2,43,1.9,0,0,1,0,0,0,0,0,1
U4302,11,26.2,14,9,4,0,1,2,32,2.7,1,0,0,0,0,0,0,0,1
U4303,16,35.9,22,11,5,1,3,3,23,2.9,0,0,0,0,0,0,1,0,0
U4304,20,38.4,27,12,8,2,3,3,14,3.8,1,0,0,0,0,0,0,0,0
U4305,24,43.7,32,15,11,3,5,4,12,4.1,0,0,0,0,0,0,0,1,0
U4306,10,13.4,10,5,2,0,1,2,40,2.3,0,1,0,0,0,0,0,0,1
U4307,11,21.5,14,8,4,1,1,3,33,2.7,1,0,0,0,0,0,0,0,1
U4308,30,56.1,38,18,15,7,8,5,0,4.6,0,0,0,0,1,0,0,0,0
U4309,3,0.0,5,1,0,0,0,1,50,1.9,0,0,0,1,0,0,0,0,1
U4310,14,27.8,23,12,7,3,3,3,20,3.3,0,1,0,0,0,0,0,0,0
U4311,6,9.0,5,6,3,1,0,2,44,2.0,0,0,1,0,0,0,0,0,1
U4312,6,8.4,6,2,1,0,0,2,42,2.0,1,0,0,0,0,0,0,0,1
U4313,21,39.6,31,16,10,4,4,4,8,3.8,0,0,0,1,0,0,0,0,0
U4314,17,25.0,18,11,6,2,2,2,28,3.0,1,0,0,0,0,0,0,0,0
U4315,17,40.9,22,14,9,3,4,4,16,3.4,0,0,1,0,0,0,0,0,0
U4316,12,13.2,9,6,1,1,0,2,45,2.4,0,0,0,0,0,0,0,1,1
U4317,23,41.9,29,16,12,5,6,4,13,3.9,0,0,0,0,0,1,0,0,0
U4318,19,35.4,24,10,6,1,3,4,19,3.6,1,0,0,0,0,0,0,0,0
U4319,17,27.1,21,10,6,2,2,3,28,3.3,0,1,0,0,0,0,0,0,1
U4320,8,14.8,9,4,2,0,0,2,47,2.4,0,0,0,0,0,0,1,0,1
U4321,26,41.3,29,14,10,4,5,4,11,4.3,1,0,0,0,0,0,0,0,0
U4322,9,12.6,4,2,0,0,0,2,48,2.1,0,0,0,0,0,0,0,1,1
U4323,16,37.4,24,12,6,2,3,3,21,3.3,0,0,1,0,0,0,0,0,1
U4324,4,4.6,7,3,0,0,0,2,46,2.0,0,0,1,0,0,0,0,0,1
U4325,25,48.9,33,18,14,5,8,5,7,4.5,0,0,0,1,0,0,0,0,0
U4326,16,27.4,19,9,4,1,1,3,28,3.6,0,0,0,0,0,0,0,1,1
U4327,7,5.6,7,5,1,0,0,1,45,2.1,0,1,0,0,0,0,0,0,1
U4328,2,10.0,8,2,2,0,1,1,43,2.0,0,0,1,0,0,0,0,0,1
U4329,22,40.6,29,13,8,3,3,4,13,4.2,0,0,0,0,0,0,0,1,0
U4330,11,27.1,13,8,4,1,2,3,32,2.7,0,1,0,0,0,0,0,0,0
U4331,7,13.6,11,3,2,1,0,2,48,2.1,0,0,0,0,1,0,0,0,1
U4332,6,9.6,9,4,2,0,1,1,45,2.1,0,0,0,1,0,0,0,0,1
U4333,7,8.8,7,3,1,1,0,1,40,1.9,0,0,0,0,0,0,1,0,1
U4334,10,25.2,14,7,4,1,2,3,34,2.3,0,0,0,0,1,0,0,0,1
U4335,2,1.6,3,0,1,1,1,1,53,1.8,0,1,0,0,0,0,0,0,1
U4336,16,28.2,17,9,4,1,2,3,23,2.8,0,0,0,0,0,0,0,1,0
U4337,7,13.1,11,5,2,0,1,2,35,2.5,1,0,0,0,0,0,0,0,1
U4338,23,45.6,31,16,11,4,5,4,14,3.9,0,1,0,0,0,0,0,0,0
U4339,16,28.9,17,8,4,1,2,3,33,2.9,1,0,0,0,0,0,0,0,0
U4340,8,11.3,8,2,0,0,0,2,47,1.6,0,0,0,0,0,0,1,0,1
U4341,27,49.6,37,19,15,6,7,5,7,4.6,0,1,0,0,0,0,0,0,0
U4342,17,25.5,18,10,4,1,2,3,26,3.1,0,0,0,0,0,1,0,0,0
U4343,4,4.4,4,4,2,1,0,1,48,2.1,0,0,0,0,0,1,0,0,1
U4344,24,43.1,31,14,11,3,5,4,14,4.2,0,0,0,0,0,1,0,0,0
U4345,25,44.9,33,16,12,4,6,4,11,3.8,1,0,0,0,0,0,0,0,0
U4346,14,35.4,18,11,5,2,1,3,29,2.9,0,0,0,0,0,0,0,1,1
U4347,8,9.0,9,5,2,0,1,2,47,1.8,0,0,0,0,0,0,1,0,1
U4348,26,50.3,33,17,13,5,6,4,6,4.1,0,1,0,0,0,0,0,0,0
U4349,10,18.8,9,4,0,0,1,2,35,2.1,0,1,0,0,0,0,0,0,1
U4350,15,27.9,22,8,4,0,1,3,23,3.1,0,0,0,0,0,0,1,0,1
U4351,10,16.2,11,5,4,1,1,2,39,2.5,0,0,0,1,0,0,0,0,1
U4352,13,21.4,14,9,6,2,2,3,34,3.0,0,1,0,0,0,0,0,0,1
U4353,22,45.8,26,14,9,3,3,4,16,3.8,0,0,0,0,0,0,0,1,0
U4354,27,52.2,32,17,13,4,6,4,11,3.7,0,0,0,0,0,0,1,0,0
U4355,26,49.8,33,17,13,4,7,4,8,4.6,0,0,0,0,0,1,0,0,0
U4356,18,30.5,25,10,6,1,2,4,20,3.2,1,0,0,0,0,0,0,0,0
U4357,13,16.6,11,6,3,0,1,3,39,2.8,1,0,0,0,0,0,0,0,0
U4358,22,37.5,28,13,9,3,5,3,17,3.4,0,0,0,0,0,1,0,0,0
U4359,10,21.4,13,7,2,0,0,2,30,2.8,0,0,0,0,0,0,0,1,1
U4360,11,29.2,15,9,3,1,1,2,31,2.8,0,0,0,0,0,1,0,0,1
U4361,6,9.1,9,4,1,0,0,2,49,2.4,0,0,0,1,0,0,0,0,1
U4362,19,38.6,28,12,8,3,3,4,18,3.6,0,0,0,1,0,0,0,0,0
U4363,24,45.1,29,15,11,4,6,4,16,4.2,0,0,0,1,0,0,0,0,0
U4364,17,32.0,24,11,7,2,3,3,26,3.0,0,0,0,0,0,0,1,0,0
U4365,11,19.8,12,7,3,0,1,3,36,2.5,0,0,0,0,0,0,0,1,1
U4366,6,13.3,7,2,2,0,0,2,42,1.9,0,0,0,1,0,0,0,0,1
U4367,21,37.1,25,12,8,3,3,3,23,3.4,0,1,0,0,0,0,0,0,0
U4368,12,17.0,13,6,4,1,2,2,38,2.5,1,0,0,0,0,0,0,0,1
U4369,19,36.4,22,12,7,2,4,3,22,3.3,1,0,0,0,0,0,0,0,0
U4370,24,43.6,30,15,10,3,4,3,15,4.0,1,0,0,0,0,0,0,0,0
U4371,12,25.4,17,8,4,1,0,2,37,3.0,0,0,0,0,0,0,0,1,0
U4372,22,42.0,27,13,10,3,5,4,19,3.5,0,0,0,0,0,1,0,0,0
U4373,25,47.6,32,18,14,5,7,4,6,4.4,0,0,0,1,0,0,0,0,0
U4374,22,41.0,27,14,9,3,4,4,19,3.2,0,0,0,1,0,0,0,0,0
U4375,24,46.6,29,16,12,5,6,4,13,4.2,1,0,0,0,0,0,0,0,0
U4376,19,32.5,24,13,8,3,4,3,17,3.5,0,0,0,0,1,0,0,0,0
U4377,17,30.4,23,11,6,1,2,4,16,3.5,0,0,0,0,0,0,1,0,0
U4378,0,9.0,1,3,2,1,1,1,51,2.1,0,0,0,1,0,0,0,0,1
U4379,21,39.9,32,15,12,4,5,4,12,4.0,1,0,0,0,0,0,0,0,0
U4380,8,10.4,7,6,3,1,0,2,39,2.9,0,0,0,0,1,0,0,0,1
U4381,19,32.9,21,11,6,2,2,3,21,3.1,1,0,0,0,0,0,0,0,0
U4382,21,35.1,26,14,8,3,4,4,21,3.3,0,0,0,0,0,0,1,0,0
U4383,22,34.8,29,16,10,3,4,4,15,4.1,0,0,0,1,0,0,0,0,0
U4384,20,38.0,26,14,8,3,3,4,20,3.5,0,0,0,0,1,0,0,0,0
U4385,8,18.5,12,6,2,1,1,2,34,2.7,0,0,0,0,0,0,0,1,1
U4386,10,12.1,9,5,2,0,1,2,34,2.1,0,1,0,0,0,0,0,0,1
U4387,17,33.5,25,11,7,2,2,3,25,3.8,1,0,0,0,0,0,0,0,0
U4388,22,34.1,24,12,6,2,3,4,18,3.6,0,1,0,0,0,0,0,0,0
U4389,13,22.4,19,10,5,1,1,3,32,3.0,0,0,0,1,0,0,0,0,1
U4390,23,35.2,24,12,9,3,3,4,18,3.3,0,0,0,0,0,0,1,0,0
U4391,4,8.5,3,3,1,1,0,2,46,2.2,0,1,0,0,0,0,0,0,1
U4392,25,51.3,30,18,13,5,6,4,9,4.2,0,1,0,0,0,0,0,0,0
U4393,18,32.9,24,13,8,2,4,4,24,3.6,0,0,0,1,0,0,0,0,0
U4394,23,38.5,25,14,8,2,4,3,21,3.2,1,0,0,0,0,0,0,0,1
U4395,22,39.2,26,12,6,2,3,4,16,3.6,0,0,0,0,0,1,0,0,0
U4396,20,29.0,24,11,7,3,3,4,22,3.5,1,0,0,0,0,0,0,0,0
U4397,4,1.8,4,1,1,0,0,2,47,1.5,0,0,0,0,0,0,1,0,1
U4398,11,28.2,14,10,6,1,3,3,34,3.0,0,1,0,0,0,0,0,0,1
U4399,14,22.1,13,10,6,1,2,3,26,3.1,0,0,0,1,0,0,0,0,1
U4400,4,8.4,2,3,1,0,0,2,47,1.5,0,0,0,1,0,0,0,0,1
U4401,23,42.3,27,17,12,3,5,4,14,3.9,0,1,0,0,0,0,0,0,0
U4402,20,27.8,23,11,7,2,2,4,19,3.7,0,1,0,0,0,0,0,0,0
U4403,12,19.4,18,7,5,1,2,3,36,3.2,0,0,1,0,0,0,0,0,1
U4404,21,40.4,24,16,12,4,5,4,13,3.9,0,1,0,0,0,0,0,0,0
U4405,22,33.9,23,16,10,3,5,4,21,3.4,0,1,0,0,0,0,0,0,0
U4406,4,8.4,3,4,1,0,1,2,46,1.8,0,1,0,0,0,0,0,0,1
U4407,14,26.0,21,9,5,1,2,3,23,3.3,0,0,0,0,0,0,1,0,1
U4408,4,6.4,6,5,1,0,0,2,41,2.2,0,1,0,0,0,0,0,0,1
U4409,6,8.8,5,3,2,1,1,2,49,2.1,1,0,0,0,0,0,0,0,1
U4410,11,11.9,12,7,3,1,0,2,37,2.4,0,0,0,1,0,0,0,0,1
U4411,10,23.0,12,7,4,1,1,2,34,2.8,1,0,0,0,0,0,0,0,1
U4412,17,16.5,17,9,6,1,2,2,33,3.0,0,0,0,1,0,0,0,0,1
U4413,10,17.7,11,7,3,1,0,2,34,2.5,0,0,0,0,1,0,0,0,1
U4414,15,25.3,22,13,6,2,3,3,29,3.1,0,0,0,1,0,0,0,0,0
U4415,14,33.3,21,12,7,2,2,3,25,3.4,0,0,0,0,0,0,0,1,1
U4416,22,41.0,30,15,12,4,6,4,6,4.0,0,0,0,0,0,1,0,0,0
U4417,16,32.7,24,11,8,2,3,4,20,3.8,0,0,0,0,0,0,0,1,0
U4418,18,25.0,21,9,5,2,2,3,22,3.1,1,0,0,0,0,0,0,0,0
U4419,25,34.8,29,16,11,4,5,4,15,4.2,0,1,0,0,0,0,0,0,0
U4420,8,15.9,8,6,2,1,0,2,38,2.2,0,0,0,0,1,0,0,0,1
U4421,18,35.7,26,10,6,1,2,3,23,4.2,0,0,0,0,0,1,0,0,0
U4422,10,20.5,16,9,3,1,2,3,40,2.6,0,0,0,0,0,1,0,0,1
U4423,25,43.8,31,15,11,4,6,4,12,4.1,0,0,0,0,0,0,0,1,0
U4424,18,34.9,24,15,9,3,3,4,18,3.8,0,0,0,1,0,0,0,0,0
U4425,8,15.5,14,5,2,0,0,2,34,2.5,0,0,0,0,0,0,1,0,1
U4426,24,45.6,32,17,13,4,5,4,4,4.2,0,0,0,0,0,0,1,0,0
U4427,20,35.2,25,14,10,3,4,4,14,3.7,0,0,0,0,0,0,1,0,0
U4428,14,27.7,16,8,4,0,1,3,29,3.5,0,0,0,0,0,0,0,1,0
U4429,2,9.1,9,2,0,1,0,2,38,2.5,0,1,0,0,0,0,0,0,1
U4430,16,28.1,16,11,7,2,2,3,29,3.0,0,0,0,1,0,0,0,0,1
U4431,19,39.2,29,14,9,2,4,4,19,3.4,0,0,0,0,0,0,0,1,0
U4432,22,48.4,29,16,10,3,5,4,15,4.1,0,1,0,0,0,0,0,0,0
U4433,17,25.8,19,12,8,2,3,3,30,3.2,0,1,0,0,0,0,0,0,0
U4434,10,18.2,14,8,4,1,1,2,30,3.2,0,0,0,0,0,1,0,0,0
U4435,26,46.6,32,18,13,4,7,4,4,4.4,0,1,0,0,0,0,0,0,0
U4436,15,23.4,19,10,5,1,2,3,33,3.0,0,0,1,0,0,0,0,0,1
U4437,16,29.8,20,11,6,1,2,3,26,2.9,0,0,0,1,0,0,0,0,0
U4438,10,17.7,11,5,2,1,1,2,39,2.4,0,0,0,0,0,0,0,1,1
U4439,23,37.2,27,15,10,3,4,4,8,3.7,0,0,0,0,0,0,0,1,0
U4440,21,38.7,26,15,9,3,4,4,22,3.5,0,0,0,0,0,0,0,1,0
U4441,5,17.0,13,4,0,0,0,2,45,2.1,0,0,0,0,1,0,0,0,1
U4442,25,39.8,35,15,11,3,6,4,8,3.9,1,0,0,0,0,0,0,0,0
U4443,23,46.4,33,18,14,4,6,5,14,4.2,0,0,0,1,0,0,0,0,0
U4444,17,24.4,20,11,5,2,2,4,24,3.5,0,1,0,0,0,0,0,0,0
U4445,9,16.8,14,6,2,0,0,2,43,2.8,0,1,0,0,0,0,0,0,1
U4446,20,41.5,27,14,11,4,6,4,8,4.1,0,0,0,0,1,0,0,0,0
U4447,18,34.4,24,13,8,2,2,4,21,3.2,1,0,0,0,0,0,0,0,0
U4448,3,5.7,6,1,1,1,0,1,48,1.5,0,1,0,0,0,0,0,0,1
U4449,19,27.8,20,12,8,3,3,3,24,3.2,0,0,0,0,0,0,1,0,1
U4450,11,19.0,10,5,2,1,0,2,40,2.1,0,1,0,0,0,0,0,0,1
U4451,25,45.6,31,17,14,5,7,4,3,4.3,0,0,0,0,0,1,0,0,0
U4452,10,18.7,14,9,3,1,0,2,39,2.8,0,1,0,0,0,0,0,0,1
U4453,10,22.6,15,9,5,1,1,3,37,2.9,1,0,0,0,0,0,0,0,0
U4454,4,8.8,6,4,2,0,1,1,50,2.2,0,0,0,0,0,0,0,1,1
U4455,17,31.8,22,9,4,1,1,3,21,3.2,0,0,0,0,0,0,0,1,1
U4456,20,37.6,28,15,9,3,4,4,15,3.5,1,0,0,0,0,0,0,0,0
U4457,15,35.8,23,12,6,2,2,3,25,3.2,0,0,0,0,0,0,1,0,0
U4458,7,9.0,3,2,0,0,0,2,44,1.5,1,0,0,0,0,0,0,0,1
U4459,4,6.4,8,5,1,0,0,2,46,2.1,0,1,0,0,0,0,0,0,1
U4460,16,32.7,20,11,6,2,3,4,25,2.7,0,0,0,0,0,0,0,1,1
U4461,23,40.0,32,16,10,3,3,4,14,3.9,0,0,0,0,1,0,0,0,0
U4462,13,29.4,20,10,5,1,3,3,28,3.5,1,0,0,0,0,0,0,0,0
U4463,10,19.3,13,6,3,0,1,3,33,2.6,0,0,0,0,0,1,0,0,1
U4464,25,37.7,29,14,8,2,3,4,14,3.8,0,0,0,0,0,1,0,0,0
U4465,12,20.0,14,7,4,1,1,2,34,2.8,1,0,0,0,0,0,0,0,1
U4466,19,30.9,26,11,7,1,3,3,18,3.3,0,0,0,1,0,0,0,0,0
U4467,5,7.1,8,2,1,1,0,1,42,1.5,0,0,0,0,1,0,0,0,1
U4468,21,39.5,28,14,8,3,4,4,13,3.5,1,0,0,0,0,0,0,0,0
U4469,12,22.7,16,9,5,1,1,3,30,3.1,1,0,0,0,0,0,0,0,1
U4470,19,32.1,23,14,8,3,3,3,19,3.9,0,0,0,0,0,0,1,0,0
U4471,21,41.6,32,16,11,3,5,4,22,4.1,0,0,0,1,0,0,0,0,0
U4472,12,23.2,14,8,4,0,1,3,37,2.4,0,1,0,0,0,0,0,0,1
U4473,14,30.6,22,11,6,1,3,3,23,3.5,1,0,0,0,0,0,0,0,0
U4474,26,48.5,34,19,14,6,8,4,7,4.2,0,0,0,0,0,0,1,0,0
U4475,15,28.3,24,9,4,1,2,3,27,3.3,0,0,0,1,0,0,0,0,0
U4476,11,25.1,16,9,5,1,1,3,30,3.1,0,1,0,0,0,0,0,0,0
U4477,26,47.7,32,17,13,5,6,4,7,4.0,0,0,1,0,0,0,0,0,0
U4478,14,36.5,29,12,8,2,2,4,16,3.7,0,0,0,0,0,0,0,1,0
U4479,14,25.4,17,11,4,1,2,3,25,2.7,0,0,0,1,0,0,0,0,1
U4480,7,15.0,9,4,3,0,0,2,41,1.8,0,0,0,0,0,0,1,0,1
U4481,17,27.5,21,11,6,2,2,3,23,3.1,0,0,0,0,0,0,0,1,0
U4482,11,14.7,15,8,3,1,1,2,39,2.8,1,0,0,0,0,0,0,0,1
U4483,26,38.5,32,18,13,6,7,4,11,4.4,0,0,0,0,1,0,0,0,0
U4484,13,26.9,20,10,5,1,2,3,29,3.0,1,0,0,0,0,0,0,0,1
U4485,15,28.0,15,10,6,2,2,3,34,2.9,0,0,1,0,0,0,0,0,1
U4486,19,34.6,25,13,8,3,3,3,19,3.9,0,0,0,1,0,0,0,0,0
U4487,21,35.5,30,14,9,4,4,4,19,3.8,0,0,0,0,0,0,0,1,0
U4488,22,41.0,25,15,11,3,4,3,13,3.6,0,0,1,0,0,0,0,0,0
U4489,19,35.8,28,13,9,2,3,4,15,3.8,0,1,0,0,0,0,0,0,0
U4490,21,41.9,26,14,9,3,4,4,14,3.6,0,0,0,1,0,0,0,0,0
U4491,2,2.7,3,1,2,0,2,1,51,2.0,0,0,0,0,0,1,0,0,1
U4492,10,18.5,19,6,4,1,1,3,36,2.3,0,0,0,1,0,0,0,0,1
U4493,19,36.9,28,14,8,3,3,4,19,3.5,0,0,0,1,0,0,0,0,0
U4494,7,12.3,9,4,1,0,0,2,50,2.4,1,0,0,0,0,0,0,0,1
U4495,23,40.2,28,13,9,3,4,4,12,3.8,0,0,0,0,0,0,0,1,0
U4496,23,44.6,25,16,11,4,5,4,12,3.6,0,0,0,0,0,0,0,1,0
U4497,6,17.0,8,3,1,0,0,2,46,2.3,0,1,0,0,0,0,0,0,1
U4498,11,23.2,14,6,3,1,1,2,38,2.7,0,0,0,1,0,0,0,0,1
U4499,12,18.6,12,8,5,1,2,3,33,2.7,0,1,0,0,0,0,0,0,1
U4500,22,39.5,28,15,11,4,4,4,20,3.9,0,0,0,1,0,0,0,0,0
U4501,12,23.4,11,8,4,1,1,2,36,2.4,0,0,0,0,0,1,0,0,1
U4502,5,13.7,9,5,2,0,1,2,40,3.0,0,0,0,1,0,0,0,0,1
U4503,20,34.7,29,13,8,3,3,4,17,3.9,0,1,0,0,0,0,0,0,0
U4504,17,30.9,26,12,8,3,4,3,25,3.1,0,0,0,0,0,1,0,0,1
U4505,14,29.1,20,10,6,2,2,3,22,3.3,0,0,0,0,0,1,0,0,0
U4506,15,25.4,17,10,5,1,1,3,26,3.1,0,0,0,0,0,1,0,0,1
U4507,21,33.0,23,11,8,3,3,4,22,3.6,0,0,0,0,0,1,0,0,0
U4508,11,24.1,16,6,2,1,1,3,26,2.9,0,0,0,0,1,0,0,0,1
U4509,13,21.0,19,7,4,1,1,3,31,2.8,0,0,0,0,0,0,1,0,1
U4510,8,12.8,7,5,3,0,0,2,44,2.4,1,0,0,0,0,0,0,0,1
U4511,26,43.7,31,17,11,5,5,4,16,4.3,1,0,0,0,0,0,0,0,0
U4512,12,20.1,13,5,2,0,1,2,37,2.7,0,1,0,0,0,0,0,0,1
U4513,4,5.0,6,3,2,0,1,1,54,1.6,0,0,0,1,0,0,0,0,1
U4514,13,24.6,18,9,5,1,2,3,31,3.3,1,0,0,0,0,0,0,0,0
U4515,10,17.4,10,5,2,1,0,3,34,2.6,0,0,0,0,0,1,0,0,1
U4516,20,43.6,32,16,11,5,6,4,10,4.1,0,0,0,0,0,0,1,0,0
U4517,20,35.6,27,16,10,4,5,4,16,3.7,0,0,0,0,0,0,1,0,0
U4518,12,16.7,11,6,3,1,1,2,42,2.9,1,0,0,0,0,0,0,0,1
U4519,8,17.7,13,7,4,2,2,3,40,2.3,0,1,0,0,0,0,0,0,1
U4520,27,49.7,33,19,16,5,9,5,6,4.3,0,0,0,1,0,0,0,0,0
U4521,10,14.7,13,6,2,0,1,2,33,3.2,0,0,0,0,0,0,0,1,1
U4522,25,43.0,30,15,11,3,6,4,10,3.6,0,0,0,0,0,1,0,0,0
U4523,20,38.0,29,17,11,4,5,4,11,3.8,0,0,1,0,0,0,0,0,0
U4524,7,12.9,7,6,2,1,0,2,44,2.5,1,0,0,0,0,0,0,0,1
U4525,20,34.4,26,11,8,2,4,3,18,3.6,0,0,0,0,0,0,1,0,0
U4526,15,36.1,18,11,6,2,3,2,25,3.4,1,0,0,0,0,0,0,0,0
U4527,18,32.5,23,12,8,2,2,3,25,3.0,0,1,0,0,0,0,0,0,0
U4528,15,29.3,21,13,9,3,4,3,23,3.3,0,0,0,0,0,1,0,0,0
U4529,24,38.9,27,15,12,4,5,4,11,3.9,0,0,1,0,0,0,0,0,0
U4530,17,38.9,28,12,9,2,4,4,16,3.7,0,0,0,0,0,0,0,1,0
U4531,6,16.7,10,7,4,1,1,2,42,2.3,0,0,0,1,0,0,0,0,1
U4532,11,25.3,10,7,4,1,2,3,33,2.1,0,1,0,0,0,0,0,0,1
U4533,27,51.6,33,17,13,5,7,5,2,4.3,0,0,0,0,0,1,0,0,0
U4534,21,44.5,31,15,11,3,5,4,13,4.4,0,0,0,0,1,0,0,0,0
U4535,26,48.9,32,16,11,4,5,4,5,4.0,0,0,0,0,1,0,0,0,0
U4536,4,5.8,2,0,0,0,0,1,49,1.6,0,0,0,0,0,0,0,1,1
U4537,20,31.9,21,13,8,2,3,3,20,3.2,0,0,0,0,0,0,0,1,0
U4538,26,42.8,32,17,13,5,6,5,8,4.5,0,0,0,0,0,1,0,0,0
U4539,14,31.7,21,7,4,0,2,3,33,2.5,0,0,0,0,1,0,0,0,0
U4540,23,46.2,29,15,10,4,5,4,11,4.3,0,0,1,0,0,0,0,0,0
U4541,13,24.5,15,10,4,1,1,3,28,3.0,0,0,0,0,0,0,1,0,1
U4542,10,10.1,11,4,1,0,0,2,38,2.0,0,1,0,0,0,0,0,0,1
U4543,14,29.7,20,9,4,0,2,2,23,3.8,0,1,0,0,0,0,0,0,1
U4544,5,12.2,4,4,3,0,1,2,42,2.3,0,1,0,0,0,0,0,0,1
U4545,14,19.7,15,8,4,1,1,2,30,2.9,1,0,0,0,0,0,0,0,1
U4546,6,16.4,14,6,3,1,2,2,36,2.7,0,1,0,0,0,0,0,0,1
U4547,21,39.5,27,14,8,3,3,4,19,3.8,0,0,0,0,1,0,0,0,0
U4548,4,1.7,4,1,1,0,1,1,49,1.9,0,0,0,0,0,1,0,0,1
U4549,18,31.7,23,10,6,2,2,3,30,3.3,1,0,0,0,0,0,0,0,0
U4550,27,47.6,31,16,10,3,5,4,5,4.1,1,0,0,0,0,0,0,0,0
U4551,19,36.3,24,12,7,2,3,4,19,3.8,0,0,1,0,0,0,0,0,0
U4552,23,51.8,31,16,11,4,5,5,4,4.1,0,1,0,0,0,0,0,0,0
U4553,22,51.6,31,15,11,4,5,4,12,4.3,0,0,0,0,0,0,1,0,0
U4554,26,49.9,33,16,11,4,5,4,3,4.5,0,1,0,0,0,0,0,0,0
U4555,31,52.7,36,19,14,5,7,5,0,4.8,0,1,0,0,0,0,0,0,0
U4556,6,15.8,11,5,1,0,1,2,41,2.2,0,0,0,0,0,0,0,1,1
U4557,8,19.8,15,6,2,0,1,3,27,2.4,0,0,0,0,0,0,0,1,1
U4558,20,48.9,30,13,10,4,4,4,11,3.9,0,0,0,0,0,0,1,0,0
U4559,7,15.2,11,4,3,1,0,2,39,2.4,1,0,0,0,0,0,0,0,1
U4560,16,26.4,20,10,5,1,2,3,30,3.0,0,1,0,0,0,0,0,0,1
U4561,25,44.1,32,17,12,4,6,4,14,4.2,0,0,0,0,0,0,1,0,0
U4562,23,54.3,31,17,12,4,6,4,7,4.5,1,0,0,0,0,0,0,0,0
U4563,12,22.1,18,7,4,1,2,3,28,3.1,0,0,0,0,1,0,0,0,1
U4564,21,39.9,25,15,10,3,5,4,12,4.3,1,0,0,0,0,0,0,0,0
U4565,22,41.4,30,15,10,3,5,4,13,4.1,0,0,0,1,0,0,0,0,0
U4566,16,26.1,24,11,5,2,2,3,26,3.0,1,0,0,0,0,0,0,0,1
U4567,25,43.2,30,15,12,4,7,4,13,4.5,0,0,0,0,0,0,1,0,0
U4568,10,19.7,8,8,3,0,1,2,38,2.6,0,1,0,0,0,0,0,0,1
U4569,4,12.8,7,5,2,1,2,2,43,2.5,1,0,0,0,0,0,0,0,1
U4570,11,18.5,17,8,2,0,1,2,29,2.9,0,0,0,0,0,0,0,1,1
U4571,19,32.5,21,9,4,1,2,3,24,3.1,0,0,1,0,0,0,0,0,0
U4572,20,33.7,21,10,5,2,3,4,23,3.1,0,0,0,0,1,0,0,0,0
U4573,15,25.6,18,9,3,1,1,2,32,3.1,0,0,0,0,0,0,1,0,1
U4574,19,31.6,24,13,7,2,2,3,27,3.3,1,0,0,0,0,0,0,0,0
U4575,27,47.4,33,20,15,6,7,5,0,4.7,0,0,0,0,1,0,0,0,0
U4576,14,28.0,18,11,5,2,2,3,28,2.5,0,0,0,0,1,0,0,0,1
U4577,21,34.1,26,12,7,1,3,3,28,3.5,1,0,0,0,0,0,0,0,0
U4578,14,24.1,18,10,5,2,1,3,30,3.2,1,0,0,0,0,0,0,0,1
U4579,31,52.7,33,22,15,6,7,5,4,4.9,0,0,0,1,0,0,0,0,0
U4580,5,13.3,11,5,2,1,0,3,36,2.3,0,0,0,1,0,0,0,0,1
U4581,25,47.4,32,16,12,4,6,4,11,4.1,0,1,0,0,0,0,0,0,0
U4582,10,18.4,14,4,2,0,1,2,38,2.9,0,1,0,0,0,0,0,0,1
U4583,11,22.3,12,8,4,1,1,2,40,2.9,0,0,0,0,0,0,0,1,1
U4584,7,10.0,10,4,2,0,0,2,43,2.1,0,0,0,0,0,1,0,0,1
U4585,22,36.8,27,13,9,2,4,4,21,3.5,0,0,1,0,0,0,0,0,0
U4586,19,32.7,23,12,8,2,4,3,27,3.5,0,1,0,0,0,0,0,0,0
U4587,14,25.6,19,9,7,2,3,3,29,3.3,0,0,0,0,0,0,1,0,0
U4588,22,41.9,29,15,9,2,4,4,15,4.0,0,0,0,0,0,1,0,0,0
U4589,9,16.8,15,6,2,1,1,2,35,2.6,0,0,0,1,0,0,0,0,1
U4590,20,39.5,26,11,6,2,2,3,15,4.1,0,0,0,0,1,0,0,0,0
U4591,28,52.1,28,16,13,4,7,4,3,4.2,1,0,0,0,0,0,0,0,0
U4592,15,26.6,13,8,5,2,2,3,34,3.0,0,0,0,0,1,0,0,0,1
U4593,11,24.6,16,8,5,1,3,3,36,2.6,0,0,0,0,1,0,0,0,1
U4594,17,34.9,25,10,5,1,3,3,18,3.4,1,0,0,0,0,0,0,0,0
U4595,25,46.1,29,16,11,4,6,4,9,4.2,0,0,0,1,0,0,0,0,0
U4596,18,33.0,24,12,8,2,4,4,19,3.7,0,0,0,0,0,0,0,1,0
U4597,17,29.9,19,12,7,2,2,3,23,2.7,0,0,0,1,0,0,0,0,1
U4598,8,22.3,16,7,5,1,2,3,40,2.5,0,0,0,0,1,0,0,0,1
U4599,24,38.1,26,16,12,4,6,4,13,3.3,0,0,0,0,0,0,1,0,0
U4600,22,43.9,27,16,11,4,5,4,19,3.4,1,0,0,0,0,0,0,0,0
U4601,13,28.6,22,12,6,2,2,3,19,3.6,0,0,0,0,1,0,0,0,0
U4602,20,32.5,23,12,8,2,4,4,23,3.4,1,0,0,0,0,0,0,0,0
U4603,19,33.3,21,13,7,3,3,4,27,4.0,0,0,0,0,0,0,0,1,0
U4604,7,8.7,6,3,1,0,0,1,45,1.8,0,0,0,0,0,0,0,1,1
U4605,19,29.3,20,11,7,2,3,3,25,3.6,1,0,0,0,0,0,0,0,0
U4606,16,40.4,25,12,6,2,2,4,22,3.6,0,0,0,0,0,0,1,0,0
U4607,24,45.7,28,17,12,5,6,4,11,4.2,0,0,1,0,0,0,0,0,0
U4608,19,38.7,28,12,9,2,3,3,19,3.2,0,0,0,1,0,0,0,0,0
U4609,18,34.9,21,12,7,3,3,4,19,3.4,0,0,0,0,0,0,0,1,0
U4610,10,20.2,10,8,4,1,2,2,39,2.6,0,0,0,1,0,0,0,0,1
U4611,15,25.0,17,8,6,1,3,3,26,2.9,0,0,0,0,1,0,0,0,1
U4612,0,2.8,3,0,0,0,0,2,53,1.8,0,0,0,0,1,0,0,0,1
U4613,4,12.1,8,2,1,0,0,2,44,1.9,0,0,0,1,0,0,0,0,1
U4614,4,9.7,5,5,2,1,1,2,44,1.8,0,0,0,0,1,0,0,0,1
U4615,20,36.1,25,14,10,2,4,3,12,3.6,0,1,0,0,0,0,0,0,0
U4616,16,34.4,23,10,6,2,4,4,22,3.6,0,0,0,1,0,0,0,0,0
U4617,24,42.6,28,13,9,3,4,4,20,4.2,0,1,0,0,0,0,0,0,0
U4618,7,10.7,3,4,3,0,0,2,47,1.9,0,1,0,0,0,0,0,0,1
U4619,18,32.2,19,10,5,1,2,3,26,2.5,0,0,0,0,1,0,0,0,1
U4620,15,23.6,22,10,6,2,1,3,27,3.2,0,0,0,0,0,0,1,0,1
U4621,22,35.8,25,13,7,2,3,4,21,4.1,1,0,0,0,0,0,0,0,0
U4622,14,24.3,18,9,5,1,1,3,23,2.7,0,0,0,0,0,1,0,0,0
U4623,12,18.2,15,8,5,1,1,2,37,2.9,0,0,0,0,0,0,0,1,1
U4624,23,45.2,29,16,13,4,5,4,11,4.0,0,0,0,0,0,1,0,0,0
U4625,25,45.7,30,16,11,4,5,4,9,3.9,0,0,0,0,0,0,0,1,0
U4626,16,24.6,16,8,3,1,1,2,32,2.2,0,0,0,1,0,0,0,0,1
U4627,1,8.0,1,1,0,1,0,1,53,1.6,0,0,0,0,0,0,0,1,1
U4628,19,38.9,24,13,8,3,4,4,21,4.0,1,0,0,0,0,0,0,0,0
U4629,15,17.7,15,6,2,1,1,1,30,2.5,0,1,0,0,0,0,0,0,1
U4630,18,26.8,23,12,8,2,3,3,22,3.3,1,0,0,0,0,0,0,0,0
U4631,14,36.6,26,11,6,2,3,3,22,3.0,0,0,0,1,0,0,0,0,1
U4632,7,7.2,9,4,1,0,0,2,48,2.3,1,0,0,0,0,0,0,0,1
U4633,18,34.0,24,13,7,2,3,4,22,3.5,0,0,0,0,0,0,1,0,0
U4634,16,31.1,19,13,8,4,3,4,20,3.5,0,0,0,0,1,0,0,0,1
U4635,25,42.1,29,14,9,4,4,4,17,3.4,0,0,0,0,0,1,0,0,0
U4636,25,44.4,30,16,12,4,5,4,16,3.5,0,1,0,0,0,0,0,0,0
U4637,22,35.8,26,13,8,3,3,4,17,3.8,0,0,0,0,0,0,0,1,0
U4638,16,34.8,23,11,7,2,3,4,22,3.5,0,0,0,0,0,0,1,0,0
U4639,10,23.2,15,7,5,1,1,3,34,2.4,0,0,0,0,0,1,0,0,1
U4640,14,24.3,15,9,6,2,2,3,27,3.6,0,1,0,0,0,0,0,0,1
U4641,25,43.0,28,14,9,3,5,5,10,4.1,0,0,0,1,0,0,0,0,0
U4642,15,31.3,18,10,6,2,2,3,26,3.2,1,0,0,0,0,0,0,0,1
U4643,28,50.8,32,17,12,4,5,4,9,4.3,0,0,0,0,0,0,1,0,0
U4644,24,41.1,29,15,10,4,3,3,13,4.1,0,0,0,1,0,0,0,0,0
U4645,12,12.9,15,8,3,1,1,3,36,2.9,1,0,0,0,0,0,0,0,1
U4646,13,27.9,18,10,7,1,2,3,26,2.9,0,0,0,0,0,0,0,1,1
U4647,8,20.5,16,6,2,0,1,2,36,2.5,0,0,0,0,0,1,0,0,1
U4648,24,43.1,33,17,12,4,6,4,14,4.0,1,0,0,0,0,0,0,0,0
U4649,16,37.9,21,12,5,2,2,3,23,3.3,0,0,0,1,0,0,0,0,1
U4650,17,26.5,17,12,8,3,3,4,27,3.6,0,0,0,0,0,0,0,1,1
U4651,20,32.3,25,14,9,3,4,3,22,3.5,0,0,1,0,0,0,0,0,0
U4652,28,48.8,33,20,16,6,8,5,7,4.4,0,1,0,0,0,0,0,0,0
U4653,28,50.4,33,19,15,6,8,5,2,4.4,0,0,0,0,0,1,0,0,0
U4654,17,26.4,17,8,4,0,2,2,26,3.0,1,0,0,0,0,0,0,0,1
U4655,26,43.2,31,16,12,5,6,4,12,4.1,0,0,1,0,0,0,0,0,0
U4656,23,44.5,30,17,11,3,5,4,8,4.0,0,1,0,0,0,0,0,0,0
U4657,22,38.0,26,14,7,2,3,4,20,3.7,1,0,0,0,0,0,0,0,0
U4658,31,49.9,35,19,15,6,9,5,5,4.6,0,0,0,1,0,0,0,0,0
U4659,10,15.5,9,4,3,1,1,2,36,2.4,1,0,0,0,0,0,0,0,1
U4660,11,19.6,12,6,2,0,1,3,35,2.9,1,0,0,0,0,0,0,0,1
U4661,25,44.0,31,17,10,3,4,4,10,4.3,0,0,0,0,0,0,0,1,0
U4662,11,24.4,11,7,3,1,1,2,38,3.0,0,0,1,0,0,0,0,0,0
U4663,19,37.2,23,11,7,2,3,3,26,3.6,0,0,0,1,0,0,0,0,0
U4664,10,20.2,11,5,1,1,1,2,45,2.2,0,0,0,0,0,0,1,0,1
U4665,10,22.1,16,5,2,0,1,3,38,2.6,0,0,0,0,0,0,1,0,1
U4666,21,34.2,24,14,9,3,4,4,22,3.6,1,0,0,0,0,0,0,0,0
U4667,19,36.0,24,13,8,2,3,4,26,3.6,0,1,0,0,0,0,0,0,0
U4668,10,21.3,15,6,4,1,1,2,34,2.6,0,0,1,0,0,0,0,0,1
U4669,21,40.8,26,15,10,3,3,3,21,3.4,1,0,0,0,0,0,0,0,0
U4670,13,22.7,15,9,4,1,1,3,35,2.6,0,0,0,1,0,0,0,0,1
U4671,20,37.5,27,11,8,3,4,4,18,3.6,0,0,0,0,0,1,0,0,0
U4672,16,25.9,25,12,6,1,2,3,23,3.2,0,1,0,0,0,0,0,0,0
U4673,17,33.4,21,11,6,2,2,3,21,3.3,0,0,1,0,0,0,0,0,0
U4674,15,27.0,16,11,6,1,2,3,27,3.0,0,0,0,0,0,0,0,1,1
U4675,3,9.2,7,4,2,0,1,2,45,2.1,0,0,0,0,1,0,0,0,1
U4676,13,27.0,14,9,5,2,2,3,29,3.1,0,0,0,0,0,0,0,1,0
U4677,22,32.1,23,11,7,2,3,3,16,3.5,0,0,0,1,0,0,0,0,0
U4678,12,29.3,16,8,5,1,1,3,34,3.0,0,0,0,0,0,0,1,0,1
U4679,28,45.6,34,17,13,5,7,4,14,4.5,0,0,1,0,0,0,0,0,0
U4680,24,42.0,23,13,8,3,4,4,13,3.6,0,0,0,1,0,0,0,0,0
U4681,15,25.5,18,12,7,2,3,3,21,3.5,0,0,0,0,1,0,0,0,1
U4682,19,35.3,25,12,7,2,2,4,19,3.4,0,0,0,0,0,0,1,0,0
U4683,2,8.8,6,1,0,0,0,2,44,1.8,0,0,0,1,0,0,0,0,1
U4684,4,10.0,3,5,2,1,0,2,43,1.6,1,0,0,0,0,0,0,0,1
U4685,17,31.4,24,9,6,1,3,3,24,3.1,0,1,0,0,0,0,0,0,0
U4686,21,36.2,28,13,8,3,3,4,19,3.3,0,0,0,0,0,1,0,0,0
U4687,20,40.1,25,15,10,3,4,4,15,4.0,1,0,0,0,0,0,0,0,0
U4688,23,45.3,31,15,12,4,7,4,15,4.3,0,0,0,0,0,0,0,1,0
U4689,11,29.8,12,8,2,0,1,2,29,2.7,0,0,0,0,0,0,0,1,0
U4690,2,0.0,2,0,0,0,0,1,52,1.4,0,0,0,0,0,0,1,0,1
U4691,9,14.9,8,4,2,0,0,2,48,2.0,0,0,1,0,0,0,0,0,1
U4692,15,23.9,17,9,4,1,2,3,31,2.8,0,0,0,0,0,1,0,0,1
U4693,9,17.0,11,7,3,0,1,2,40,2.6,0,0,0,0,0,0,0,1,1
U4694,2,6.5,7,5,1,0,0,1,46,2.2,0,0,0,0,0,1,0,0,1
U4695,26,43.1,31,17,11,4,6,4,11,4.0,0,0,0,0,0,0,1,0,0
U4696,22,33.6,24,12,8,2,3,3,20,3.6,0,0,0,0,1,0,0,0,0
U4697,14,28.7,17,11,5,1,3,3,29,3.1,0,0,0,0,0,0,1,0,1
U4698,11,20.2,15,6,3,1,1,2,35,2.6,0,0,0,0,0,1,0,0,0
U4699,14,29.9,21,10,4,1,2,4,29,3.3,1,0,0,0,0,0,0,0,0
U4700,18,31.4,21,12,6,2,2,3,20,3.2,1,0,0,0,0,0,0,0,0
U4701,26,39.4,29,14,10,4,5,4,15,4.1,0,0,1,0,0,0,0,0,0
U4702,15,26.5,16,9,6,1,3,3,31,2.9,0,1,0,0,0,0,0,0,0
U4703,15,18.0,11,7,3,1,1,3,36,2.3,1,0,0,0,0,0,0,0,1
U4704,25,47.5,32,16,13,5,6,5,12,4.3,1,0,0,0,0,0,0,0,0
U4705,17,36.2,24,13,9,3,3,4,19,3.6,0,0,0,0,0,0,1,0,1
U4706,19,29.6,21,11,7,2,3,3,24,3.1,1,0,0,0,0,0,0,0,0
U4707,18,29.4,21,12,8,3,3,4,24,3.4,0,0,0,0,0,0,1,0,0
U4708,16,31.1,20,12,8,2,3,4,22,3.1,0,0,0,0,0,0,0,1,0
U4709,15,20.1,19,9,4,2,2,3,31,2.6,1,0,0,0,0,0,0,0,0
U4710,13,24.6,16,9,4,1,2,2,30,2.9,1,0,0,0,0,0,0,0,1
U4711,11,26.0,17,8,5,1,2,3,35,2.9,1,0,0,0,0,0,0,0,1
U4712,7,10.5,6,3,0,0,0,2,45,2.2,0,1,0,0,0,0,0,0,1
U4713,22,47.1,26,12,9,3,5,5,12,3.7,0,0,0,0,0,0,1,0,0
U4714,6,8.9,5,3,1,0,1,2,46,2.0,0,1,0,0,0,0,0,0,1
U4715,21,43.2,29,13,9,4,4,4,15,3.6,0,0,0,0,0,0,1,0,0
U4716,16,30.8,19,9,5,1,2,3,27,3.2,0,0,1,0,0,0,0,0,0
U4717,20,40.2,21,13,7,2,2,4,17,3.5,0,0,0,0,1,0,0,0,0
U4718,4,1.9,0,1,0,0,1,1,51,1.9,0,0,0,0,0,1,0,0,1
U4719,19,37.5,29,15,10,3,5,4,12,3.6,0,0,1,0,0,0,0,0,0
U4720,13,24.1,17,9,7,1,2,3,31,3.2,0,0,0,0,0,0,1,0,1
U4721,19,32.5,22,13,7,2,3,3,30,3.7,0,0,0,0,0,1,0,0,0
U4722,7,13.5,9,7,3,0,1,2,38,2.2,0,0,0,0,0,1,0,0,1
U4723,8,17.5,10,6,3,0,1,2,35,2.3,0,0,1,0,0,0,0,0,1
U4724,16,34.0,21,10,5,2,2,3,28,3.0,0,0,0,0,0,0,1,0,1
U4725,20,38.8,24,12,8,3,3,4,18,3.5,0,1,0,0,0,0,0,0,0
U4726,6,15.4,13,8,4,1,2,2,35,2.7,0,1,0,0,0,0,0,0,1
U4727,10,20.7,14,6,4,1,2,3,32,2.5,0,1,0,0,0,0,0,0,1
U4728,27,55.7,35,17,13,4,6,5,0,4.0,0,0,0,0,0,1,0,0,0
U4729,12,20.4,17,7,3,2,0,3,29,2.4,0,0,0,0,0,0,1,0,1
U4730,17,27.2,19,10,6,1,3,3,25,2.9,0,1,0,0,0,0,0,0,1
U4731,16,25.2,17,9,5,2,2,3,32,3.4,0,0,0,0,1,0,0,0,1
U4732,24,43.4,31,17,12,3,5,4,14,4.4,0,0,1,0,0,0,0,0,0
U4733,29,50.6,35,14,10,4,4,4,11,4.2,0,0,0,0,0,1,0,0,0
U4734,25,46.3,30,17,12,5,5,5,3,4.2,1,0,0,0,0,0,0,0,0
U4735,18,35.2,24,13,9,2,4,4,25,3.0,0,0,0,0,0,0,1,0,0
U4736,18,27.3,21,9,6,1,2,3,29,2.7,0,0,1,0,0,0,0,0,1
U4737,21,35.3,28,15,10,4,5,3,11,3.6,0,1,0,0,0,0,0,0,0
U4738,20,36.3,28,14,9,2,3,4,14,3.8,0,0,0,0,0,0,0,1,0
U4739,14,16.9,14,8,4,1,1,2,33,3.5,0,1,0,0,0,0,0,0,1
U4740,25,43.5,32,13,8,2,4,5,15,4.2,0,0,0,0,1,0,0,0,0
U4741,18,33.4,21,12,7,2,2,3,22,3.3,0,0,0,0,1,0,0,0,0
U4742,4,6.6,2,4,0,1,0,2,44,2.1,0,0,0,1,0,0,0,0,1
U4743,10,17.7,13,6,3,0,0,3,37,2.7,0,0,0,1,0,0,0,0,1
U4744,18,28.3,21,13,8,3,3,3,23,3.3,1,0,0,0,0,0,0,0,0
U4745,21,33.1,27,14,9,3,4,4,17,3.8,0,1,0,0,0,0,0,0,0
U4746,18,29.8,21,14,9,2,3,4,16,3.1,0,0,0,0,0,1,0,0,0
U4747,24,47.7,31,17,13,5,7,4,9,4.0,1,0,0,0,0,0,0,0,0
U4748,10,14.4,9,7,3,1,1,2,41,2.3,0,1,0,0,0,0,0,0,1
U4749,16,30.3,24,11,6,2,3,3,26,2.9,0,0,0,0,0,0,1,0,0
U4750,22,46.8,28,15,9,2,4,3,14,3.9,0,0,0,0,0,0,1,0,0
U4751,18,34.9,22,9,6,2,2,3,21,3.5,0,0,1,0,0,0,0,0,1
U4752,9,22.6,14,8,3,1,1,2,35,3.0,0,0,0,1,0,0,0,0,1
U4753,7,11.8,12,5,2,0,0,3,36,2.2,1,0,0,0,0,0,0,0,1
U4754,8,15.3,8,6,3,1,1,2,45,1.6,0,0,0,0,0,0,1,0,1
U4755,13,27.9,20,9,7,2,3,3,35,3.3,1,0,0,0,0,0,0,0,1
U4756,20,38.3,27,14,9,3,3,4,20,3.3,1,0,0,0,0,0,0,0,1
U4757,15,26.2,17,11,5,1,2,3,26,3.5,0,0,0,0,0,0,0,1,0
U4758,30,48.9,37,20,15,6,9,4,2,4.9,0,0,0,1,0,0,0,0,0
U4759,6,14.1,8,3,1,0,1,2,43,2.0,0,1,0,0,0,0,0,0,1
U4760,19,30.1,21,13,7,2,3,3,28,3.0,0,0,0,1,0,0,0,0,0
U4761,8,14.0,11,5,3,1,2,2,40,2.0,0,0,0,0,1,0,0,0,1
U4762,4,8.4,4,5,1,1,0,2,43,1.5,0,0,0,0,0,0,1,0,1
U4763,30,48.0,36,18,14,5,7,5,7,4.6,0,0,0,1,0,0,0,0,0
U4764,24,46.9,31,17,13,5,7,4,9,4.1,0,1,0,0,0,0,0,0,0
U4765,15,28.8,20,9,4,1,2,3,28,3.4,0,0,0,0,0,0,0,1,1
U4766,20,40.3,29,15,10,3,5,3,21,4.1,1,0,0,0,0,0,0,0,0
U4767,10,18.9,10,5,2,0,1,2,35,2.0,0,0,0,0,0,0,1,0,1
U4768,7,16.9,10,4,2,1,0,2,45,2.4,0,0,0,0,0,1,0,0,1
U4769,1,1.8,3,0,0,0,0,1,49,2.3,1,0,0,0,0,0,0,0,1
U4770,19,36.7,27,14,8,3,3,4,22,3.4,0,0,0,1,0,0,0,0,0
U4771,23,43.8,33,16,9,3,3,5,16,4.3,1,0,0,0,0,0,0,0,0
U4772,13,22.2,16,8,3,1,2,2,32,2.8,0,0,1,0,0,0,0,0,1
U4773,6,4.3,7,4,2,1,1,1,46,2.1,0,0,0,0,0,1,0,0,1
U4774,21,35.4,25,13,9,3,4,4,11,3.7,1,0,0,0,0,0,0,0,0
U4775,21,38.2,22,12,7,1,2,4,18,3.3,0,0,1,0,0,0,0,0,0
U4776,19,37.4,25,12,6,2,2,3,17,3.2,1,0,0,0,0,0,0,0,0
U4777,10,22.9,12,5,2,1,1,2,35,2.4,1,0,0,0,0,0,0,0,1
U4778,13,20.5,18,11,5,1,2,3,30,2.7,1,0,0,0,0,0,0,0,0
U4779,25,50.7,32,16,12,5,6,5,8,4.4,0,0,0,0,0,1,0,0,0
U4780,10,19.7,16,6,3,1,0,3,35,3.1,0,0,0,0,1,0,0,0,1
U4781,25,42.8,29,16,10,3,5,5,9,4.5,1,0,0,0,0,0,0,0,0
U4782,17,23.7,20,9,5,1,3,3,25,3.1,0,0,1,0,0,0,0,0,0
U4783,18,34.9,21,12,5,1,2,3,24,3.7,0,1,0,0,0,0,0,0,0
U4784,19,32.5,27,12,7,2,3,3,19,3.8,0,0,0,0,0,0,1,0,0
U4785,24,44.1,33,17,12,5,6,5,4,4.3,0,0,1,0,0,0,0,0,0
U4786,18,31.2,19,11,5,1,2,3,23,3.7,1,0,0,0,0,0,0,0,1
U4787,7,12.0,8,5,1,0,0,2,42,1.7,0,0,0,0,0,0,0,1,1
U4788,4,5.7,1,2,2,0,0,1,53,1.6,0,0,0,0,0,0,1,0,1
U4789,22,41.0,27,16,11,4,5,3,20,4.0,0,0,0,1,0,0,0,0,0
U4790,13,28.4,12,6,2,1,1,3,35,2.6,1,0,0,0,0,0,0,0,1
U4791,19,38.5,31,12,7,3,2,4,13,3.4,0,0,0,0,0,0,1,0,0
U4792,5,11.9,6,4,1,1,0,1,49,1.7,1,0,0,0,0,0,0,0,1
U4793,9,12.4,10,5,2,0,0,2,42,2.0,0,0,0,0,1,0,0,0,1
U4794,19,36.6,22,10,6,1,3,3,24,3.3,0,0,0,1,0,0,0,0,0
U4795,23,39.1,29,13,9,4,5,4,10,4.0,0,0,0,0,1,0,0,0,0
U4796,10,19.4,17,8,5,1,2,2,33,3.1,0,0,0,0,0,1,0,0,1
U4797,21,41.9,33,17,13,4,6,4,15,3.7,1,0,0,0,0,0,0,0,0
U4798,7,14.9,8,7,4,0,1,1,37,2.2,0,0,0,1,0,0,0,0,1
U4799,5,8.0,7,2,1,0,0,2,48,1.8,0,0,0,0,1,0,0,0,1
U4800,15,29.6,22,11,5,1,2,3,24,3.5,0,0,0,1,0,0,0,0,1
U4801,13,21.7,17,9,4,1,2,3,34,3.1,0,1,0,0,0,0,0,0,1
U4802,13,22.3,17,8,4,0,2,3,36,2.5,0,0,0,0,0,0,1,0,0
U4803,16,31.9,24,10,6,1,2,3,18,2.9,0,0,0,0,0,0,1,0,0
U4804,12,22.5,16,10,4,0,1,2,31,3.1,0,0,0,0,0,0,1,0,1
U4805,10,12.8,13,6,2,0,0,3,40,2.5,0,0,0,1,0,0,0,0,1
U4806,20,38.5,30,15,10,3,5,4,10,3.9,1,0,0,0,0,0,0,0,0
U4807,21,39.0,23,13,10,4,4,3,16,3.3,0,0,0,0,1,0,0,0,0
U4808,17,32.0,22,12,8,2,4,3,21,3.4,0,1,0,0,0,0,0,0,0
U4809,26,49.5,34,19,15,5,8,4,5,4.2,0,0,0,0,0,1,0,0,0
U4810,10,27.4,16,8,4,1,1,2,30,2.5,0,0,0,1,0,0,0,0,1
U4811,23,32.1,26,15,9,3,4,4,17,3.5,0,0,0,0,0,0,0,1,0
U4812,21,41.1,28,14,10,4,5,3,13,4.2,0,0,0,1,0,0,0,0,0
U4813,19,33.6,18,10,7,1,3,3,24,3.2,1,0,0,0,0,0,0,0,0
U4814,28,42.5,36,20,14,5,7,4,9,4.4,0,1,0,0,0,0,0,0,0
U4815,8,19.2,13,7,3,1,1,2,29,2.3,0,0,1,0,0,0,0,0,1
U4816,15,24.7,14,9,5,1,1,3,25,3.5,1,0,0,0,0,0,0,0,0
U4817,23,41.4,28,16,11,4,5,4,13,3.8,0,0,0,0,0,0,0,1,0
U4818,6,11.3,10,4,2,1,0,2,42,2.4,0,0,1,0,0,0,0,0,1
U4819,15,27.3,19,13,7,1,3,4,28,2.7,1,0,0,0,0,0,0,0,0
U4820,11,22.8,12,7,4,0,1,2,34,2.8,1,0,0,0,0,0,0,0,1
U4821,20,39.5,28,15,10,3,4,4,19,4.2,0,0,0,0,1,0,0,0,0
U4822,8,16.8,11,5,2,1,0,2,45,2.3,0,0,0,0,0,0,1,0,1
U4823,26,50.5,32,15,11,4,5,4,11,4.8,0,0,0,0,0,0,0,1,0
U4824,25,46.1,30,16,12,4,6,4,15,3.7,0,0,0,0,0,0,0,1,0
U4825,4,16.7,6,3,2,0,0,2,41,1.9,0,0,1,0,0,0,0,0,1
U4826,12,20.0,13,6,4,1,2,2,39,2.7,1,0,0,0,0,0,0,0,1
U4827,12,22.2,12,7,4,1,1,2,35,2.3,0,1,0,0,0,0,0,0,1
U4828,20,35.8,26,10,6,1,3,3,20,4.1,0,1,0,0,0,0,0,0,0
U4829,21,44.4,28,15,10,3,5,4,9,3.7,1,0,0,0,0,0,0,0,0
U4830,13,25.4,17,7,3,1,1,3,34,3.2,0,0,0,1,0,0,0,0,1
U4831,24,55.3,36,19,15,5,8,4,2,4.3,0,0,0,1,0,0,0,0,0
U4832,14,30.4,23,9,6,1,3,3,31,2.6,0,0,1,0,0,0,0,0,1
U4833,18,29.2,19,11,7,1,3,4,31,3.2,0,0,0,1,0,0,0,0,0
U4834,13,25.5,16,8,3,1,1,3,30,2.9,0,0,1,0,0,0,0,0,1
U4835,24,43.9,32,16,12,4,6,4,12,4.3,0,0,0,0,0,1,0,0,0
U4836,14,25.6,17,6,3,1,1,2,28,3.0,0,0,0,0,0,0,1,0,1
U4837,24,43.9,30,14,9,3,4,4,16,3.7,0,0,0,1,0,0,0,0,0
U4838,16,26.6,21,13,6,2,3,3,25,3.5,0,0,0,1,0,0,0,0,1
U4839,10,23.5,11,8,3,1,1,2,37,2.5,1,0,0,0,0,0,0,0,1
U4840,14,29.2,24,9,5,1,2,3,25,2.9,0,0,0,1,0,0,0,0,1
U4841,9,17.6,15,6,3,1,1,2,32,2.4,0,0,0,0,1,0,0,0,1
U4842,18,41.5,30,14,10,3,4,3,17,3.7,0,0,0,0,0,1,0,0,0
U4843,24,41.3,31,16,12,4,6,4,11,4.1,0,0,0,0,0,1,0,0,0
U4844,23,46.1,29,15,10,3,4,4,15,3.9,0,1,0,0,0,0,0,0,0
U4845,22,38.3,30,13,8,2,3,4,14,3.9,0,1,0,0,0,0,0,0,0
U4846,11,18.9,17,8,4,1,2,2,36,2.4,0,0,0,0,0,0,1,0,1
U4847,15,28.6,21,10,6,2,3,3,28,3.2,0,0,0,0,0,0,1,0,0
U4848,6,11.4,6,3,0,0,1,2,39,2.3,0,1,0,0,0,0,0,0,1
U4849,27,46.8,37,18,12,5,6,5,2,4.8,0,0,0,0,0,0,1,0,0
U4850,11,19.5,18,7,5,1,2,2,31,2.5,0,0,0,1,0,0,0,0,1
U4851,22,40.0,31,15,10,3,4,4,13,4.2,0,0,0,0,1,0,0,0,0
U4852,2,5.9,2,3,2,0,0,1,45,2.1,0,0,0,1,0,0,0,0,1
U4853,14,30.6,19,9,5,1,2,3,25,3.0,0,1,0,0,0,0,0,0,1
U4854,4,9.2,7,4,2,0,1,2,43,2.4,0,1,0,0,0,0,0,0,1
U4855,24,45.5,32,16,12,5,5,4,9,4.1,0,0,0,0,1,0,0,0,0
U4856,13,25.1,17,7,5,1,2,3,31,2.9,0,0,0,0,1,0,0,0,1
U4857,16,35.5,26,14,9,2,5,3,19,3.5,0,0,0,1,0,0,0,0,0
U4858,16,29.1,20,14,8,2,3,4,26,3.5,0,1,0,0,0,0,0,0,0
U4859,6,6.0,8,7,4,1,0,1,44,2.1,0,1,0,0,0,0,0,0,1
U4860,14,23.1,12,8,4,1,1,2,36,2.4,0,0,0,1,0,0,0,0,1
U4861,13,20.1,18,9,4,1,3,2,30,3.2,1,0,0,0,0,0,0,0,0
U4862,3,0.2,2,1,1,0,0,1,47,2.2,1,0,0,0,0,0,0,0,1
U4863,19,34.5,25,12,6,2,2,3,28,3.3,0,0,0,0,1,0,0,0,1
U4864,3,5.9,5,0,0,0,0,1,46,2.1,0,0,0,0,0,1,0,0,1
U4865,19,41.8,27,14,8,3,3,3,17,3.5,0,0,0,0,0,1,0,0,0
U4866,17,30.7,23,13,6,1,2,4,21,3.5,0,0,0,1,0,0,0,0,0
U4867,20,45.2,30,15,9,3,4,4,12,4.1,0,0,0,1,0,0,0,0,0
U4868,2,3.7,7,4,1,0,1,2,55,2.1,1,0,0,0,0,0,0,0,1
U4869,24,50.4,36,21,17,7,8,4,10,4.1,0,0,0,0,0,0,0,1,0
U4870,2,3.4,0,2,0,0,1,1,51,1.6,0,0,0,0,0,1,0,0,1
U4871,18,36.3,23,12,7,2,3,4,16,3.4,0,1,0,0,0,0,0,0,0
U4872,3,7.4,4,1,0,0,1,1,54,2.1,0,0,0,1,0,0,0,0,1
U4873,12,22.2,14,9,4,0,1,3,38,2.9,0,0,0,0,1,0,0,0,0
U4874,4,4.1,3,4,1,0,1,1,41,2.0,0,0,0,0,1,0,0,0,1
U4875,10,16.8,13,5,3,1,0,2,39,2.4,0,0,0,0,0,1,0,0,1
U4876,17,34.3,22,10,6,2,2,4,18,3.6,1,0,0,0,0,0,0,0,1
U4877,18,33.8,24,10,6,1,3,4,20,3.2,1,0,0,0,0,0,0,0,0
U4878,9,20.4,11,6,3,0,1,3,35,2.7,0,1,0,0,0,0,0,0,1
U4879,25,37.1,26,15,11,4,5,4,14,4.2,0,1,0,0,0,0,0,0,0
U4880,4,14.2,6,5,4,0,2,2,40,1.7,1,0,0,0,0,0,0,0,1
U4881,6,5.0,8,3,3,1,0,2,51,1.9,0,1,0,0,0,0,0,0,1
U4882,6,6.4,7,0,0,0,0,2,44,1.9,0,0,0,1,0,0,0,0,1
U4883,15,23.8,20,9,4,1,2,4,27,2.9,1,0,0,0,0,0,0,0,0
U4884,3,6.9,3,2,1,0,0,1,50,2.3,0,0,0,1,0,0,0,0,1
U4885,14,28.2,20,9,4,1,1,3,26,2.6,0,0,0,0,0,0,0,1,0
U4886,19,37.7,28,10,6,2,4,3,21,3.5,1,0,0,0,0,0,0,0,0
U4887,10,25.0,18,8,4,1,1,3,33,3.0,0,0,0,0,0,0,1,0,1
U4888,4,12.7,3,4,2,0,0,1,49,2.1,1,0,0,0,0,0,0,0,1
U4889,23,36.4,28,13,7,3,3,4,19,3.9,0,0,0,0,0,0,1,0,0
U4890,17,29.8,23,11,6,2,2,3,18,3.0,0,0,1,0,0,0,0,0,0
U4891,13,23.3,18,8,5,1,2,3,32,3.2,1,0,0,0,0,0,0,0,1
U4892,8,15.0,18,7,2,1,1,3,41,2.8,0,1,0,0,0,0,0,0,1
U4893,19,33.6,24,11,6,2,2,3,19,3.3,1,0,0,0,0,0,0,0,0
U4894,26,44.4,35,16,12,5,6,5,6,4.1,0,0,0,1,0,0,0,0,0
U4895,13,18.3,15,9,6,2,2,3,37,2.4,0,0,0,0,0,1,0,0,1
U4896,10,9.9,10,6,3,1,1,2,43,1.8,0,0,0,0,1,0,0,0,1
U4897,9,16.7,10,4,1,0,0,2,40,2.8,0,0,0,0,0,1,0,0,1
U4898,13,28.7,19,11,6,1,2,3,24,3.2,0,0,0,0,0,0,1,0,0
U4899,21,41.9,25,12,7,2,3,4,19,3.2,0,0,0,0,0,0,1,0,0
U4900,7,14.4,7,3,0,0,0,2,45,1.6,1,0,0,0,0,0,0,0,1
U4901,15,32.8,16,9,4,1,2,3,28,2.9,0,1,0,0,0,0,0,0,1
U4902,17,27.5,18,8,6,2,2,3,21,3.0,0,0,0,1,0,0,0,0,0
U4903,15,27.5,20,9,6,2,2,3,28,3.2,1,0,0,0,0,0,0,0,1
U4904,19,27.6,22,13,7,2,3,3,25,3.5,0,0,0,0,0,1,0,0,0
U4905,11,21.8,16,6,3,0,1,2,27,2.9,0,1,0,0,0,0,0,0,1
U4906,5,11.7,8,6,3,0,1,2,44,2.2,1,0,0,0,0,0,0,0,1
U4907,6,6.3,6,1,0,0,0,2,41,2.2,1,0,0,0,0,0,0,0,1
U4908,11,15.6,10,7,4,2,1,2,41,2.8,0,0,1,0,0,0,0,0,1
U4909,22,41.9,27,12,7,2,4,4,14,3.8,0,0,0,0,1,0,0,0,0
U4910,6,11.7,9,5,2,0,0,2,42,2.4,0,0,1,0,0,0,0,0,1
U4911,18,26.3,18,9,5,1,2,3,23,2.9,0,0,1,0,0,0,0,0,0
U4912,15,27.8,20,11,7,2,3,3,30,3.2,0,0,0,0,0,1,0,0,1
U4913,27,54.8,34,18,15,5,8,4,5,4.4,0,1,0,0,0,0,0,0,0
U4914,22,43.2,32,16,10,4,4,5,13,4.0,0,1,0,0,0,0,0,0,0
U4915,17,33.6,25,12,6,2,2,4,20,3.4,0,0,0,1,0,0,0,0,0
U4916,9,22.7,11,10,5,1,1,3,35,2.9,0,0,0,0,0,1,0,0,1
U4917,14,28.1,19,9,6,2,2,3,32,2.8,0,0,0,0,1,0,0,0,1
U4918,14,34.1,20,11,6,2,2,3,23,3.0,0,0,0,1,0,0,0,0,0
U4919,8,12.9,9,5,2,0,1,1,38,2.1,0,1,0,0,0,0,0,0,1
U4920,15,25.0,19,10,6,1,2,3,27,2.8,0,1,0,0,0,0,0,0,1
U4921,23,45.0,28,16,11,3,5,4,14,4.0,0,1,0,0,0,0,0,0,0
U4922,4,8.2,4,2,3,1,0,2,47,2.1,1,0,0,0,0,0,0,0,1
U4923,6,10.6,8,3,0,0,0,2,44,2.4,0,1,0,0,0,0,0,0,1
U4924,27,43.8,34,16,12,5,6,5,12,4.2,0,1,0,0,0,0,0,0,0
U4925,22,33.2,27,14,8,3,3,4,19,3.6,0,0,0,0,0,1,0,0,0
U4926,21,33.9,25,11,6,2,2,4,22,3.8,0,0,0,0,0,0,0,1,0
U4927,16,34.7,21,11,8,3,3,3,24,3.2,0,0,0,1,0,0,0,0,0
U4928,6,17.4,9,4,1,0,1,2,50,2.2,0,0,0,0,0,0,0,1,1
U4929,19,34.5,25,12,9,3,3,3,23,3.6,0,0,0,0,0,1,0,0,0
U4930,9,18.9,12,6,2,1,0,3,40,2.7,0,0,0,0,0,0,1,0,1
U4931,18,36.9,25,12,7,2,4,4,14,3.3,1,0,0,0,0,0,0,0,0
U4932,14,24.0,14,6,2,0,0,2,39,3.0,0,1,0,0,0,0,0,0,1
U4933,27,52.3,34,17,13,5,7,4,6,4.3,0,1,0,0,0,0,0,0,0
U4934,4,6.8,9,5,2,0,1,2,44,1.7,0,0,0,1,0,0,0,0,1
U4935,8,10.2,9,7,4,1,1,2,38,2.2,1,0,0,0,0,0,0,0,1
U4936,20,37.8,24,15,11,4,5,4,16,4.0,0,0,0,0,0,1,0,0,0
U4937,12,25.0,17,10,5,1,2,3,26,2.9,0,0,0,1,0,0,0,0,0
U4938,17,26.3,19,11,6,1,2,3,23,3.0,0,0,0,0,1,0,0,0,0
U4939,20,31.9,23,13,7,2,4,4,21,4.0,0,0,0,0,0,0,0,1,0
U4940,18,23.5,20,9,5,2,2,2,31,3.2,0,0,1,0,0,0,0,0,1
U4941,10,26.6,12,8,4,0,2,2,42,2.5,0,0,0,0,0,0,1,0,1
U4942,9,19.0,10,9,5,1,2,3,32,2.7,0,0,0,0,1,0,0,0,1
U4943,4,17.8,12,4,2,0,1,2,40,2.4,0,0,1,0,0,0,0,0,1
U4944,23,38.6,26,16,10,2,5,4,16,4.1,0,0,0,1,0,0,0,0,0
U4945,20,42.5,26,14,9,3,4,4,18,3.7,0,0,0,0,0,0,1,0,0
U4946,7,15.6,13,5,2,0,1,3,40,2.6,0,0,0,0,1,0,0,0,1
U4947,11,21.8,16,7,3,1,0,2,34,3.2,0,0,0,0,0,0,0,1,1
U4948,26,47.4,33,16,10,3,5,5,8,4.0,1,0,0,0,0,0,0,0,0
U4949,16,28.9,16,12,6,2,3,3,21,3.3,0,0,0,0,0,0,1,0,0
U4950,22,38.7,29,15,11,4,5,4,8,4.1,0,0,1,0,0,0,0,0,0
U4951,13,17.4,14,8,4,1,1,2,34,2.6,0,0,0,0,0,1,0,0,1
U4952,20,30.8,26,11,7,2,3,3,20,3.2,0,0,0,0,0,1,0,0,0
U4953,22,36.6,23,13,9,3,3,3,17,3.4,1,0,0,0,0,0,0,0,0
U4954,29,42.9,33,16,12,5,6,4,7,4.3,0,0,0,0,0,0,1,0,0
U4955,7,10.4,7,2,1,1,0,2,47,1.8,1,0,0,0,0,0,0,0,1
U4956,28,56.6,38,20,16,6,9,5,0,4.2,0,0,1,0,0,0,0,0,0
U4957,27,45.6,30,17,12,4,6,4,9,3.9,0,0,0,0,1,0,0,0,0
U4958,18,27.9,22,10,8,2,3,3,27,3.1,0,0,1,0,0,0,0,0,1
U4959,22,41.3,23,12,7,2,4,3,18,3.5,0,1,0,0,0,0,0,0,0
U4960,12,25.8,16,6,3,1,1,3,32,2.6,0,0,0,0,0,0,0,1,1
U4961,19,38.2,25,14,9,2,3,4,18,3.4,0,0,0,0,0,0,0,1,0
U4962,6,11.4,10,4,3,1,1,2,38,2.5,0,0,0,0,0,0,0,1,1
U4963,18,31.3,21,13,7,2,3,3,33,2.9,0,0,0,1,0,0,0,0,0
U4964,16,27.7,24,11,8,2,4,4,25,3.3,0,0,1,0,0,0,0,0,0
U4965,23,37.5,28,16,11,4,5,4,10,4.2,0,0,0,0,1,0,0,0,0
U4966,11,23.8,15,10,5,2,1,3,34,2.8,0,0,0,0,0,0,1,0,1
U4967,6,10.7,11,3,2,1,0,1,41,2.8,0,0,0,0,0,0,1,0,1
U4968,27,42.3,36,18,14,5,7,5,9,4.4,0,0,0,0,0,0,1,0,0
U4969,19,35.7,23,13,7,2,2,3,22,3.4,0,0,0,0,0,0,0,1,0
U4970,15,29.4,19,8,4,1,2,3,31,2.8,0,0,0,0,0,0,1,0,1
U4971,14,31.8,19,9,5,1,3,3,17,3.4,0,0,0,0,0,1,0,0,0
U4972,24,43.1,32,14,10,4,5,5,11,4.2,0,0,1,0,0,0,0,0,0
U4973,13,18.6,19,8,5,0,2,3,35,3.1,0,0,0,0,1,0,0,0,0
U4974,12,25.5,17,10,5,1,2,3,35,2.8,1,0,0,0,0,0,0,0,1
U4975,15,27.6,23,10,7,2,3,3,32,3.1,0,0,0,0,0,0,0,1,0
U4976,16,28.3,21,12,6,2,2,3,28,3.0,0,0,0,0,0,0,1,0,0
U4977,17,24.6,21,10,5,2,2,3,24,3.2,0,1,0,0,0,0,0,0,1
U4978,27,53.1,34,17,12,5,6,4,10,4.4,0,0,0,1,0,0,0,0,0
U4979,22,35.4,25,15,11,4,5,4,16,3.6,0,0,1,0,0,0,0,0,0
U4980,12,15.0,11,9,4,1,2,2,36,2.6,0,1,0,0,0,0,0,0,1
U4981,8,19.7,11,5,2,1,1,2,43,2.3,0,1,0,0,0,0,0,0,1
U4982,9,17.0,10,5,3,0,1,2,38,2.6,0,0,0,0,1,0,0,0,1
U4983,23,39.3,25,12,8,3,4,4,18,3.5,1,0,0,0,0,0,0,0,0
U4984,11,27.1,20,9,6,1,2,3,27,2.9,0,0,0,0,1,0,0,0,0
U4985,12,23.1,18,12,6,2,1,3,35,2.4,0,1,0,0,0,0,0,0,1
U4986,23,41.2,30,14,11,4,4,4,15,3.8,0,0,0,0,0,0,0,1,0
U4987,27,39.5,28,14,10,4,5,4,10,4.1,0,0,0,0,0,0,1,0,0
U4988,1,0.0,3,1,0,0,0,1,54,1.9,0,0,0,0,0,0,1,0,1
U4989,5,10.7,8,6,3,1,2,1,38,2.4,0,0,1,0,0,0,0,0,1
U4990,16,34.2,23,12,8,2,3,3,18,3.5,1,0,0,0,0,0,0,0,0
U4991,9,19.8,15,6,3,1,1,2,34,3.0,0,0,0,0,0,0,1,0,1
U4992,13,24.8,17,12,4,1,0,3,35,3.4,0,0,0,0,1,0,0,0,1
U4993,11,21.2,15,8,4,1,1,3,33,2.7,0,0,0,0,0,0,0,1,0
U4994,20,37.4,29,16,9,3,5,4,15,3.8,0,0,1,0,0,0,0,0,0
U4995,22,42.0,31,14,10,3,5,4,17,3.8,0,0,0,1,0,0,0,0,0
U4996,15,28.0,17,12,6,2,2,3,29,2.9,0,0,0,0,0,1,0,0,1
U4997,18,31.1,23,13,8,2,4,3,19,3.3,0,0,0,0,0,0,1,0,0
U4998,13,19.9,16,9,3,1,0,3,38,3.0,1,0,0,0,0,0,0,0,1
U4999,10,16.9,12,4,2,1,1,2,41,2.7,0,0,0,0,0,0,0,1,1
U5000,15,31.7,23,11,7,2,3,3,21,3.1,0,1,0,0,0,0,0,0,0
